<?xml version="1.0" encoding="utf-16"?>
<ArrayOfSessionVariable xmlns:xsd="http://www.w3.org/2001/XMLSchema" xmlns:xsi="http://www.w3.org/2001/XMLSchema-instance">
  <SessionVariable>
    <Identity>
      <Name>SESSION_ID</Name>
      <Id>161F8F818093437482D2886B7B6756BB</Id>
      <AutomaticallyPopulate>true</AutomaticallyPopulate>
    </Identity>
    <Description>The current Session Identifer.</Description>
    <Value />
    <IsLocalizable>false</IsLocalizable>
    <Category>
      <Id>201F370CA5164F76ADDD8EEEFF666AF7</Id>
      <AutomaticallyPopulate>true</AutomaticallyPopulate>
      <Name>Default Category</Name>
      <Description />
    </Category>
    <LastModifiedDateTime>2021-05-10T11:26:22</LastModifiedDateTime>
    <IsSecure>false</IsSecure>
  </SessionVariable>
  <SessionVariable>
    <Identity>
      <Name>RESOURCE_ID</Name>
      <Id>3FE35DDD709A422588F9C8FE908C6393</Id>
      <AutomaticallyPopulate>true</AutomaticallyPopulate>
    </Identity>
    <Description>The current Resource Identifer.</Description>
    <Value />
    <IsLocalizable>false</IsLocalizable>
    <Category>
      <Id>201F370CA5164F76ADDD8EEEFF666AF7</Id>
      <AutomaticallyPopulate>true</AutomaticallyPopulate>
      <Name>Default Category</Name>
      <Description />
    </Category>
    <LastModifiedDateTime>2022-12-02T21:12:52.377</LastModifiedDateTime>
    <IsSecure>false</IsSecure>
  </SessionVariable>
  <SessionVariable>
    <Identity>
      <Name>RESOURCE_NAME</Name>
      <Id>E6C90ACEAF974035B52AFE50012F84D6</Id>
      <AutomaticallyPopulate>true</AutomaticallyPopulate>
    </Identity>
    <Description>The current Resource Name.</Description>
    <Value />
    <IsLocalizable>false</IsLocalizable>
    <Category>
      <Id>201F370CA5164F76ADDD8EEEFF666AF7</Id>
      <AutomaticallyPopulate>true</AutomaticallyPopulate>
      <Name>Default Category</Name>
      <Description />
    </Category>
    <LastModifiedDateTime>2022-12-02T21:12:52.38</LastModifiedDateTime>
    <IsSecure>false</IsSecure>
  </SessionVariable>
  <SessionVariable>
    <Identity>
      <Name>WORKQUEUE_FORM</Name>
      <Id>1E70BD400456422DBFA431767DC6CB0F</Id>
      <AutomaticallyPopulate>true</AutomaticallyPopulate>
    </Identity>
    <Description>The Workqueue Form.</Description>
    <Value />
    <IsLocalizable>false</IsLocalizable>
    <Category>
      <Id>201F370CA5164F76ADDD8EEEFF666AF7</Id>
      <AutomaticallyPopulate>true</AutomaticallyPopulate>
      <Name>Default Category</Name>
      <Description />
    </Category>
    <LastModifiedDateTime>2021-05-10T11:26:22</LastModifiedDateTime>
    <IsSecure>false</IsSecure>
  </SessionVariable>
  <SessionVariable>
    <Identity>
      <Name>EPC</Name>
      <Id>5E0F01E4914A48D08009FFC40C130EFF</Id>
      <AutomaticallyPopulate>true</AutomaticallyPopulate>
    </Identity>
    <Description>The EPC.</Description>
    <Value />
    <IsLocalizable>false</IsLocalizable>
    <Category>
      <Id>201F370CA5164F76ADDD8EEEFF666AF7</Id>
      <AutomaticallyPopulate>true</AutomaticallyPopulate>
      <Name>Default Category</Name>
      <Description />
    </Category>
    <LastModifiedDateTime>2018-07-27T09:47:05.64</LastModifiedDateTime>
    <IsSecure>false</IsSecure>
  </SessionVariable>
  <SessionVariable>
    <Identity>
      <Name>JOB_ID</Name>
      <Id>8A1DD88A21124A98A51B5679DE7FDCB4</Id>
      <AutomaticallyPopulate>true</AutomaticallyPopulate>
    </Identity>
    <Description>The Job ID.</Description>
    <Value />
    <IsLocalizable>false</IsLocalizable>
    <Category>
      <Id>201F370CA5164F76ADDD8EEEFF666AF7</Id>
      <AutomaticallyPopulate>true</AutomaticallyPopulate>
      <Name>Default Category</Name>
      <Description />
    </Category>
    <LastModifiedDateTime>2018-07-27T09:47:05.64</LastModifiedDateTime>
    <IsSecure>false</IsSecure>
  </SessionVariable>
  <SessionVariable>
    <Identity>
      <Name>NODE_ID</Name>
      <Id>AFBE96EA665E4F16A2FDA88044A23D0A</Id>
      <AutomaticallyPopulate>true</AutomaticallyPopulate>
    </Identity>
    <Description>The Node ID.</Description>
    <Value />
    <IsLocalizable>false</IsLocalizable>
    <Category>
      <Id>201F370CA5164F76ADDD8EEEFF666AF7</Id>
      <AutomaticallyPopulate>true</AutomaticallyPopulate>
      <Name>Default Category</Name>
      <Description />
    </Category>
    <LastModifiedDateTime>2018-07-27T09:47:05.64</LastModifiedDateTime>
    <IsSecure>false</IsSecure>
  </SessionVariable>
</ArrayOfSessionVariable>