<?xml version="1.0" encoding="utf-16"?>
<ArrayOfWorkQueueDefinition xmlns:xsd="http://www.w3.org/2001/XMLSchema" xmlns:xsi="http://www.w3.org/2001/XMLSchema-instance">
  <WorkQueueDefinition>
    <Identity>
      <Id>FB0E854E0B684A3686BE0C2EFEEC5AE0</Id>
      <AutomaticallyPopulate>true</AutomaticallyPopulate>
      <Name>RAI</Name>
      <LastModifiedOn>0001-01-01T00:00:00</LastModifiedOn>
    </Identity>
    <Id>FB0E854E0B684A3686BE0C2EFEEC5AE0</Id>
    <Name>RAI</Name>
    <CategoryIdentity>
      <Id>206FAD6AB6D2445DB99411432EDF54D4</Id>
      <AutomaticallyPopulate>true</AutomaticallyPopulate>
      <Name>Resistant.ai</Name>
      <Description />
    </CategoryIdentity>
    <Fields>
      <WorkQueueDefinitionField>
        <Name>SUBMISSIONID</Name>
        <Position>1</Position>
        <DisplayName>Submission ID</DisplayName>
        <FieldType>String</FieldType>
        <DefaultValue xsi:type="xsd:string" />
        <Scope>0</Scope>
      </WorkQueueDefinitionField>
      <WorkQueueDefinitionField>
        <Name>STATUS</Name>
        <Position>2</Position>
        <DisplayName>Status</DisplayName>
        <FieldType>String</FieldType>
        <DefaultValue xsi:type="xsd:string" />
        <Scope>0</Scope>
      </WorkQueueDefinitionField>
      <WorkQueueDefinitionField>
        <Name>TRUSTSCORE</Name>
        <Position>3</Position>
        <DisplayName>Trust Score</DisplayName>
        <FieldType>String</FieldType>
        <DefaultValue xsi:type="xsd:string" />
        <Scope>0</Scope>
      </WorkQueueDefinitionField>
      <WorkQueueDefinitionField>
        <Name>ANALYZEDON</Name>
        <Position>4</Position>
        <DisplayName>Analyzed On</DisplayName>
        <FieldType>NullableDate</FieldType>
        <DefaultValue xsi:type="xsd:string" />
        <Scope>0</Scope>
      </WorkQueueDefinitionField>
      <WorkQueueDefinitionField>
        <Name>SUBMISSIONSUSPENDEDSTATUS</Name>
        <Position>5</Position>
        <DisplayName>SubmissionSuspendedStatus</DisplayName>
        <FieldType>String</FieldType>
        <DefaultValue xsi:type="xsd:string" />
        <Scope>0</Scope>
      </WorkQueueDefinitionField>
      <WorkQueueDefinitionField>
        <Name>ATTEMPCOUNT</Name>
        <Position>6</Position>
        <DisplayName>AttempCount</DisplayName>
        <FieldType>Long</FieldType>
        <DefaultValue xsi:type="xsd:string">0</DefaultValue>
        <Scope>0</Scope>
      </WorkQueueDefinitionField>
    </Fields>
    <Metadata />
    <LastModifiedOn>2025-05-01T17:02:48.06</LastModifiedOn>
    <ResourceAccessTokens>
      <ResourceAccess>
        <ResourceIdentity>
          <Id>7DF43CCDF24611D2804B00104B71BD15</Id>
          <AutomaticallyPopulate>true</AutomaticallyPopulate>
          <Name>Everyone</Name>
          <ResourceType>GroupOfWorkers</ResourceType>
          <EmailAddress />
          <UserId />
          <ManagerialLevel>0</ManagerialLevel>
        </ResourceIdentity>
        <AccessType>MaintenanceAccess</AccessType>
        <PermissionType>FullControl</PermissionType>
      </ResourceAccess>
    </ResourceAccessTokens>
    <ResourcePermissionType>FullControl</ResourcePermissionType>
  </WorkQueueDefinition>
</ArrayOfWorkQueueDefinition>