<?xml version="1.0" encoding="utf-16"?>
<ArrayOfNavigationMenu xmlns:xsd="http://www.w3.org/2001/XMLSchema" xmlns:xsi="http://www.w3.org/2001/XMLSchema-instance">
  <NavigationMenu>
    <Identity>
      <Id>B0AA433698FCFA709DA9B460E647A2A1</Id>
      <Name>rai-navigation</Name>
      <LastModifiedDate>2024-08-29T21:50:18.253</LastModifiedDate>
    </Identity>
    <Category>
      <Id>A08C5B14E0A64A3DB33CE9AB312D2D18</Id>
      <AutomaticallyPopulate>true</AutomaticallyPopulate>
      <Name />
      <Description />
    </Category>
    <Name>rai-navigation</Name>
    <Control>
      <Id>7</Id>
    </Control>
    <LastModifiedUser>
      <Id />
      <AutomaticallyPopulate>false</AutomaticallyPopulate>
      <ResourceType>Worker</ResourceType>
      <EmailAddress />
      <UserId />
      <ManagerialLevel>0</ManagerialLevel>
    </LastModifiedUser>
    <LastModifiedDate>2024-08-29T21:50:18.253</LastModifiedDate>
    <InternalModifiedDate>2024-08-29T21:50:18.253</InternalModifiedDate>
    <NavigationData>
      <properties>
        <controlid>0</controlid>
        <controlidspecified>false</controlidspecified>
        <itemwidth>145</itemwidth>
        <itemheight>40</itemheight>
        <stylesource>0</stylesource>
      </properties>
      <treenode>
        <id>B0AA433698FCFA709DA9B460E647A2A1</id>
        <name>rai-navigation</name>
        <target>SameWindow</target>
        <ismodal>false</ismodal>
        <sectionbreak>false</sectionbreak>
        <image />
        <solutionform />
        <externalform />
        <accesskey />
        <width>800</width>
        <height>500</height>
        <accesslist>
          <defaultallowall>false</defaultallowall>
        </accesslist>
        <nodes>
          <id>A1F74219851BC72F6F340DC6E3DC6ED9</id>
          <name>Home</name>
          <target>SameWindow</target>
          <ismodal>false</ismodal>
          <sectionbreak>false</sectionbreak>
          <image />
          <solutionform>rai-home</solutionform>
          <formid>B027A27EA4DA49AA9FC99A9802C87142</formid>
          <externalform />
          <accesskey />
          <width>800</width>
          <height>500</height>
          <accesslist>
            <defaultallowall>false</defaultallowall>
          </accesslist>
          <parent>
            <Id>B0AA433698FCFA709DA9B460E647A2A1</Id>
            <Name>rai-navigation</Name>
            <LastModifiedDate>2024-08-27T02:56:20.262+00:00</LastModifiedDate>
          </parent>
          <loadtype>EntireForm</loadtype>
          <refreshcontent>true</refreshcontent>
          <InsightIdentity>
            <Name />
            <Url />
            <ItemType>View</ItemType>
          </InsightIdentity>
          <LoadImageFromStore>false</LoadImageFromStore>
        </nodes>
        <nodes>
          <id>EA985CA36D9EBD3E5E78A3C43F6F56B7</id>
          <name>New Request</name>
          <target>SameWindow</target>
          <ismodal>false</ismodal>
          <sectionbreak>false</sectionbreak>
          <image />
          <solutionform>rai-newrequest</solutionform>
          <formid>30CC4F8764F14CC3BF6868A58D7E7999</formid>
          <externalform />
          <accesskey />
          <width>800</width>
          <height>500</height>
          <accesslist>
            <defaultallowall>false</defaultallowall>
          </accesslist>
          <parent>
            <Id>B0AA433698FCFA709DA9B460E647A2A1</Id>
            <Name>RAI-Navigation</Name>
            <LastModifiedDate>2024-08-27T00:07:17.918+00:00</LastModifiedDate>
          </parent>
          <loadtype>EntireForm</loadtype>
          <refreshcontent>true</refreshcontent>
          <InsightIdentity>
            <Name />
            <Url />
            <ItemType>View</ItemType>
          </InsightIdentity>
          <LoadImageFromStore>false</LoadImageFromStore>
        </nodes>
        <nodes>
          <id>5AA6587A5ED081F72FE820CD1A5981D3</id>
          <name>Work Queue</name>
          <target>SameWindow</target>
          <ismodal>false</ismodal>
          <sectionbreak>false</sectionbreak>
          <image />
          <solutionform>rai-workqueue</solutionform>
          <formid>1317643364974AEF9319E09B1D1473FF</formid>
          <externalform />
          <accesskey />
          <width>800</width>
          <height>500</height>
          <accesslist>
            <defaultallowall>false</defaultallowall>
          </accesslist>
          <parent>
            <Id>B0AA433698FCFA709DA9B460E647A2A1</Id>
            <Name>RAI-Navigation</Name>
            <LastModifiedDate>2024-08-27T00:07:17.918+00:00</LastModifiedDate>
          </parent>
          <loadtype>EntireForm</loadtype>
          <refreshcontent>true</refreshcontent>
          <InsightIdentity>
            <Name />
            <Url />
            <ItemType>View</ItemType>
          </InsightIdentity>
          <LoadImageFromStore>false</LoadImageFromStore>
        </nodes>
        <nodes>
          <id>B1174FE7B150FAB53962A8CFB04C2B52</id>
          <name>Settings</name>
          <target>SameWindow</target>
          <ismodal>false</ismodal>
          <sectionbreak>false</sectionbreak>
          <image />
          <solutionform />
          <formid />
          <externalform>findjobs.form</externalform>
          <accesskey />
          <width>800</width>
          <height>500</height>
          <accesslist>
            <defaultallowall>false</defaultallowall>
          </accesslist>
          <parent>
            <Id>B0AA433698FCFA709DA9B460E647A2A1</Id>
            <Name>rai-navigation</Name>
            <LastModifiedDate>2024-08-27T03:05:51.704+00:00</LastModifiedDate>
          </parent>
          <loadtype>EntireForm</loadtype>
          <refreshcontent>true</refreshcontent>
          <InsightIdentity>
            <ItemType>View</ItemType>
          </InsightIdentity>
          <LoadImageFromStore>false</LoadImageFromStore>
        </nodes>
        <loadtype>EntireForm</loadtype>
        <refreshcontent>true</refreshcontent>
        <InsightIdentity>
          <Name />
          <Url />
          <ItemType>View</ItemType>
        </InsightIdentity>
        <LoadImageFromStore>false</LoadImageFromStore>
      </treenode>
      <StringMappings>
        <ControlID>B0AA433698FCFA709DA9B460E647A2A1</ControlID>
        <StringId>365835F3AEAE4BEBA9E6A2C82953D822</StringId>
      </StringMappings>
      <StringMappings>
        <ControlID>A1F74219851BC72F6F340DC6E3DC6ED9</ControlID>
        <StringId>F1F21879D89847BDA50E8E24122A260F</StringId>
      </StringMappings>
      <StringMappings>
        <ControlID>EA985CA36D9EBD3E5E78A3C43F6F56B7</ControlID>
        <StringId>25AA489FB4CC4E019E76C0F567373AC7</StringId>
      </StringMappings>
      <StringMappings>
        <ControlID>5AA6587A5ED081F72FE820CD1A5981D3</ControlID>
        <StringId>7D33F5F781E1444691B5B880EFF3CB29</StringId>
      </StringMappings>
      <StringMappings>
        <ControlID>B1174FE7B150FAB53962A8CFB04C2B52</ControlID>
        <StringId>1743A05CFA814D36918D269644B4AB8D</StringId>
      </StringMappings>
    </NavigationData>
    <StringMappings>
      <StringMappingEntity>
        <ControlID>B0AA433698FCFA709DA9B460E647A2A1</ControlID>
        <StringId>365835F3AEAE4BEBA9E6A2C82953D822</StringId>
      </StringMappingEntity>
      <StringMappingEntity>
        <ControlID>A1F74219851BC72F6F340DC6E3DC6ED9</ControlID>
        <StringId>F1F21879D89847BDA50E8E24122A260F</StringId>
      </StringMappingEntity>
      <StringMappingEntity>
        <ControlID>EA985CA36D9EBD3E5E78A3C43F6F56B7</ControlID>
        <StringId>25AA489FB4CC4E019E76C0F567373AC7</StringId>
      </StringMappingEntity>
      <StringMappingEntity>
        <ControlID>5AA6587A5ED081F72FE820CD1A5981D3</ControlID>
        <StringId>7D33F5F781E1444691B5B880EFF3CB29</StringId>
      </StringMappingEntity>
      <StringMappingEntity>
        <ControlID>B1174FE7B150FAB53962A8CFB04C2B52</ControlID>
        <StringId>1743A05CFA814D36918D269644B4AB8D</StringId>
      </StringMappingEntity>
    </StringMappings>
    <ConfiguredLanguages />
    <LocalisedStringCollection />
  </NavigationMenu>
</ArrayOfNavigationMenu>