<?xml version="1.0" encoding="utf-16"?>
<ArrayOfWorkQueueDefinition xmlns:xsd="http://www.w3.org/2001/XMLSchema" xmlns:xsi="http://www.w3.org/2001/XMLSchema-instance">
  <WorkQueueDefinition>
    <Identity>
      <Id>B0DC1C17A2B4465FB6FA4490C20E7B75</Id>
      <AutomaticallyPopulate>true</AutomaticallyPopulate>
      <Name>RAI</Name>
      <LastModifiedOn>0001-01-01T00:00:00</LastModifiedOn>
    </Identity>
    <Id>B0DC1C17A2B4465FB6FA4490C20E7B75</Id>
    <Name>RAI</Name>
    <CategoryIdentity>
      <Id>A08C5B14E0A64A3DB33CE9AB312D2D18</Id>
      <AutomaticallyPopulate>true</AutomaticallyPopulate>
      <Name>Resistant.ai</Name>
      <Description />
    </CategoryIdentity>
    <Fields>
      <WorkQueueDefinitionField>
        <Name>SUBMISSIONID</Name>
        <Position>1</Position>
        <DisplayName>Submission ID</DisplayName>
        <FieldType>String</FieldType>
        <DefaultValue xsi:type="xsd:string" />
        <Scope>0</Scope>
      </WorkQueueDefinitionField>
      <WorkQueueDefinitionField>
        <Name>STATUS</Name>
        <Position>2</Position>
        <DisplayName>Status</DisplayName>
        <FieldType>String</FieldType>
        <DefaultValue xsi:type="xsd:string" />
        <Scope>0</Scope>
      </WorkQueueDefinitionField>
      <WorkQueueDefinitionField>
        <Name>TRUSTSCORE</Name>
        <Position>3</Position>
        <DisplayName>Trust Score</DisplayName>
        <FieldType>String</FieldType>
        <DefaultValue xsi:type="xsd:string" />
        <Scope>0</Scope>
      </WorkQueueDefinitionField>
      <WorkQueueDefinitionField>
        <Name>ANALYZEDON</Name>
        <Position>4</Position>
        <DisplayName>Analyzed on</DisplayName>
        <FieldType>NullableDate</FieldType>
        <DefaultValue xsi:type="xsd:string" />
        <Scope>0</Scope>
      </WorkQueueDefinitionField>
    </Fields>
    <Metadata />
    <LastModifiedOn>2024-08-27T03:35:26.167</LastModifiedOn>
    <ResourceAccessTokens>
      <ResourceAccess>
        <ResourceIdentity>
          <Id>7DF43CCDF24611D2804B00104B71BD15</Id>
          <AutomaticallyPopulate>true</AutomaticallyPopulate>
          <Name>Everyone</Name>
          <ResourceType>GroupOfWorkers</ResourceType>
          <EmailAddress />
          <UserId />
          <ManagerialLevel>0</ManagerialLevel>
        </ResourceIdentity>
        <AccessType>MaintenanceAccess</AccessType>
        <PermissionType>FullControl</PermissionType>
      </ResourceAccess>
    </ResourceAccessTokens>
    <ResourcePermissionType>FullControl</ResourcePermissionType>
  </WorkQueueDefinition>
</ArrayOfWorkQueueDefinition>