<?xml version="1.0" encoding="utf-16"?>
<ArrayOfTheme xmlns:xsd="http://www.w3.org/2001/XMLSchema" xmlns:xsi="http://www.w3.org/2001/XMLSchema-instance">
  <Theme>
    <ThemeIdentity>
      <Id>E2892F864235645CB20DF48C87D7D339</Id>
      <AutomaticallyPopulate>true</AutomaticallyPopulate>
      <Name>ResistantAI</Name>
    </ThemeIdentity>
    <CategoryIdentity>
      <Id>A08C5B14E0A64A3DB33CE9AB312D2D18</Id>
      <AutomaticallyPopulate>true</AutomaticallyPopulate>
      <Name>Resistant.ai</Name>
      <Description />
    </CategoryIdentity>
    <Description>Workspace style to demonstrate Resistant AI Connector and Integration with TotalAgility</Description>
    <DefaultFont>Verdana</DefaultFont>
    <DefaultFontSize>11</DefaultFontSize>
    <DefaultFontBold>false</DefaultFontBold>
    <DefaultFontItalics>false</DefaultFontItalics>
    <DefaultFontStrike>false</DefaultFontStrike>
    <DefaultFontULine>false</DefaultFontULine>
    <DefaultBackColour>#FFFFFFFF</DefaultBackColour>
    <DefaultForeColour>#FF000000</DefaultForeColour>
    <DefaultAssociatedStyleSheetLocation>ResistantAI.css</DefaultAssociatedStyleSheetLocation>
    <DefaultCheckBoxStyle />
    <DefaultDropDownStyle />
    <DefaultHRuleStyle>HorizontalRule</DefaultHRuleStyle>
    <DefaultLabelStyle />
    <DefaultHyperlinkStyle />
    <DefaultRadioButtonStyle />
    <DefaultTabDefaultStyle />
    <DefaultTabHoverStyle />
    <DefaultTabSelectedStyle />
    <DefaultTableAlternateRowStyle />
    <DefaultTableFrameStyle />
    <DefaultTableHeaderStyle />
    <DefaultTableSelectedRowStyle />
    <DefaultTableTableRowStyle />
    <DefaultTableBackgroundColorStyle />
    <DefaultTextBoxStyle />
    <DefaultButtonStyle>DefaultButton</DefaultButtonStyle>
    <DefaultCalendarStyle />
    <LastModifiedUser>
      <Id />
      <AutomaticallyPopulate>false</AutomaticallyPopulate>
      <ResourceType>Worker</ResourceType>
      <EmailAddress />
      <UserId />
      <ManagerialLevel>0</ManagerialLevel>
    </LastModifiedUser>
    <LastModifiedDate>2024-08-27T09:04:30.29</LastModifiedDate>
    <DefaultMenuDefaultStyle />
    <DefaultMenuHoverStyle />
    <DefaultHeaderStyle />
    <DefaultFooterStyle />
    <DefaultContentStyle />
    <DefaultHeaderOrFooterStyle />
    <DefaultListRowStyle />
    <DefaultListAlternateRowStyle />
    <DefaultListSelectedRowStyle />
    <DefaultImageButtonStyle />
    <DefaultCalendarButtonStyle />
    <DefaultTableButtonStyle />
    <DefaultPickerButtonStyle />
    <DefaultCellHeaderStyle />
    <DefaultPanelStatusBarStyle />
    <DefaultPanelErrorStyle />
    <DefaultCaptureConfirmedStyle />
    <DefaultCaptureNotConfirmedStyle />
    <DefaultTreeSelectedNodeStyle />
    <DefaultTreeMultipleSelectNodeStyle />
    <DefaultCCMGeneral />
    <DefaultCCMGroupHeader />
    <DefaultFileUploadButtonStyle />
    <DefaultCellStyle>WorkspaceCell</DefaultCellStyle>
    <DefaultH1Style />
    <DefaultH2Style />
    <DefaultH3Style />
    <DefaultH4Style />
    <DefaultH5Style />
    <DefaultH6Style />
    <DesktopSenchaTheme>TotalAgilityWorkspace</DesktopSenchaTheme>
    <TouchSenchaTheme>TotalAgilityWorkspace</TouchSenchaTheme>
    <DefaultToolBarButtonStyle />
    <OverrideStyle>false</OverrideStyle>
    <DefaultPrimaryButtonStyle>SubmitButton</DefaultPrimaryButtonStyle>
    <DefaultTooltipStyle />
    <DefaultVerticalMenuStyle>SecondaryMenu</DefaultVerticalMenuStyle>
    <DefaultVerticalMenuHoverStyle />
    <DisplayRightToLeft>false</DisplayRightToLeft>
    <DefaultSuccessButtonStyle>ApproveButton</DefaultSuccessButtonStyle>
    <DefaultAlertButtonStyle>RejectButton</DefaultAlertButtonStyle>
  </Theme>
</ArrayOfTheme>