<?xml version="1.0" encoding="utf-16"?>
<ArrayOfJobSchedule xmlns:xsd="http://www.w3.org/2001/XMLSchema" xmlns:xsi="http://www.w3.org/2001/XMLSchema-instance">
  <JobSchedule>
    <Identity>
      <Id>0</Id>
      <ScheduleId>D4B812B736D8484AAF1DB176580D3034</ScheduleId>
      <AutomaticallyPopulate>true</AutomaticallyPopulate>
      <Name>Resistant Restart Scheduler             </Name>
      <ScheduleType>JobSchedule</ScheduleType>
    </Identity>
    <Category>
      <Id>A08C5B14E0A64A3DB33CE9AB312D2D18</Id>
      <AutomaticallyPopulate>true</AutomaticallyPopulate>
      <Name />
      <Description />
    </Category>
    <BusinessProcessId>C292B93CCBEA0A4B7684049BA6C40BC7</BusinessProcessId>
    <BusinessProcessName>Resistant Restarter</BusinessProcessName>
    <TimeSpanInMins>15</TimeSpanInMins>
    <NoOfOccurs>-1</NoOfOccurs>
    <NoOfOccursProcessed>0</NoOfOccursProcessed>
    <NoOfJobsToCreate>1</NoOfJobsToCreate>
    <NextDueDate>2025-05-12T20:40:00</NextDueDate>
    <UseStartByDate>true</UseStartByDate>
    <StartByDate>2025-04-30T20:40:00</StartByDate>
    <UseEndByDate>true</UseEndByDate>
    <EndByDate>2025-05-30T17:00:22</EndByDate>
    <SetTime>0001-01-01T00:00:00</SetTime>
    <InitParameters>
      <Variable>
        <VariableType>String</VariableType>
        <Value xsi:type="xsd:string">RAI</Value>
        <Identity>
          <Id>WORKTYPENAME</Id>
          <Version>0</Version>
          <OwnerId />
          <DisplayName>WorktypeName</DisplayName>
          <Name />
        </Identity>
        <Dynamic>false</Dynamic>
        <VariableToUse>
          <Id />
          <Version>0</Version>
          <OwnerId />
          <DisplayName />
          <Name />
        </VariableToUse>
        <UseInSkin>false</UseInSkin>
        <Found>false</Found>
        <IsSecure>false</IsSecure>
        <VariableScope>Process</VariableScope>
        <IsDateExpression>false</IsDateExpression>
        <DerivedExpression />
        <ErrorCodeMappingType>Static</ErrorCodeMappingType>
        <VariableDisplayProperties>
          <VariableIdentity>
            <Id />
            <Version>0</Version>
            <OwnerId />
            <DisplayName />
            <Name />
          </VariableIdentity>
          <StringVariableDisplayProperties>
            <VariableControlType>Singleline</VariableControlType>
            <MaxNumberOfCharacters>0</MaxNumberOfCharacters>
            <LookupIdentity />
            <StaticData />
            <Mandatory>false</Mandatory>
          </StringVariableDisplayProperties>
          <MinDate xsi:nil="true" />
          <MaxDate xsi:nil="true" />
          <DecimalPrecision>0</DecimalPrecision>
          <ShowTime>false</ShowTime>
        </VariableDisplayProperties>
        <VariableAccessScope>Public</VariableAccessScope>
        <IsResourceExpression>false</IsResourceExpression>
        <IsDataObjectField>false</IsDataObjectField>
        <IsDataObjectFieldOfTypeObject>false</IsDataObjectFieldOfTypeObject>
        <BaseVariableType>Empty</BaseVariableType>
        <BaseVariableId />
      </Variable>
      <Variable>
        <VariableType>String</VariableType>
        <Value xsi:type="xsd:string">RAI-DocRequest-LoadTesting</Value>
        <Identity>
          <Id>PROCESSNAME</Id>
          <Version>0</Version>
          <OwnerId />
          <DisplayName>ProcessName</DisplayName>
          <Name />
        </Identity>
        <Dynamic>false</Dynamic>
        <VariableToUse>
          <Id />
          <Version>0</Version>
          <OwnerId />
          <DisplayName />
          <Name />
        </VariableToUse>
        <UseInSkin>false</UseInSkin>
        <Found>false</Found>
        <IsSecure>false</IsSecure>
        <VariableScope>Process</VariableScope>
        <IsDateExpression>false</IsDateExpression>
        <DerivedExpression />
        <ErrorCodeMappingType>Static</ErrorCodeMappingType>
        <VariableDisplayProperties>
          <VariableIdentity>
            <Id />
            <Version>0</Version>
            <OwnerId />
            <DisplayName />
            <Name />
          </VariableIdentity>
          <StringVariableDisplayProperties>
            <VariableControlType>Singleline</VariableControlType>
            <MaxNumberOfCharacters>0</MaxNumberOfCharacters>
            <LookupIdentity />
            <StaticData />
            <Mandatory>false</Mandatory>
          </StringVariableDisplayProperties>
          <MinDate xsi:nil="true" />
          <MaxDate xsi:nil="true" />
          <DecimalPrecision>0</DecimalPrecision>
          <ShowTime>false</ShowTime>
        </VariableDisplayProperties>
        <VariableAccessScope>Public</VariableAccessScope>
        <IsResourceExpression>false</IsResourceExpression>
        <IsDataObjectField>false</IsDataObjectField>
        <IsDataObjectFieldOfTypeObject>false</IsDataObjectFieldOfTypeObject>
        <BaseVariableType>Empty</BaseVariableType>
        <BaseVariableId />
      </Variable>
      <Variable>
        <VariableType>String</VariableType>
        <Value xsi:type="xsd:string">Resistant Call</Value>
        <Identity>
          <Id>RRESISTANTACTIVITYNAME</Id>
          <Version>0</Version>
          <OwnerId />
          <DisplayName>RresistantActivityName</DisplayName>
          <Name />
        </Identity>
        <Dynamic>false</Dynamic>
        <VariableToUse>
          <Id />
          <Version>0</Version>
          <OwnerId />
          <DisplayName />
          <Name />
        </VariableToUse>
        <UseInSkin>false</UseInSkin>
        <Found>false</Found>
        <IsSecure>false</IsSecure>
        <VariableScope>Process</VariableScope>
        <IsDateExpression>false</IsDateExpression>
        <DerivedExpression />
        <ErrorCodeMappingType>Static</ErrorCodeMappingType>
        <VariableDisplayProperties>
          <VariableIdentity>
            <Id />
            <Version>0</Version>
            <OwnerId />
            <DisplayName />
            <Name />
          </VariableIdentity>
          <StringVariableDisplayProperties>
            <VariableControlType>Singleline</VariableControlType>
            <MaxNumberOfCharacters>0</MaxNumberOfCharacters>
            <LookupIdentity />
            <StaticData />
            <Mandatory>false</Mandatory>
          </StringVariableDisplayProperties>
          <MinDate xsi:nil="true" />
          <MaxDate xsi:nil="true" />
          <DecimalPrecision>0</DecimalPrecision>
          <ShowTime>false</ShowTime>
        </VariableDisplayProperties>
        <VariableAccessScope>Public</VariableAccessScope>
        <IsResourceExpression>false</IsResourceExpression>
        <IsDataObjectField>false</IsDataObjectField>
        <IsDataObjectFieldOfTypeObject>false</IsDataObjectFieldOfTypeObject>
        <BaseVariableType>Empty</BaseVariableType>
        <BaseVariableId />
      </Variable>
    </InitParameters>
    <Monthly>0</Monthly>
    <UseWeekdays>true</UseWeekdays>
    <DaysOfWeek>252</DaysOfWeek>
    <OneActiveAtTime>false</OneActiveAtTime>
    <ScheduleActive>true</ScheduleActive>
    <UseBusinessCalendar>false</UseBusinessCalendar>
    <LastModifiedDate>2025-04-30T20:37:04.057</LastModifiedDate>
    <LockedBy>
      <Id>8C300D3F0B2F4A308FA0D9A5F3AC421C</Id>
      <AutomaticallyPopulate>true</AutomaticallyPopulate>
      <Name />
      <ResourceType>Worker</ResourceType>
      <EmailAddress />
      <UserId />
      <ManagerialLevel>0</ManagerialLevel>
    </LockedBy>
    <LastModifiedUser>D4B812B736D8484AAF1DB176580D3034</LastModifiedUser>
    <ScheduleSettings>
      <DeploymentScheduleSettings>
        <RollbackOnFailure>false</RollbackOnFailure>
        <NotifyOnSuccess>false</NotifyOnSuccess>
        <TimeoutPeriodInMinutes>0</TimeoutPeriodInMinutes>
      </DeploymentScheduleSettings>
    </ScheduleSettings>
  </JobSchedule>
</ArrayOfJobSchedule>