<?xml version="1.0" encoding="utf-16"?>
<ArrayOfVariable xmlns:xsd="http://www.w3.org/2001/XMLSchema" xmlns:xsi="http://www.w3.org/2001/XMLSchema-instance">
  <Variable>
    <VariableType>String</VariableType>
    <Value xsi:type="xsd:string" />
    <Identity>
      <Id>RAICLIENTID</Id>
      <Version>0</Version>
      <OwnerId />
      <DisplayName>RAI-CLIENT-ID</DisplayName>
      <Name />
    </Identity>
    <Dynamic>false</Dynamic>
    <Category>
      <Id>206FAD6AB6D2445DB99411432EDF54D4</Id>
      <AutomaticallyPopulate>true</AutomaticallyPopulate>
      <Name />
      <Description />
    </Category>
    <Grouping>
      <Identity>
        <Id>4FEE4E069417475DAC5D2C2E5C95CA49</Id>
      </Identity>
      <Variables />
    </Grouping>
    <UseInSkin>false</UseInSkin>
    <Found>false</Found>
    <IsSecure>false</IsSecure>
    <VariableScope>Process</VariableScope>
    <IsDateExpression>false</IsDateExpression>
    <DerivedExpression />
    <ErrorCodeMappingType>Static</ErrorCodeMappingType>
    <VariableDisplayProperties>
      <VariableIdentity>
        <Id />
        <Version>0</Version>
        <OwnerId />
        <DisplayName />
        <Name />
      </VariableIdentity>
      <StringVariableDisplayProperties>
        <VariableControlType>Singleline</VariableControlType>
        <MaxNumberOfCharacters>0</MaxNumberOfCharacters>
        <LookupIdentity />
        <StaticData />
        <Mandatory>false</Mandatory>
      </StringVariableDisplayProperties>
      <MinDate xsi:nil="true" />
      <MaxDate xsi:nil="true" />
      <DecimalPrecision>0</DecimalPrecision>
      <ShowTime>false</ShowTime>
    </VariableDisplayProperties>
    <VariableAccessScope>Public</VariableAccessScope>
    <IsResourceExpression>false</IsResourceExpression>
    <IsDataObjectField>false</IsDataObjectField>
    <IsDataObjectFieldOfTypeObject>false</IsDataObjectFieldOfTypeObject>
    <BaseVariableType>String</BaseVariableType>
    <BaseVariableId />
  </Variable>
  <Variable>
    <VariableType>String</VariableType>
    <Value xsi:type="xsd:string" />
    <Identity>
      <Id>RAICLIENTSECRET</Id>
      <Version>0</Version>
      <OwnerId />
      <DisplayName>RAI-CLIENT-SECRET</DisplayName>
      <Name />
    </Identity>
    <Dynamic>false</Dynamic>
    <Category>
      <Id>206FAD6AB6D2445DB99411432EDF54D4</Id>
      <AutomaticallyPopulate>true</AutomaticallyPopulate>
      <Name />
      <Description />
    </Category>
    <Grouping>
      <Identity>
        <Id>4FEE4E069417475DAC5D2C2E5C95CA49</Id>
      </Identity>
      <Variables />
    </Grouping>
    <UseInSkin>false</UseInSkin>
    <Found>false</Found>
    <IsSecure>false</IsSecure>
    <VariableScope>Process</VariableScope>
    <IsDateExpression>false</IsDateExpression>
    <DerivedExpression />
    <ErrorCodeMappingType>Static</ErrorCodeMappingType>
    <VariableDisplayProperties>
      <VariableIdentity>
        <Id />
        <Version>0</Version>
        <OwnerId />
        <DisplayName />
        <Name />
      </VariableIdentity>
      <StringVariableDisplayProperties>
        <VariableControlType>Singleline</VariableControlType>
        <MaxNumberOfCharacters>0</MaxNumberOfCharacters>
        <LookupIdentity />
        <StaticData />
        <Mandatory>false</Mandatory>
      </StringVariableDisplayProperties>
      <MinDate xsi:nil="true" />
      <MaxDate xsi:nil="true" />
      <DecimalPrecision>0</DecimalPrecision>
      <ShowTime>false</ShowTime>
    </VariableDisplayProperties>
    <VariableAccessScope>Public</VariableAccessScope>
    <IsResourceExpression>false</IsResourceExpression>
    <IsDataObjectField>false</IsDataObjectField>
    <IsDataObjectFieldOfTypeObject>false</IsDataObjectFieldOfTypeObject>
    <BaseVariableType>String</BaseVariableType>
    <BaseVariableId />
  </Variable>
  <Variable>
    <VariableType>String</VariableType>
    <Value xsi:type="xsd:string" />
    <Identity>
      <Id>RAIURLAPI</Id>
      <Version>0</Version>
      <OwnerId />
      <DisplayName>RAI-URL-API</DisplayName>
      <Name />
    </Identity>
    <Dynamic>false</Dynamic>
    <Category>
      <Id>206FAD6AB6D2445DB99411432EDF54D4</Id>
      <AutomaticallyPopulate>true</AutomaticallyPopulate>
      <Name />
      <Description />
    </Category>
    <Grouping>
      <Identity>
        <Id>4FEE4E069417475DAC5D2C2E5C95CA49</Id>
      </Identity>
      <Variables />
    </Grouping>
    <UseInSkin>false</UseInSkin>
    <Found>false</Found>
    <IsSecure>false</IsSecure>
    <VariableScope>Process</VariableScope>
    <IsDateExpression>false</IsDateExpression>
    <DerivedExpression />
    <ErrorCodeMappingType>Static</ErrorCodeMappingType>
    <VariableDisplayProperties>
      <VariableIdentity>
        <Id />
        <Version>0</Version>
        <OwnerId />
        <DisplayName />
        <Name />
      </VariableIdentity>
      <StringVariableDisplayProperties>
        <VariableControlType>Singleline</VariableControlType>
        <MaxNumberOfCharacters>0</MaxNumberOfCharacters>
        <LookupIdentity />
        <StaticData />
        <Mandatory>false</Mandatory>
      </StringVariableDisplayProperties>
      <MinDate xsi:nil="true" />
      <MaxDate xsi:nil="true" />
      <DecimalPrecision>0</DecimalPrecision>
      <ShowTime>false</ShowTime>
    </VariableDisplayProperties>
    <VariableAccessScope>Public</VariableAccessScope>
    <IsResourceExpression>false</IsResourceExpression>
    <IsDataObjectField>false</IsDataObjectField>
    <IsDataObjectFieldOfTypeObject>false</IsDataObjectFieldOfTypeObject>
    <BaseVariableType>String</BaseVariableType>
    <BaseVariableId />
  </Variable>
  <Variable>
    <VariableType>String</VariableType>
    <Value xsi:type="xsd:string" />
    <Identity>
      <Id>RAIURLTOKEN</Id>
      <Version>0</Version>
      <OwnerId />
      <DisplayName>RAI-URL-TOKEN</DisplayName>
      <Name />
    </Identity>
    <Dynamic>false</Dynamic>
    <Category>
      <Id>206FAD6AB6D2445DB99411432EDF54D4</Id>
      <AutomaticallyPopulate>true</AutomaticallyPopulate>
      <Name />
      <Description />
    </Category>
    <Grouping>
      <Identity>
        <Id>4FEE4E069417475DAC5D2C2E5C95CA49</Id>
      </Identity>
      <Variables />
    </Grouping>
    <UseInSkin>false</UseInSkin>
    <Found>false</Found>
    <IsSecure>false</IsSecure>
    <VariableScope>Process</VariableScope>
    <IsDateExpression>false</IsDateExpression>
    <DerivedExpression />
    <ErrorCodeMappingType>Static</ErrorCodeMappingType>
    <VariableDisplayProperties>
      <VariableIdentity>
        <Id />
        <Version>0</Version>
        <OwnerId />
        <DisplayName />
        <Name />
      </VariableIdentity>
      <StringVariableDisplayProperties>
        <VariableControlType>Singleline</VariableControlType>
        <MaxNumberOfCharacters>0</MaxNumberOfCharacters>
        <LookupIdentity />
        <StaticData />
        <Mandatory>false</Mandatory>
      </StringVariableDisplayProperties>
      <MinDate xsi:nil="true" />
      <MaxDate xsi:nil="true" />
      <DecimalPrecision>0</DecimalPrecision>
      <ShowTime>false</ShowTime>
    </VariableDisplayProperties>
    <VariableAccessScope>Public</VariableAccessScope>
    <IsResourceExpression>false</IsResourceExpression>
    <IsDataObjectField>false</IsDataObjectField>
    <IsDataObjectFieldOfTypeObject>false</IsDataObjectFieldOfTypeObject>
    <BaseVariableType>String</BaseVariableType>
    <BaseVariableId />
  </Variable>
  <Variable>
    <VariableType>System</VariableType>
    <Value xsi:type="xsd:string" />
    <Identity>
      <Id>SPP_SYSTEM_SESSION_ID</Id>
      <Version>0</Version>
      <OwnerId />
      <DisplayName>SPP_SYSTEM_SESSION_ID</DisplayName>
      <Name />
    </Identity>
    <Dynamic>true</Dynamic>
    <Category>
      <Id>FBCB88103B4D414FAE8E38058F46CCF4</Id>
      <AutomaticallyPopulate>true</AutomaticallyPopulate>
      <Name />
      <Description />
    </Category>
    <Grouping>
      <Identity>
        <Id>4FEE4E069417475DAC5D2C2E5C95CA49</Id>
      </Identity>
      <Variables />
    </Grouping>
    <UseInSkin>false</UseInSkin>
    <Found>false</Found>
    <IsSecure>false</IsSecure>
    <VariableScope>Process</VariableScope>
    <IsDateExpression>false</IsDateExpression>
    <DerivedExpression />
    <ErrorCodeMappingType>Static</ErrorCodeMappingType>
    <VariableDisplayProperties>
      <VariableIdentity>
        <Id />
        <Version>0</Version>
        <OwnerId />
        <DisplayName />
        <Name />
      </VariableIdentity>
      <StringVariableDisplayProperties>
        <VariableControlType>Singleline</VariableControlType>
        <MaxNumberOfCharacters>0</MaxNumberOfCharacters>
        <LookupIdentity />
        <StaticData />
        <Mandatory>false</Mandatory>
      </StringVariableDisplayProperties>
      <MinDate xsi:nil="true" />
      <MaxDate xsi:nil="true" />
      <DecimalPrecision>0</DecimalPrecision>
      <ShowTime>false</ShowTime>
    </VariableDisplayProperties>
    <VariableAccessScope>Public</VariableAccessScope>
    <IsResourceExpression>false</IsResourceExpression>
    <IsDataObjectField>false</IsDataObjectField>
    <IsDataObjectFieldOfTypeObject>false</IsDataObjectFieldOfTypeObject>
    <BaseVariableType>System</BaseVariableType>
    <BaseVariableId />
  </Variable>
  <Variable>
    <VariableType>String</VariableType>
    <Value xsi:type="xsd:string">http://us01vmgtm01.kofax.com/TotalAgility/Services/Sdk</Value>
    <Identity>
      <Id>TASDKURL</Id>
      <Version>0</Version>
      <OwnerId />
      <DisplayName>TA-SDK-URL</DisplayName>
      <Name />
    </Identity>
    <Dynamic>false</Dynamic>
    <Category>
      <Id>201F370CA5164F76ADDD8EEEFF666AF7</Id>
      <AutomaticallyPopulate>true</AutomaticallyPopulate>
      <Name />
      <Description />
    </Category>
    <Grouping>
      <Identity>
        <Id>4FEE4E069417475DAC5D2C2E5C95CA49</Id>
      </Identity>
      <Variables />
    </Grouping>
    <UseInSkin>false</UseInSkin>
    <Found>false</Found>
    <IsSecure>false</IsSecure>
    <VariableScope>Process</VariableScope>
    <IsDateExpression>false</IsDateExpression>
    <DerivedExpression />
    <ErrorCodeMappingType>Static</ErrorCodeMappingType>
    <VariableDisplayProperties>
      <VariableIdentity>
        <Id />
        <Version>0</Version>
        <OwnerId />
        <DisplayName />
        <Name />
      </VariableIdentity>
      <StringVariableDisplayProperties>
        <VariableControlType>Singleline</VariableControlType>
        <MaxNumberOfCharacters>0</MaxNumberOfCharacters>
        <LookupIdentity />
        <StaticData />
        <Mandatory>false</Mandatory>
      </StringVariableDisplayProperties>
      <MinDate xsi:nil="true" />
      <MaxDate xsi:nil="true" />
      <DecimalPrecision>0</DecimalPrecision>
      <ShowTime>false</ShowTime>
    </VariableDisplayProperties>
    <VariableAccessScope>Public</VariableAccessScope>
    <IsResourceExpression>false</IsResourceExpression>
    <IsDataObjectField>false</IsDataObjectField>
    <IsDataObjectFieldOfTypeObject>false</IsDataObjectFieldOfTypeObject>
    <BaseVariableType>String</BaseVariableType>
    <BaseVariableId />
  </Variable>
  <Variable>
    <VariableType>String</VariableType>
    <Value xsi:type="xsd:string" />
    <Identity>
      <Id>RAIURLVIEWER</Id>
      <Version>0</Version>
      <OwnerId />
      <DisplayName>RAI-URL-VIEWER</DisplayName>
      <Name />
    </Identity>
    <Dynamic>false</Dynamic>
    <Category>
      <Id>206FAD6AB6D2445DB99411432EDF54D4</Id>
      <AutomaticallyPopulate>true</AutomaticallyPopulate>
      <Name />
      <Description />
    </Category>
    <Grouping>
      <Identity>
        <Id>4FEE4E069417475DAC5D2C2E5C95CA49</Id>
      </Identity>
      <Variables />
    </Grouping>
    <UseInSkin>false</UseInSkin>
    <Found>false</Found>
    <IsSecure>false</IsSecure>
    <VariableScope>Process</VariableScope>
    <IsDateExpression>false</IsDateExpression>
    <DerivedExpression />
    <ErrorCodeMappingType>Static</ErrorCodeMappingType>
    <VariableDisplayProperties>
      <VariableIdentity>
        <Id />
        <Version>0</Version>
        <OwnerId />
        <DisplayName />
        <Name />
      </VariableIdentity>
      <StringVariableDisplayProperties>
        <VariableControlType>Singleline</VariableControlType>
        <MaxNumberOfCharacters>0</MaxNumberOfCharacters>
        <LookupIdentity />
        <StaticData />
        <Mandatory>false</Mandatory>
      </StringVariableDisplayProperties>
      <MinDate xsi:nil="true" />
      <MaxDate xsi:nil="true" />
      <DecimalPrecision>0</DecimalPrecision>
      <ShowTime>false</ShowTime>
    </VariableDisplayProperties>
    <VariableAccessScope>Public</VariableAccessScope>
    <IsResourceExpression>false</IsResourceExpression>
    <IsDataObjectField>false</IsDataObjectField>
    <IsDataObjectFieldOfTypeObject>false</IsDataObjectFieldOfTypeObject>
    <BaseVariableType>String</BaseVariableType>
    <BaseVariableId />
  </Variable>
  <Variable>
    <VariableType>String</VariableType>
    <Value xsi:type="xsd:string">content_hiding</Value>
    <Identity>
      <Id>RAIANALYSISCATEGORY</Id>
      <Version>0</Version>
      <OwnerId />
      <DisplayName>RAI-ANALYSIS-CATEGORY</DisplayName>
      <Name />
    </Identity>
    <Dynamic>false</Dynamic>
    <Category>
      <Id>206FAD6AB6D2445DB99411432EDF54D4</Id>
      <AutomaticallyPopulate>true</AutomaticallyPopulate>
      <Name />
      <Description />
    </Category>
    <Grouping>
      <Identity>
        <Id>4FEE4E069417475DAC5D2C2E5C95CA49</Id>
      </Identity>
      <Variables />
    </Grouping>
    <UseInSkin>false</UseInSkin>
    <Found>false</Found>
    <IsSecure>false</IsSecure>
    <VariableScope>Process</VariableScope>
    <IsDateExpression>false</IsDateExpression>
    <DerivedExpression />
    <ErrorCodeMappingType>Static</ErrorCodeMappingType>
    <VariableDisplayProperties>
      <VariableIdentity>
        <Id />
        <Version>0</Version>
        <OwnerId />
        <DisplayName />
        <Name />
      </VariableIdentity>
      <StringVariableDisplayProperties>
        <VariableControlType>Singleline</VariableControlType>
        <MaxNumberOfCharacters>0</MaxNumberOfCharacters>
        <LookupIdentity />
        <StaticData />
        <Mandatory>false</Mandatory>
      </StringVariableDisplayProperties>
      <MinDate xsi:nil="true" />
      <MaxDate xsi:nil="true" />
      <DecimalPrecision>0</DecimalPrecision>
      <ShowTime>false</ShowTime>
    </VariableDisplayProperties>
    <VariableAccessScope>Public</VariableAccessScope>
    <IsResourceExpression>false</IsResourceExpression>
    <IsDataObjectField>false</IsDataObjectField>
    <IsDataObjectFieldOfTypeObject>false</IsDataObjectFieldOfTypeObject>
    <BaseVariableType>String</BaseVariableType>
    <BaseVariableId />
  </Variable>
  <Variable>
    <VariableType>Long</VariableType>
    <Value xsi:type="xsd:int">10</Value>
    <Identity>
      <Id>RAIRETRYMAXATTEMPTS</Id>
      <Version>0</Version>
      <OwnerId />
      <DisplayName>RAI-Retry-Max-Attempts</DisplayName>
      <Name />
    </Identity>
    <Dynamic>false</Dynamic>
    <Category>
      <Id>206FAD6AB6D2445DB99411432EDF54D4</Id>
      <AutomaticallyPopulate>true</AutomaticallyPopulate>
      <Name />
      <Description />
    </Category>
    <Grouping>
      <Identity>
        <Id>4FEE4E069417475DAC5D2C2E5C95CA49</Id>
      </Identity>
      <Variables />
    </Grouping>
    <UseInSkin>false</UseInSkin>
    <Found>false</Found>
    <IsSecure>false</IsSecure>
    <VariableScope>Process</VariableScope>
    <IsDateExpression>false</IsDateExpression>
    <DerivedExpression />
    <ErrorCodeMappingType>Static</ErrorCodeMappingType>
    <VariableDisplayProperties>
      <VariableIdentity>
        <Id />
        <Version>0</Version>
        <OwnerId />
        <DisplayName />
        <Name />
      </VariableIdentity>
      <StringVariableDisplayProperties>
        <VariableControlType>Singleline</VariableControlType>
        <MaxNumberOfCharacters>0</MaxNumberOfCharacters>
        <LookupIdentity />
        <StaticData />
        <Mandatory>false</Mandatory>
      </StringVariableDisplayProperties>
      <MinDate xsi:nil="true" />
      <MaxDate xsi:nil="true" />
      <DecimalPrecision>0</DecimalPrecision>
      <ShowTime>false</ShowTime>
    </VariableDisplayProperties>
    <VariableAccessScope>Public</VariableAccessScope>
    <IsResourceExpression>false</IsResourceExpression>
    <IsDataObjectField>false</IsDataObjectField>
    <IsDataObjectFieldOfTypeObject>false</IsDataObjectFieldOfTypeObject>
    <BaseVariableType>Long</BaseVariableType>
    <BaseVariableId />
  </Variable>
</ArrayOfVariable>