<?xml version="1.0" encoding="utf-16"?>
<ArrayOfDataModel xmlns:xsd="http://www.w3.org/2001/XMLSchema" xmlns:xsi="http://www.w3.org/2001/XMLSchema-instance">
  <DataModel>
    <Identity>
      <Id>54D5328782CABC461077F5A184476DA0</Id>
      <Version>1</Version>
      <Name>RAI-FRAUD-RESULT-v2.0.0b</Name>
    </Identity>
    <Category>
      <Id>A08C5B14E0A64A3DB33CE9AB312D2D18</Id>
      <AutomaticallyPopulate>true</AutomaticallyPopulate>
      <Name />
      <Description />
    </Category>
    <Data>
      <Fields>
        <DataModelField>
          <Identity>
            <Id>93E61A914588AC235A915290730441DB</Id>
            <Name>status</Name>
            <DisplayName>Status</DisplayName>
          </Identity>
          <Type>Text</Type>
          <DefaultValue xsi:type="xsd:string" />
          <SubFields />
          <IsUnnamed>false</IsUnnamed>
          <Scope>Public</Scope>
          <DecimalPrecision>0</DecimalPrecision>
          <FieldDisplayProperties>
            <VariableIdentity>
              <Id>93E61A914588AC235A915290730441DB</Id>
              <Version>0</Version>
              <OwnerId />
              <DisplayName />
              <Name />
            </VariableIdentity>
            <StringVariableDisplayProperties>
              <VariableControlType>Singleline</VariableControlType>
              <MaxNumberOfCharacters>10000</MaxNumberOfCharacters>
              <LookupIdentity />
              <StaticData />
              <Mandatory>false</Mandatory>
            </StringVariableDisplayProperties>
            <MinDate xsi:nil="true" />
            <MaxDate xsi:nil="true" />
            <DecimalPrecision>0</DecimalPrecision>
            <ShowTime>false</ShowTime>
          </FieldDisplayProperties>
          <IsDefaultValueNull>false</IsDefaultValueNull>
        </DataModelField>
        <DataModelField>
          <Identity>
            <Id>A6EEEE1366CC8D40D3491E661F154E32</Id>
            <Name>analysis_time</Name>
            <DisplayName>Fraud Analyzed performed on</DisplayName>
          </Identity>
          <Type>Date</Type>
          <SubFields />
          <IsUnnamed>false</IsUnnamed>
          <Scope>Public</Scope>
          <DecimalPrecision>0</DecimalPrecision>
          <FieldDisplayProperties>
            <VariableIdentity>
              <Id>A6EEEE1366CC8D40D3491E661F154E32</Id>
              <Version>0</Version>
              <OwnerId />
              <DisplayName />
              <Name />
            </VariableIdentity>
            <StringVariableDisplayProperties>
              <VariableControlType>Singleline</VariableControlType>
              <MaxNumberOfCharacters>0</MaxNumberOfCharacters>
              <LookupIdentity />
              <StaticData />
              <Mandatory>false</Mandatory>
            </StringVariableDisplayProperties>
            <MinDate xsi:nil="true" />
            <MaxDate xsi:nil="true" />
            <DecimalPrecision>0</DecimalPrecision>
            <ShowTime>false</ShowTime>
          </FieldDisplayProperties>
          <IsDefaultValueNull>true</IsDefaultValueNull>
        </DataModelField>
        <DataModelField>
          <Identity>
            <Id>943F8F03D48C160761A0FCCF6D14E9EE</Id>
            <Name>deployment_version</Name>
            <DisplayName>Deployment Version</DisplayName>
          </Identity>
          <Type>Text</Type>
          <DefaultValue xsi:type="xsd:string" />
          <SubFields />
          <IsUnnamed>false</IsUnnamed>
          <Scope>Public</Scope>
          <DecimalPrecision>0</DecimalPrecision>
          <FieldDisplayProperties>
            <VariableIdentity>
              <Id>943F8F03D48C160761A0FCCF6D14E9EE</Id>
              <Version>0</Version>
              <OwnerId />
              <DisplayName />
              <Name />
            </VariableIdentity>
            <StringVariableDisplayProperties>
              <VariableControlType>Singleline</VariableControlType>
              <MaxNumberOfCharacters>10000</MaxNumberOfCharacters>
              <LookupIdentity />
              <StaticData />
              <Mandatory>false</Mandatory>
            </StringVariableDisplayProperties>
            <MinDate xsi:nil="true" />
            <MaxDate xsi:nil="true" />
            <DecimalPrecision>0</DecimalPrecision>
            <ShowTime>false</ShowTime>
          </FieldDisplayProperties>
          <IsDefaultValueNull>false</IsDefaultValueNull>
        </DataModelField>
        <DataModelField>
          <Identity>
            <Id>329F0AAD6B4E09AC22E683D158E7FBD1</Id>
            <Name>query_id</Name>
            <DisplayName>Query ID</DisplayName>
          </Identity>
          <Type>Text</Type>
          <DefaultValue xsi:type="xsd:string" />
          <SubFields />
          <IsUnnamed>false</IsUnnamed>
          <Scope>Public</Scope>
          <DecimalPrecision>0</DecimalPrecision>
          <FieldDisplayProperties>
            <VariableIdentity>
              <Id>329F0AAD6B4E09AC22E683D158E7FBD1</Id>
              <Version>0</Version>
              <OwnerId />
              <DisplayName />
              <Name />
            </VariableIdentity>
            <StringVariableDisplayProperties>
              <VariableControlType>Singleline</VariableControlType>
              <MaxNumberOfCharacters>10000</MaxNumberOfCharacters>
              <LookupIdentity />
              <StaticData />
              <Mandatory>false</Mandatory>
            </StringVariableDisplayProperties>
            <MinDate xsi:nil="true" />
            <MaxDate xsi:nil="true" />
            <DecimalPrecision>0</DecimalPrecision>
            <ShowTime>false</ShowTime>
          </FieldDisplayProperties>
          <IsDefaultValueNull>false</IsDefaultValueNull>
        </DataModelField>
        <DataModelField>
          <Identity>
            <Id>763153C931EE60B1C7D13101F1EB97AD</Id>
            <Name>file_type</Name>
            <DisplayName>File Type</DisplayName>
          </Identity>
          <Type>Text</Type>
          <DefaultValue xsi:type="xsd:string" />
          <SubFields />
          <IsUnnamed>false</IsUnnamed>
          <Scope>Public</Scope>
          <DecimalPrecision>0</DecimalPrecision>
          <FieldDisplayProperties>
            <VariableIdentity>
              <Id>763153C931EE60B1C7D13101F1EB97AD</Id>
              <Version>0</Version>
              <OwnerId />
              <DisplayName />
              <Name />
            </VariableIdentity>
            <StringVariableDisplayProperties>
              <VariableControlType>Singleline</VariableControlType>
              <MaxNumberOfCharacters>10000</MaxNumberOfCharacters>
              <LookupIdentity />
              <StaticData />
              <Mandatory>false</Mandatory>
            </StringVariableDisplayProperties>
            <MinDate xsi:nil="true" />
            <MaxDate xsi:nil="true" />
            <DecimalPrecision>0</DecimalPrecision>
            <ShowTime>false</ShowTime>
          </FieldDisplayProperties>
          <IsDefaultValueNull>false</IsDefaultValueNull>
        </DataModelField>
        <DataModelField>
          <Identity>
            <Id>492B7E3899298383A6ECCB7798D2422B</Id>
            <Name>mime_type</Name>
            <DisplayName>Mime Type</DisplayName>
          </Identity>
          <Type>Text</Type>
          <DefaultValue xsi:type="xsd:string" />
          <SubFields />
          <IsUnnamed>false</IsUnnamed>
          <Scope>Public</Scope>
          <DecimalPrecision>0</DecimalPrecision>
          <FieldDisplayProperties>
            <VariableIdentity>
              <Id>492B7E3899298383A6ECCB7798D2422B</Id>
              <Version>0</Version>
              <OwnerId />
              <DisplayName />
              <Name />
            </VariableIdentity>
            <StringVariableDisplayProperties>
              <VariableControlType>Singleline</VariableControlType>
              <MaxNumberOfCharacters>10000</MaxNumberOfCharacters>
              <LookupIdentity />
              <StaticData />
              <Mandatory>false</Mandatory>
            </StringVariableDisplayProperties>
            <MinDate xsi:nil="true" />
            <MaxDate xsi:nil="true" />
            <DecimalPrecision>0</DecimalPrecision>
            <ShowTime>false</ShowTime>
          </FieldDisplayProperties>
          <IsDefaultValueNull>false</IsDefaultValueNull>
        </DataModelField>
        <DataModelField>
          <Identity>
            <Id>F59D4A406747E0CFFC44FBE2144F70C8</Id>
            <Name>sha256</Name>
            <DisplayName>SHA Algorithm</DisplayName>
          </Identity>
          <Type>Text</Type>
          <DefaultValue xsi:type="xsd:string" />
          <SubFields />
          <IsUnnamed>false</IsUnnamed>
          <Scope>Public</Scope>
          <DecimalPrecision>0</DecimalPrecision>
          <FieldDisplayProperties>
            <VariableIdentity>
              <Id>F59D4A406747E0CFFC44FBE2144F70C8</Id>
              <Version>0</Version>
              <OwnerId />
              <DisplayName />
              <Name />
            </VariableIdentity>
            <StringVariableDisplayProperties>
              <VariableControlType>Singleline</VariableControlType>
              <MaxNumberOfCharacters>10000</MaxNumberOfCharacters>
              <LookupIdentity />
              <StaticData />
              <Mandatory>false</Mandatory>
            </StringVariableDisplayProperties>
            <MinDate xsi:nil="true" />
            <MaxDate xsi:nil="true" />
            <DecimalPrecision>0</DecimalPrecision>
            <ShowTime>false</ShowTime>
          </FieldDisplayProperties>
          <IsDefaultValueNull>false</IsDefaultValueNull>
        </DataModelField>
        <DataModelField>
          <Identity>
            <Id>3EDBBF21930BB59C70FBF4767EF92B7A</Id>
            <Name>score</Name>
            <DisplayName>Trust Score</DisplayName>
          </Identity>
          <Type>Text</Type>
          <DefaultValue xsi:type="xsd:string" />
          <SubFields />
          <IsUnnamed>false</IsUnnamed>
          <Scope>Public</Scope>
          <DecimalPrecision>0</DecimalPrecision>
          <FieldDisplayProperties>
            <VariableIdentity>
              <Id>3EDBBF21930BB59C70FBF4767EF92B7A</Id>
              <Version>0</Version>
              <OwnerId />
              <DisplayName />
              <Name />
            </VariableIdentity>
            <StringVariableDisplayProperties>
              <VariableControlType>Singleline</VariableControlType>
              <MaxNumberOfCharacters>10000</MaxNumberOfCharacters>
              <LookupIdentity />
              <StaticData />
              <Mandatory>false</Mandatory>
            </StringVariableDisplayProperties>
            <MinDate xsi:nil="true" />
            <MaxDate xsi:nil="true" />
            <DecimalPrecision>0</DecimalPrecision>
            <ShowTime>false</ShowTime>
          </FieldDisplayProperties>
          <IsDefaultValueNull>false</IsDefaultValueNull>
        </DataModelField>
        <DataModelField>
          <Identity>
            <Id>11455B8CDE228C25691997956F342266</Id>
            <Name>sample_metadata</Name>
            <DisplayName>sample_metadata</DisplayName>
          </Identity>
          <Type>Object</Type>
          <SubFields>
            <DataModelField>
              <Identity>
                <Id>CCDB6BC064FF79B5B1BA880B04CCA513</Id>
                <Name>producer</Name>
                <DisplayName>producer</DisplayName>
              </Identity>
              <Type>Object</Type>
              <SubFields />
              <IsUnnamed>false</IsUnnamed>
              <Scope>Public</Scope>
              <DecimalPrecision>0</DecimalPrecision>
              <IsDefaultValueNull>false</IsDefaultValueNull>
            </DataModelField>
            <DataModelField>
              <Identity>
                <Id>2D52B0A3B6D1A3DE940EE77316B52A2C</Id>
                <Name>creator</Name>
                <DisplayName>creator</DisplayName>
              </Identity>
              <Type>Text</Type>
              <DefaultValue xsi:type="xsd:string" />
              <SubFields />
              <IsUnnamed>false</IsUnnamed>
              <Scope>Public</Scope>
              <DecimalPrecision>0</DecimalPrecision>
              <FieldDisplayProperties>
                <VariableIdentity>
                  <Id>2D52B0A3B6D1A3DE940EE77316B52A2C</Id>
                  <Version>0</Version>
                  <OwnerId />
                  <DisplayName />
                  <Name />
                </VariableIdentity>
                <StringVariableDisplayProperties>
                  <VariableControlType>Singleline</VariableControlType>
                  <MaxNumberOfCharacters>10000</MaxNumberOfCharacters>
                  <LookupIdentity />
                  <StaticData />
                  <Mandatory>false</Mandatory>
                </StringVariableDisplayProperties>
                <MinDate xsi:nil="true" />
                <MaxDate xsi:nil="true" />
                <DecimalPrecision>0</DecimalPrecision>
                <ShowTime>false</ShowTime>
              </FieldDisplayProperties>
              <IsDefaultValueNull>false</IsDefaultValueNull>
            </DataModelField>
            <DataModelField>
              <Identity>
                <Id>D3CAD2791F46C0BD723414C5083B5335</Id>
                <Name>creation_date</Name>
                <DisplayName>File Creation Date</DisplayName>
              </Identity>
              <Type>Date</Type>
              <SubFields />
              <IsUnnamed>false</IsUnnamed>
              <Scope>Public</Scope>
              <DecimalPrecision>0</DecimalPrecision>
              <FieldDisplayProperties>
                <VariableIdentity>
                  <Id>D3CAD2791F46C0BD723414C5083B5335</Id>
                  <Version>0</Version>
                  <OwnerId />
                  <DisplayName />
                  <Name />
                </VariableIdentity>
                <StringVariableDisplayProperties>
                  <VariableControlType>Singleline</VariableControlType>
                  <MaxNumberOfCharacters>0</MaxNumberOfCharacters>
                  <LookupIdentity />
                  <StaticData />
                  <Mandatory>false</Mandatory>
                </StringVariableDisplayProperties>
                <MinDate xsi:nil="true" />
                <MaxDate xsi:nil="true" />
                <DecimalPrecision>0</DecimalPrecision>
                <ShowTime>false</ShowTime>
              </FieldDisplayProperties>
              <IsDefaultValueNull>true</IsDefaultValueNull>
            </DataModelField>
            <DataModelField>
              <Identity>
                <Id>8850C537E6912EFD0F63E0DB239FF424</Id>
                <Name>mod_date</Name>
                <DisplayName>Last Modified</DisplayName>
              </Identity>
              <Type>Date</Type>
              <SubFields />
              <IsUnnamed>false</IsUnnamed>
              <Scope>Public</Scope>
              <DecimalPrecision>0</DecimalPrecision>
              <FieldDisplayProperties>
                <VariableIdentity>
                  <Id>8850C537E6912EFD0F63E0DB239FF424</Id>
                  <Version>0</Version>
                  <OwnerId />
                  <DisplayName />
                  <Name />
                </VariableIdentity>
                <StringVariableDisplayProperties>
                  <VariableControlType>Singleline</VariableControlType>
                  <MaxNumberOfCharacters>0</MaxNumberOfCharacters>
                  <LookupIdentity />
                  <StaticData />
                  <Mandatory>false</Mandatory>
                </StringVariableDisplayProperties>
                <MinDate xsi:nil="true" />
                <MaxDate xsi:nil="true" />
                <DecimalPrecision>0</DecimalPrecision>
                <ShowTime>false</ShowTime>
              </FieldDisplayProperties>
              <IsDefaultValueNull>true</IsDefaultValueNull>
            </DataModelField>
            <DataModelField>
              <Identity>
                <Id>0D6E2DF6F31F5E60EC7D3B7D1C34D232</Id>
                <Name>author</Name>
                <DisplayName>author</DisplayName>
              </Identity>
              <Type>Object</Type>
              <SubFields />
              <IsUnnamed>false</IsUnnamed>
              <Scope>Public</Scope>
              <DecimalPrecision>0</DecimalPrecision>
              <IsDefaultValueNull>false</IsDefaultValueNull>
            </DataModelField>
            <DataModelField>
              <Identity>
                <Id>DA2D7D7628F41D2CE90E06B9F4C4985C</Id>
                <Name>title</Name>
                <DisplayName>title</DisplayName>
              </Identity>
              <Type>Object</Type>
              <SubFields />
              <IsUnnamed>false</IsUnnamed>
              <Scope>Public</Scope>
              <DecimalPrecision>0</DecimalPrecision>
              <IsDefaultValueNull>false</IsDefaultValueNull>
            </DataModelField>
            <DataModelField>
              <Identity>
                <Id>2ADF01C5DC0470F8DD1C129EB3B3B8F3</Id>
                <Name>keywords</Name>
                <DisplayName>keywords</DisplayName>
              </Identity>
              <Type>Object</Type>
              <SubFields />
              <IsUnnamed>false</IsUnnamed>
              <Scope>Public</Scope>
              <DecimalPrecision>0</DecimalPrecision>
              <IsDefaultValueNull>false</IsDefaultValueNull>
            </DataModelField>
            <DataModelField>
              <Identity>
                <Id>4C98E35DD6C5A159A1A4792104BEA785</Id>
                <Name>subject</Name>
                <DisplayName>subject</DisplayName>
              </Identity>
              <Type>Object</Type>
              <SubFields />
              <IsUnnamed>false</IsUnnamed>
              <Scope>Public</Scope>
              <DecimalPrecision>0</DecimalPrecision>
              <IsDefaultValueNull>false</IsDefaultValueNull>
            </DataModelField>
          </SubFields>
          <IsUnnamed>false</IsUnnamed>
          <Scope>Public</Scope>
          <DecimalPrecision>0</DecimalPrecision>
          <IsDefaultValueNull>false</IsDefaultValueNull>
        </DataModelField>
        <DataModelField>
          <Identity>
            <Id>E13F476DA1ADFA0CD628884AB7FA9594</Id>
            <Name>indicators</Name>
            <DisplayName>Indicators</DisplayName>
          </Identity>
          <Type>ObjectArray</Type>
          <SubFields>
            <DataModelField>
              <Identity>
                <Id>37761BA1714B9CAD676134B8F7BAA768</Id>
                <Name>indicator_id</Name>
                <DisplayName>indicator_id</DisplayName>
              </Identity>
              <Type>Text</Type>
              <DefaultValue xsi:type="xsd:string" />
              <SubFields />
              <IsUnnamed>false</IsUnnamed>
              <Scope>Public</Scope>
              <DecimalPrecision>0</DecimalPrecision>
              <FieldDisplayProperties>
                <VariableIdentity>
                  <Id>37761BA1714B9CAD676134B8F7BAA768</Id>
                  <Version>0</Version>
                  <OwnerId />
                  <DisplayName />
                  <Name />
                </VariableIdentity>
                <StringVariableDisplayProperties>
                  <VariableControlType>Singleline</VariableControlType>
                  <MaxNumberOfCharacters>10000</MaxNumberOfCharacters>
                  <LookupIdentity />
                  <StaticData />
                  <Mandatory>false</Mandatory>
                </StringVariableDisplayProperties>
                <MinDate xsi:nil="true" />
                <MaxDate xsi:nil="true" />
                <DecimalPrecision>0</DecimalPrecision>
                <ShowTime>false</ShowTime>
              </FieldDisplayProperties>
              <IsDefaultValueNull>false</IsDefaultValueNull>
            </DataModelField>
            <DataModelField>
              <Identity>
                <Id>4B0148EE80624329183A411E82F15AF4</Id>
                <Name>type</Name>
                <DisplayName>Type</DisplayName>
              </Identity>
              <Type>Text</Type>
              <DefaultValue xsi:type="xsd:string" />
              <SubFields />
              <IsUnnamed>false</IsUnnamed>
              <Scope>Public</Scope>
              <DecimalPrecision>0</DecimalPrecision>
              <FieldDisplayProperties>
                <VariableIdentity>
                  <Id>4B0148EE80624329183A411E82F15AF4</Id>
                  <Version>0</Version>
                  <OwnerId />
                  <DisplayName />
                  <Name />
                </VariableIdentity>
                <StringVariableDisplayProperties>
                  <VariableControlType>Singleline</VariableControlType>
                  <MaxNumberOfCharacters>10000</MaxNumberOfCharacters>
                  <LookupIdentity />
                  <StaticData />
                  <Mandatory>false</Mandatory>
                </StringVariableDisplayProperties>
                <MinDate xsi:nil="true" />
                <MaxDate xsi:nil="true" />
                <DecimalPrecision>0</DecimalPrecision>
                <ShowTime>false</ShowTime>
              </FieldDisplayProperties>
              <IsDefaultValueNull>false</IsDefaultValueNull>
            </DataModelField>
            <DataModelField>
              <Identity>
                <Id>BED6B0421B901C88BF86906AE0AEF97A</Id>
                <Name>category</Name>
                <DisplayName>Categorization</DisplayName>
              </Identity>
              <Type>Text</Type>
              <DefaultValue xsi:type="xsd:string" />
              <SubFields />
              <IsUnnamed>false</IsUnnamed>
              <Scope>Public</Scope>
              <DecimalPrecision>0</DecimalPrecision>
              <FieldDisplayProperties>
                <VariableIdentity>
                  <Id>BED6B0421B901C88BF86906AE0AEF97A</Id>
                  <Version>0</Version>
                  <OwnerId />
                  <DisplayName />
                  <Name />
                </VariableIdentity>
                <StringVariableDisplayProperties>
                  <VariableControlType>Singleline</VariableControlType>
                  <MaxNumberOfCharacters>10000</MaxNumberOfCharacters>
                  <LookupIdentity />
                  <StaticData />
                  <Mandatory>false</Mandatory>
                </StringVariableDisplayProperties>
                <MinDate xsi:nil="true" />
                <MaxDate xsi:nil="true" />
                <DecimalPrecision>0</DecimalPrecision>
                <ShowTime>false</ShowTime>
              </FieldDisplayProperties>
              <IsDefaultValueNull>false</IsDefaultValueNull>
            </DataModelField>
            <DataModelField>
              <Identity>
                <Id>2D9EAD40FA28B7C27B117496D5D16E31</Id>
                <Name>title</Name>
                <DisplayName>Title</DisplayName>
              </Identity>
              <Type>Text</Type>
              <DefaultValue xsi:type="xsd:string" />
              <SubFields />
              <IsUnnamed>false</IsUnnamed>
              <Scope>Public</Scope>
              <DecimalPrecision>0</DecimalPrecision>
              <FieldDisplayProperties>
                <VariableIdentity>
                  <Id>2D9EAD40FA28B7C27B117496D5D16E31</Id>
                  <Version>0</Version>
                  <OwnerId />
                  <DisplayName />
                  <Name />
                </VariableIdentity>
                <StringVariableDisplayProperties>
                  <VariableControlType>Singleline</VariableControlType>
                  <MaxNumberOfCharacters>10000</MaxNumberOfCharacters>
                  <LookupIdentity />
                  <StaticData />
                  <Mandatory>false</Mandatory>
                </StringVariableDisplayProperties>
                <MinDate xsi:nil="true" />
                <MaxDate xsi:nil="true" />
                <DecimalPrecision>0</DecimalPrecision>
                <ShowTime>false</ShowTime>
              </FieldDisplayProperties>
              <IsDefaultValueNull>false</IsDefaultValueNull>
            </DataModelField>
            <DataModelField>
              <Identity>
                <Id>670C14E6908AD59DE6C585DE18AB4BBD</Id>
                <Name>description</Name>
                <DisplayName>Description</DisplayName>
              </Identity>
              <Type>Text</Type>
              <DefaultValue xsi:type="xsd:string" />
              <SubFields />
              <IsUnnamed>false</IsUnnamed>
              <Scope>Public</Scope>
              <DecimalPrecision>0</DecimalPrecision>
              <FieldDisplayProperties>
                <VariableIdentity>
                  <Id>670C14E6908AD59DE6C585DE18AB4BBD</Id>
                  <Version>0</Version>
                  <OwnerId />
                  <DisplayName />
                  <Name />
                </VariableIdentity>
                <StringVariableDisplayProperties>
                  <VariableControlType>Singleline</VariableControlType>
                  <MaxNumberOfCharacters>10000</MaxNumberOfCharacters>
                  <LookupIdentity />
                  <StaticData />
                  <Mandatory>false</Mandatory>
                </StringVariableDisplayProperties>
                <MinDate xsi:nil="true" />
                <MaxDate xsi:nil="true" />
                <DecimalPrecision>0</DecimalPrecision>
                <ShowTime>false</ShowTime>
              </FieldDisplayProperties>
              <IsDefaultValueNull>false</IsDefaultValueNull>
            </DataModelField>
            <DataModelField>
              <Identity>
                <Id>363DE21240A42E08A315774AABC72FD2</Id>
                <Name>metadata</Name>
                <DisplayName>metadata</DisplayName>
              </Identity>
              <Type>ObjectArray</Type>
              <SubFields />
              <IsUnnamed>false</IsUnnamed>
              <Scope>Public</Scope>
              <DecimalPrecision>0</DecimalPrecision>
              <IsDefaultValueNull>false</IsDefaultValueNull>
            </DataModelField>
            <DataModelField>
              <Identity>
                <Id>BB2513F8483515AD29F8CDB9A1A82DE0</Id>
                <Name>indicator_attributes</Name>
                <DisplayName>indicator_attributes</DisplayName>
              </Identity>
              <Type>ObjectArray</Type>
              <SubFields />
              <IsUnnamed>false</IsUnnamed>
              <Scope>Public</Scope>
              <DecimalPrecision>0</DecimalPrecision>
              <IsDefaultValueNull>false</IsDefaultValueNull>
            </DataModelField>
            <DataModelField>
              <Identity>
                <Id>D3D47102978E94010C8A966B6B00FA8F</Id>
                <Name>origin</Name>
                <DisplayName>origin</DisplayName>
              </Identity>
              <Type>Text</Type>
              <DefaultValue xsi:type="xsd:string" />
              <SubFields />
              <IsUnnamed>false</IsUnnamed>
              <Scope>Public</Scope>
              <DecimalPrecision>0</DecimalPrecision>
              <FieldDisplayProperties>
                <VariableIdentity>
                  <Id>D3D47102978E94010C8A966B6B00FA8F</Id>
                  <Version>0</Version>
                  <OwnerId />
                  <DisplayName />
                  <Name />
                </VariableIdentity>
                <StringVariableDisplayProperties>
                  <VariableControlType>Singleline</VariableControlType>
                  <MaxNumberOfCharacters>10000</MaxNumberOfCharacters>
                  <LookupIdentity />
                  <StaticData />
                  <Mandatory>false</Mandatory>
                </StringVariableDisplayProperties>
                <MinDate xsi:nil="true" />
                <MaxDate xsi:nil="true" />
                <DecimalPrecision>0</DecimalPrecision>
                <ShowTime>false</ShowTime>
              </FieldDisplayProperties>
              <IsDefaultValueNull>false</IsDefaultValueNull>
            </DataModelField>
          </SubFields>
          <IsUnnamed>false</IsUnnamed>
          <Scope>Public</Scope>
          <DecimalPrecision>0</DecimalPrecision>
          <IsDefaultValueNull>false</IsDefaultValueNull>
        </DataModelField>
        <DataModelField>
          <Identity>
            <Id>19BF830A4CA88EC84ED0166D2AFCAD98</Id>
            <Name>document_class</Name>
            <DisplayName>document_class</DisplayName>
          </Identity>
          <Type>Object</Type>
          <SubFields>
            <DataModelField>
              <Identity>
                <Id>0625D529CF1C093B3846BD0CCD091C87</Id>
                <Name>id</Name>
                <DisplayName>id</DisplayName>
              </Identity>
              <Type>Text</Type>
              <DefaultValue xsi:type="xsd:string" />
              <SubFields />
              <IsUnnamed>false</IsUnnamed>
              <Scope>Public</Scope>
              <DecimalPrecision>0</DecimalPrecision>
              <FieldDisplayProperties>
                <VariableIdentity>
                  <Id>0625D529CF1C093B3846BD0CCD091C87</Id>
                  <Version>0</Version>
                  <OwnerId />
                  <DisplayName />
                  <Name />
                </VariableIdentity>
                <StringVariableDisplayProperties>
                  <VariableControlType>Singleline</VariableControlType>
                  <MaxNumberOfCharacters>10000</MaxNumberOfCharacters>
                  <LookupIdentity />
                  <StaticData />
                  <Mandatory>false</Mandatory>
                </StringVariableDisplayProperties>
                <MinDate xsi:nil="true" />
                <MaxDate xsi:nil="true" />
                <DecimalPrecision>0</DecimalPrecision>
                <ShowTime>false</ShowTime>
              </FieldDisplayProperties>
              <IsDefaultValueNull>false</IsDefaultValueNull>
            </DataModelField>
            <DataModelField>
              <Identity>
                <Id>E144E7A8EBB1FB27B23FD15F60DEA724</Id>
                <Name>type</Name>
                <DisplayName>type</DisplayName>
              </Identity>
              <Type>Text</Type>
              <DefaultValue xsi:type="xsd:string" />
              <SubFields />
              <IsUnnamed>false</IsUnnamed>
              <Scope>Public</Scope>
              <DecimalPrecision>0</DecimalPrecision>
              <FieldDisplayProperties>
                <VariableIdentity>
                  <Id>E144E7A8EBB1FB27B23FD15F60DEA724</Id>
                  <Version>0</Version>
                  <OwnerId />
                  <DisplayName />
                  <Name />
                </VariableIdentity>
                <StringVariableDisplayProperties>
                  <VariableControlType>Singleline</VariableControlType>
                  <MaxNumberOfCharacters>10000</MaxNumberOfCharacters>
                  <LookupIdentity />
                  <StaticData />
                  <Mandatory>false</Mandatory>
                </StringVariableDisplayProperties>
                <MinDate xsi:nil="true" />
                <MaxDate xsi:nil="true" />
                <DecimalPrecision>0</DecimalPrecision>
                <ShowTime>false</ShowTime>
              </FieldDisplayProperties>
              <IsDefaultValueNull>false</IsDefaultValueNull>
            </DataModelField>
            <DataModelField>
              <Identity>
                <Id>98EEBFAA4A7FC563952E90A5409D2684</Id>
                <Name>document_class_type</Name>
                <DisplayName>document_class_type</DisplayName>
              </Identity>
              <Type>Text</Type>
              <DefaultValue xsi:type="xsd:string" />
              <SubFields />
              <IsUnnamed>false</IsUnnamed>
              <Scope>Public</Scope>
              <DecimalPrecision>0</DecimalPrecision>
              <FieldDisplayProperties>
                <VariableIdentity>
                  <Id>98EEBFAA4A7FC563952E90A5409D2684</Id>
                  <Version>0</Version>
                  <OwnerId />
                  <DisplayName />
                  <Name />
                </VariableIdentity>
                <StringVariableDisplayProperties>
                  <VariableControlType>Singleline</VariableControlType>
                  <MaxNumberOfCharacters>10000</MaxNumberOfCharacters>
                  <LookupIdentity />
                  <StaticData />
                  <Mandatory>false</Mandatory>
                </StringVariableDisplayProperties>
                <MinDate xsi:nil="true" />
                <MaxDate xsi:nil="true" />
                <DecimalPrecision>0</DecimalPrecision>
                <ShowTime>false</ShowTime>
              </FieldDisplayProperties>
              <IsDefaultValueNull>false</IsDefaultValueNull>
            </DataModelField>
          </SubFields>
          <IsUnnamed>false</IsUnnamed>
          <Scope>Public</Scope>
          <DecimalPrecision>0</DecimalPrecision>
          <IsDefaultValueNull>false</IsDefaultValueNull>
        </DataModelField>
      </Fields>
      <Scope>Public</Scope>
    </Data>
    <Status>Released</Status>
    <Description />
    <OwnerId>19659C5AF012B24087A1C67CF35BBE60</OwnerId>
    <LastModifiedDate>2024-08-27T03:27:34.23</LastModifiedDate>
    <LastModifiedBy>
      <Id>DAAAD76834F749B790469E31371AB497</Id>
      <AutomaticallyPopulate>true</AutomaticallyPopulate>
      <ResourceType>Worker</ResourceType>
      <EmailAddress />
      <UserId />
      <ManagerialLevel>0</ManagerialLevel>
    </LastModifiedBy>
  </DataModel>
</ArrayOfDataModel>