<?xml version="1.0" encoding="utf-16"?><SpaPackageImportExportData xmlns:xsd="http://www.w3.org/2001/XMLSchema" xmlns:xsi="http://www.w3.org/2001/XMLSchema-instance" dbversion="8.0"><PackageSummary><SpaPackageIdentity><Id>7F7CE74699D14EC3AFD211A4C7CB9783</Id><Name>RAI_TA80_Package</Name><Version>4</Version></SpaPackageIdentity><Description /><CategoryIdentity><Id>206FAD6AB6D2445DB99411432EDF54D4</Id><AutomaticallyPopulate>true</AutomaticallyPopulate><Name>Resistant.ai</Name><Description /></CategoryIdentity><LastModifiedDateTime>2025-05-12T11:19:38.953</LastModifiedDateTime><LastModifiedResource><Id>97F3B0DB52FA4AEDAA3C31A531E8E1A8</Id><AutomaticallyPopulate>true</AutomaticallyPopulate><Name>_GTMTotalAgility</Name><ResourceType>Worker</ResourceType><EmailAddress /><UserId /><ManagerialLevel>0</ManagerialLevel></LastModifiedResource><Comments /><ResourceAccessTokens><ResourceAccess><ResourceIdentity><Id>7DF43CCDF24611D2804B00104B71BD15</Id><AutomaticallyPopulate>true</AutomaticallyPopulate><Name>Everyone</Name><ResourceType>GroupOfWorkers</ResourceType><EmailAddress /><UserId /><ManagerialLevel>0</ManagerialLevel></ResourceIdentity><AccessType>MaintenanceAccess</AccessType><PermissionType>FullControl</PermissionType></ResourceAccess></ResourceAccessTokens><PermissionType>FullControl</PermissionType><SourceControlStatus>NotInSourceControl</SourceControlStatus><SpaPackageType>Default</SpaPackageType></PackageSummary><Processes><ImportExportPackageSummaryOfProcessIdentity><Identity><Id>99ACDA9AAFD803FDD9B48E3A75B72A97</Id><AutomaticallyPopulate>true</AutomaticallyPopulate><Version>1</Version><Name>RAI Document Workflow</Name></Identity><LastModifiedBy><Id>97F3B0DB52FA4AEDAA3C31A531E8E1A8</Id><AutomaticallyPopulate>true</AutomaticallyPopulate><ResourceType>Worker</ResourceType><EmailAddress /><UserId /><ManagerialLevel>0</ManagerialLevel></LastModifiedBy><LastModified>2025-04-22T06:06:35.24</LastModified></ImportExportPackageSummaryOfProcessIdentity><ImportExportPackageSummaryOfProcessIdentity><Identity><Id>088BB25CDF2CD0FA4885DAC439A81745</Id><AutomaticallyPopulate>true</AutomaticallyPopulate><Version>1</Version><Name>RAI New Request</Name></Identity><LastModifiedBy><Id>97F3B0DB52FA4AEDAA3C31A531E8E1A8</Id><AutomaticallyPopulate>true</AutomaticallyPopulate><ResourceType>Worker</ResourceType><EmailAddress /><UserId /><ManagerialLevel>0</ManagerialLevel></LastModifiedBy><LastModified>2025-04-22T05:41:15.77</LastModified></ImportExportPackageSummaryOfProcessIdentity><ImportExportPackageSummaryOfProcessIdentity><Identity><Id>2A54543FFBCBB458D5B8EA2F499995CA</Id><AutomaticallyPopulate>true</AutomaticallyPopulate><Version>2</Version><Name>RAI-DocRequest-LoadTesting</Name></Identity><LastModifiedBy><Id>97F3B0DB52FA4AEDAA3C31A531E8E1A8</Id><AutomaticallyPopulate>true</AutomaticallyPopulate><ResourceType>Worker</ResourceType><EmailAddress /><UserId /><ManagerialLevel>0</ManagerialLevel></LastModifiedBy><LastModified>2025-05-12T10:54:38.827</LastModified></ImportExportPackageSummaryOfProcessIdentity><ImportExportPackageSummaryOfProcessIdentity><Identity><Id>5589B9587EBF526F9BCD4A43EC960E1F</Id><AutomaticallyPopulate>true</AutomaticallyPopulate><Version>2</Version><Name>RAI-DocumentLoadTesting</Name></Identity><LastModifiedBy><Id>97F3B0DB52FA4AEDAA3C31A531E8E1A8</Id><AutomaticallyPopulate>true</AutomaticallyPopulate><ResourceType>Worker</ResourceType><EmailAddress /><UserId /><ManagerialLevel>0</ManagerialLevel></LastModifiedBy><LastModified>2025-05-12T10:55:26.613</LastModified></ImportExportPackageSummaryOfProcessIdentity><ImportExportPackageSummaryOfProcessIdentity><Identity><Id>50C60183285210DFC34E6646D6F80D0E</Id><AutomaticallyPopulate>true</AutomaticallyPopulate><Version>1</Version><Name>RAI-Suspended Process Restarter</Name></Identity><LastModifiedBy><Id>97F3B0DB52FA4AEDAA3C31A531E8E1A8</Id><AutomaticallyPopulate>true</AutomaticallyPopulate><ResourceType>Worker</ResourceType><EmailAddress /><UserId /><ManagerialLevel>0</ManagerialLevel></LastModifiedBy><LastModified>2025-05-01T17:43:42.953</LastModified></ImportExportPackageSummaryOfProcessIdentity></Processes><ProcessExportOption><ExportResources>false</ExportResources><ExportGroupResourceMembers>false</ExportGroupResourceMembers><ExportResourcesExtensions>false</ExportResourcesExtensions><ExportCategories>false</ExportCategories><WithCategoryParentage>false</WithCategoryParentage><GeneralizedExport>false</GeneralizedExport><ExportDotNetReferencesWithPath>true</ExportDotNetReferencesWithPath><ExportCaseFragments>false</ExportCaseFragments><ExportTemplateSkins>true</ExportTemplateSkins><ExportExtractionClassificationData>true</ExportExtractionClassificationData><ExportGlobalDataModels>false</ExportGlobalDataModels><ExportProcessDataModels>false</ExportProcessDataModels><ExportType>CombineAssociatedMaps</ExportType><Version>0</Version><ExportServerVariables>true</ExportServerVariables><PreloadScript>1</PreloadScript><SleepDuration>0</SleepDuration><CategoryIds /><ProcessDocument>false</ProcessDocument><ProcessViewer>false</ProcessViewer><DotNetActivityType>0</DotNetActivityType><Projects /><AllProcessVariables /><ExportOnlyDocumentGroupIdentityDetails>false</ExportOnlyDocumentGroupIdentityDetails><SiteDetailsRequired>false</SiteDetailsRequired><CmisSiteDetailsRequired>false</CmisSiteDetailsRequired><Assets /><PerceptiveSiteDetailsRequired>false</PerceptiveSiteDetailsRequired><IncludeExportConnectorMappings>false</IncludeExportConnectorMappings><IncludeDocumentTypeRetentionPolicy>false</IncludeDocumentTypeRetentionPolicy><IsSpaExport>false</IsSpaExport><ProcessType>BusinessProcess</ProcessType><ProtectedItems /><ExportPageRenditions>false</ExportPageRenditions><ExportReportingTags>false</ExportReportingTags><ExportTestPlans>false</ExportTestPlans><IncludeProcessAssociationsInPackage>false</IncludeProcessAssociationsInPackage><IsGitExport>false</IsGitExport><ExcludeCaptureProjectTrainingSets>false</ExcludeCaptureProjectTrainingSets></ProcessExportOption><WorkAllocationRules /><Skins /><BusinessRules /><CustomServices /><CustomServiceGroups /><Assets><ImportExportPackageSummaryOfAssetIdentity><Identity><Id>F3846898CC2C4C7A9DAFD4D2520D723B</Id><Name>cancel_activity.png</Name><AssetType>Image</AssetType><AutomaticallyPopulate>true</AutomaticallyPopulate><StorageId>0</StorageId></Identity><LastModifiedBy><Id /><AutomaticallyPopulate>true</AutomaticallyPopulate><ResourceType>Worker</ResourceType><EmailAddress /><UserId /><ManagerialLevel>0</ManagerialLevel></LastModifiedBy><LastModified>2023-10-08T17:59:09.51</LastModified></ImportExportPackageSummaryOfAssetIdentity><ImportExportPackageSummaryOfAssetIdentity><Identity><Id>9909537946D94A35A1A8A7461AE26C60</Id><Name>assignment_turned_in.png</Name><AssetType>Image</AssetType><AutomaticallyPopulate>true</AutomaticallyPopulate><StorageId>0</StorageId></Identity><LastModifiedBy><Id /><AutomaticallyPopulate>true</AutomaticallyPopulate><ResourceType>Worker</ResourceType><EmailAddress /><UserId /><ManagerialLevel>0</ManagerialLevel></LastModifiedBy><LastModified>2023-10-08T17:59:09.527</LastModified></ImportExportPackageSummaryOfAssetIdentity></Assets><Forms><ImportExportPackageSummaryOfFormIdentity><Identity><Id>A684872C5560480AB0DA233127DC042D</Id><AutomaticallyPopulate>false</AutomaticallyPopulate><Name>RAI Document WorkflowOrdinary Activity</Name><Version>3</Version></Identity><LastModifiedBy><Id>97F3B0DB52FA4AEDAA3C31A531E8E1A8</Id><AutomaticallyPopulate>false</AutomaticallyPopulate><ResourceType>Worker</ResourceType><EmailAddress /><UserId /><ManagerialLevel>0</ManagerialLevel></LastModifiedBy><LastModified>2025-04-22T06:06:35.213</LastModified></ImportExportPackageSummaryOfFormIdentity><ImportExportPackageSummaryOfFormIdentity><Identity><Id>9DB3D0CCAA4A418FA3DB77272EAB74F6</Id><AutomaticallyPopulate>false</AutomaticallyPopulate><Name>AutomationRequest</Name><Version>37</Version></Identity><LastModifiedBy><Id>DC6B6C7016584FF5B13CFAB9924C6577</Id><AutomaticallyPopulate>false</AutomaticallyPopulate><ResourceType>Worker</ResourceType><EmailAddress /><UserId /><ManagerialLevel>0</ManagerialLevel></LastModifiedBy><LastModified>2022-10-13T16:14:16.903</LastModified></ImportExportPackageSummaryOfFormIdentity><ImportExportPackageSummaryOfFormIdentity><Identity><Id>734D1B2B7ACC41F6B2BCC8D67A2DCE87</Id><AutomaticallyPopulate>false</AutomaticallyPopulate><Name>rai-newrequest</Name><Version>2</Version></Identity><LastModifiedBy><Id>97F3B0DB52FA4AEDAA3C31A531E8E1A8</Id><AutomaticallyPopulate>false</AutomaticallyPopulate><ResourceType>Worker</ResourceType><EmailAddress /><UserId /><ManagerialLevel>0</ManagerialLevel></LastModifiedBy><LastModified>2025-04-22T05:43:03.99</LastModified></ImportExportPackageSummaryOfFormIdentity></Forms><FormExportOptions><ExportHeader>false</ExportHeader><ExportNavigation>false</ExportNavigation><ExportGlobalVariables>true</ExportGlobalVariables><ExportWebServices>false</ExportWebServices><ExportBusinessRules>false</ExportBusinessRules><ExportSecurityTokens>false</ExportSecurityTokens><ExportSecurityRoles>false</ExportSecurityRoles><ExportRoleMembers>false</ExportRoleMembers><IsSpaExport>false</IsSpaExport></FormExportOptions><Navigations /><DeviceSettings /><Sites /><Themes /><Languages /><Lookups /><Resources /><Entities /><WorkTypes><ImportExportPackageSummaryOfWorkQueueDefinitionIdentity><Identity><Id>FB0E854E0B684A3686BE0C2EFEEC5AE0</Id><AutomaticallyPopulate>true</AutomaticallyPopulate><Name>RAI</Name><LastModifiedOn>0001-01-01T00:00:00</LastModifiedOn></Identity><LastModifiedBy><Id /><AutomaticallyPopulate>true</AutomaticallyPopulate><ResourceType>Worker</ResourceType><EmailAddress /><UserId /><ManagerialLevel>0</ManagerialLevel></LastModifiedBy><LastModified>2025-05-01T17:02:48.06</LastModified></ImportExportPackageSummaryOfWorkQueueDefinitionIdentity></WorkTypes><Checklists /><Folders /><ExtractionGroups /><ClassificationGroups /><Formatters /><FieldValidators /><ChecklistItems /><Events /><Targets /><Alerts /><AlertExportOption><ExportAssociatedProcess>false</ExportAssociatedProcess></AlertExportOption><Categories><ImportExportPackageSummaryOfCategoryIdentity><Identity><Id>201F370CA5164F76ADDD8EEEFF666AF7</Id><AutomaticallyPopulate>true</AutomaticallyPopulate><Name>Default Category</Name><Description /></Identity><LastModifiedBy><Id>7DF43CCDF24611D2804B00104B71BD10</Id><AutomaticallyPopulate>true</AutomaticallyPopulate><ResourceType>Worker</ResourceType><EmailAddress /><UserId /><ManagerialLevel>0</ManagerialLevel></LastModifiedBy><LastModified>2025-04-02T13:24:13.3</LastModified></ImportExportPackageSummaryOfCategoryIdentity><ImportExportPackageSummaryOfCategoryIdentity><Identity><Id>206FAD6AB6D2445DB99411432EDF54D4</Id><AutomaticallyPopulate>true</AutomaticallyPopulate><Name>Resistant.ai</Name><Description /></Identity><LastModifiedBy><Id>97F3B0DB52FA4AEDAA3C31A531E8E1A8</Id><AutomaticallyPopulate>true</AutomaticallyPopulate><ResourceType>Worker</ResourceType><EmailAddress /><UserId /><ManagerialLevel>0</ManagerialLevel></LastModifiedBy><LastModified>2025-04-09T10:12:04.087</LastModified></ImportExportPackageSummaryOfCategoryIdentity><ImportExportPackageSummaryOfCategoryIdentity><Identity><Id>E2A1706B60424707B39A1BDDDC8DB69C</Id><AutomaticallyPopulate>true</AutomaticallyPopulate><Name>TotalAgility Forms</Name><Description /></Identity><LastModifiedBy><Id>7DF43CCDF24611D2804B00104B71BD10</Id><AutomaticallyPopulate>true</AutomaticallyPopulate><ResourceType>Worker</ResourceType><EmailAddress /><UserId /><ManagerialLevel>0</ManagerialLevel></LastModifiedBy><LastModified>2025-04-02T13:24:13.32</LastModified></ImportExportPackageSummaryOfCategoryIdentity></Categories><ScanVrsProfiles /><SeparationProfiles /><BarcodePatchcodeProfiles /><PdfGenerationProfiles /><DocConversionProfiles><ImportExportPackageSummaryOfDocumentConversionProfileIdentity><Identity><Id>217E9F3715138292FFEADA8F627D63D3</Id><Name>TIFF Conversion</Name></Identity><LastModifiedBy><Id /><AutomaticallyPopulate>true</AutomaticallyPopulate><ResourceType>Worker</ResourceType><EmailAddress /><UserId /><ManagerialLevel>0</ManagerialLevel></LastModifiedBy><LastModified>0001-01-01T00:00:00</LastModified></ImportExportPackageSummaryOfDocumentConversionProfileIdentity></DocConversionProfiles><JobSchedules><ImportExportPackageSummaryOfJobScheduleIdentity><Identity><Id>0</Id><ScheduleId>6AC5AB8204AF46B38C7DB77A6C2D09DF</ScheduleId><AutomaticallyPopulate>true</AutomaticallyPopulate><Name>RAI-Restarter Schedule                  </Name><ScheduleType>JobSchedule</ScheduleType></Identity><LastModifiedBy><Id /><AutomaticallyPopulate>true</AutomaticallyPopulate><ResourceType>Worker</ResourceType><EmailAddress /><UserId /><ManagerialLevel>0</ManagerialLevel></LastModifiedBy><LastModified>2025-05-01T17:47:20.25</LastModified></ImportExportPackageSummaryOfJobScheduleIdentity></JobSchedules><CaptureControlLayouts /><RegularExpressions /><Personas /><ServerVariables /><ServerVariablesCollection><ImportExportPackageSummaryOfVariable><Identity><VariableType>String</VariableType><Value xsi:type="xsd:string" /><Identity><Id>RAICLIENTID</Id><Version>0</Version><OwnerId /><DisplayName>RAI-CLIENT-ID</DisplayName><Name /></Identity><Dynamic>false</Dynamic><Category><Id>206FAD6AB6D2445DB99411432EDF54D4</Id><AutomaticallyPopulate>true</AutomaticallyPopulate><Name /><Description /></Category><Grouping><Identity><Id>4FEE4E069417475DAC5D2C2E5C95CA49</Id></Identity><Variables /></Grouping><UseInSkin>false</UseInSkin><Found>false</Found><IsSecure>false</IsSecure><VariableScope>Process</VariableScope><IsDateExpression>false</IsDateExpression><DerivedExpression /><ErrorCodeMappingType>Static</ErrorCodeMappingType><VariableDisplayProperties><VariableIdentity><Id /><Version>0</Version><OwnerId /><DisplayName /><Name /></VariableIdentity><StringVariableDisplayProperties><VariableControlType>Singleline</VariableControlType><MaxNumberOfCharacters>0</MaxNumberOfCharacters><LookupIdentity /><StaticData /><Mandatory>false</Mandatory></StringVariableDisplayProperties><MinDate xsi:nil="true" /><MaxDate xsi:nil="true" /><DecimalPrecision>0</DecimalPrecision><ShowTime>false</ShowTime></VariableDisplayProperties><VariableAccessScope>Public</VariableAccessScope><IsResourceExpression>false</IsResourceExpression><IsDataObjectField>false</IsDataObjectField><IsDataObjectFieldOfTypeObject>false</IsDataObjectFieldOfTypeObject><BaseVariableType>String</BaseVariableType><BaseVariableId /></Identity><LastModifiedBy><Id /><AutomaticallyPopulate>true</AutomaticallyPopulate><ResourceType>Worker</ResourceType><EmailAddress /><UserId /><ManagerialLevel>0</ManagerialLevel></LastModifiedBy><LastModified>0001-01-01T00:00:00</LastModified></ImportExportPackageSummaryOfVariable><ImportExportPackageSummaryOfVariable><Identity><VariableType>String</VariableType><Value xsi:type="xsd:string" /><Identity><Id>RAICLIENTSECRET</Id><Version>0</Version><OwnerId /><DisplayName>RAI-CLIENT-SECRET</DisplayName><Name /></Identity><Dynamic>false</Dynamic><Category><Id>206FAD6AB6D2445DB99411432EDF54D4</Id><AutomaticallyPopulate>true</AutomaticallyPopulate><Name /><Description /></Category><Grouping><Identity><Id>4FEE4E069417475DAC5D2C2E5C95CA49</Id></Identity><Variables /></Grouping><UseInSkin>false</UseInSkin><Found>false</Found><IsSecure>false</IsSecure><VariableScope>Process</VariableScope><IsDateExpression>false</IsDateExpression><DerivedExpression /><ErrorCodeMappingType>Static</ErrorCodeMappingType><VariableDisplayProperties><VariableIdentity><Id /><Version>0</Version><OwnerId /><DisplayName /><Name /></VariableIdentity><StringVariableDisplayProperties><VariableControlType>Singleline</VariableControlType><MaxNumberOfCharacters>0</MaxNumberOfCharacters><LookupIdentity /><StaticData /><Mandatory>false</Mandatory></StringVariableDisplayProperties><MinDate xsi:nil="true" /><MaxDate xsi:nil="true" /><DecimalPrecision>0</DecimalPrecision><ShowTime>false</ShowTime></VariableDisplayProperties><VariableAccessScope>Public</VariableAccessScope><IsResourceExpression>false</IsResourceExpression><IsDataObjectField>false</IsDataObjectField><IsDataObjectFieldOfTypeObject>false</IsDataObjectFieldOfTypeObject><BaseVariableType>String</BaseVariableType><BaseVariableId /></Identity><LastModifiedBy><Id /><AutomaticallyPopulate>true</AutomaticallyPopulate><ResourceType>Worker</ResourceType><EmailAddress /><UserId /><ManagerialLevel>0</ManagerialLevel></LastModifiedBy><LastModified>0001-01-01T00:00:00</LastModified></ImportExportPackageSummaryOfVariable><ImportExportPackageSummaryOfVariable><Identity><VariableType>String</VariableType><Value xsi:type="xsd:string" /><Identity><Id>RAIURLAPI</Id><Version>0</Version><OwnerId /><DisplayName>RAI-URL-API</DisplayName><Name /></Identity><Dynamic>false</Dynamic><Category><Id>206FAD6AB6D2445DB99411432EDF54D4</Id><AutomaticallyPopulate>true</AutomaticallyPopulate><Name /><Description /></Category><Grouping><Identity><Id>4FEE4E069417475DAC5D2C2E5C95CA49</Id></Identity><Variables /></Grouping><UseInSkin>false</UseInSkin><Found>false</Found><IsSecure>false</IsSecure><VariableScope>Process</VariableScope><IsDateExpression>false</IsDateExpression><DerivedExpression /><ErrorCodeMappingType>Static</ErrorCodeMappingType><VariableDisplayProperties><VariableIdentity><Id /><Version>0</Version><OwnerId /><DisplayName /><Name /></VariableIdentity><StringVariableDisplayProperties><VariableControlType>Singleline</VariableControlType><MaxNumberOfCharacters>0</MaxNumberOfCharacters><LookupIdentity /><StaticData /><Mandatory>false</Mandatory></StringVariableDisplayProperties><MinDate xsi:nil="true" /><MaxDate xsi:nil="true" /><DecimalPrecision>0</DecimalPrecision><ShowTime>false</ShowTime></VariableDisplayProperties><VariableAccessScope>Public</VariableAccessScope><IsResourceExpression>false</IsResourceExpression><IsDataObjectField>false</IsDataObjectField><IsDataObjectFieldOfTypeObject>false</IsDataObjectFieldOfTypeObject><BaseVariableType>String</BaseVariableType><BaseVariableId /></Identity><LastModifiedBy><Id /><AutomaticallyPopulate>true</AutomaticallyPopulate><ResourceType>Worker</ResourceType><EmailAddress /><UserId /><ManagerialLevel>0</ManagerialLevel></LastModifiedBy><LastModified>0001-01-01T00:00:00</LastModified></ImportExportPackageSummaryOfVariable><ImportExportPackageSummaryOfVariable><Identity><VariableType>String</VariableType><Value xsi:type="xsd:string" /><Identity><Id>RAIURLTOKEN</Id><Version>0</Version><OwnerId /><DisplayName>RAI-URL-TOKEN</DisplayName><Name /></Identity><Dynamic>false</Dynamic><Category><Id>206FAD6AB6D2445DB99411432EDF54D4</Id><AutomaticallyPopulate>true</AutomaticallyPopulate><Name /><Description /></Category><Grouping><Identity><Id>4FEE4E069417475DAC5D2C2E5C95CA49</Id></Identity><Variables /></Grouping><UseInSkin>false</UseInSkin><Found>false</Found><IsSecure>false</IsSecure><VariableScope>Process</VariableScope><IsDateExpression>false</IsDateExpression><DerivedExpression /><ErrorCodeMappingType>Static</ErrorCodeMappingType><VariableDisplayProperties><VariableIdentity><Id /><Version>0</Version><OwnerId /><DisplayName /><Name /></VariableIdentity><StringVariableDisplayProperties><VariableControlType>Singleline</VariableControlType><MaxNumberOfCharacters>0</MaxNumberOfCharacters><LookupIdentity /><StaticData /><Mandatory>false</Mandatory></StringVariableDisplayProperties><MinDate xsi:nil="true" /><MaxDate xsi:nil="true" /><DecimalPrecision>0</DecimalPrecision><ShowTime>false</ShowTime></VariableDisplayProperties><VariableAccessScope>Public</VariableAccessScope><IsResourceExpression>false</IsResourceExpression><IsDataObjectField>false</IsDataObjectField><IsDataObjectFieldOfTypeObject>false</IsDataObjectFieldOfTypeObject><BaseVariableType>String</BaseVariableType><BaseVariableId /></Identity><LastModifiedBy><Id /><AutomaticallyPopulate>true</AutomaticallyPopulate><ResourceType>Worker</ResourceType><EmailAddress /><UserId /><ManagerialLevel>0</ManagerialLevel></LastModifiedBy><LastModified>0001-01-01T00:00:00</LastModified></ImportExportPackageSummaryOfVariable><ImportExportPackageSummaryOfVariable><Identity><VariableType>System</VariableType><Value xsi:type="xsd:string" /><Identity><Id>SPP_SYSTEM_SESSION_ID</Id><Version>0</Version><OwnerId /><DisplayName>SPP_SYSTEM_SESSION_ID</DisplayName><Name /></Identity><Dynamic>true</Dynamic><Category><Id>FBCB88103B4D414FAE8E38058F46CCF4</Id><AutomaticallyPopulate>true</AutomaticallyPopulate><Name /><Description /></Category><Grouping><Identity><Id>4FEE4E069417475DAC5D2C2E5C95CA49</Id></Identity><Variables /></Grouping><UseInSkin>false</UseInSkin><Found>false</Found><IsSecure>false</IsSecure><VariableScope>Process</VariableScope><IsDateExpression>false</IsDateExpression><DerivedExpression /><ErrorCodeMappingType>Static</ErrorCodeMappingType><VariableDisplayProperties><VariableIdentity><Id /><Version>0</Version><OwnerId /><DisplayName /><Name /></VariableIdentity><StringVariableDisplayProperties><VariableControlType>Singleline</VariableControlType><MaxNumberOfCharacters>0</MaxNumberOfCharacters><LookupIdentity /><StaticData /><Mandatory>false</Mandatory></StringVariableDisplayProperties><MinDate xsi:nil="true" /><MaxDate xsi:nil="true" /><DecimalPrecision>0</DecimalPrecision><ShowTime>false</ShowTime></VariableDisplayProperties><VariableAccessScope>Public</VariableAccessScope><IsResourceExpression>false</IsResourceExpression><IsDataObjectField>false</IsDataObjectField><IsDataObjectFieldOfTypeObject>false</IsDataObjectFieldOfTypeObject><BaseVariableType>System</BaseVariableType><BaseVariableId /></Identity><LastModifiedBy><Id /><AutomaticallyPopulate>true</AutomaticallyPopulate><ResourceType>Worker</ResourceType><EmailAddress /><UserId /><ManagerialLevel>0</ManagerialLevel></LastModifiedBy><LastModified>0001-01-01T00:00:00</LastModified></ImportExportPackageSummaryOfVariable><ImportExportPackageSummaryOfVariable><Identity><VariableType>String</VariableType><Value xsi:type="xsd:string">http://us01vmgtm01.kofax.com/TotalAgility/Services/Sdk</Value><Identity><Id>TASDKURL</Id><Version>0</Version><OwnerId /><DisplayName>TA-SDK-URL</DisplayName><Name /></Identity><Dynamic>false</Dynamic><Category><Id>201F370CA5164F76ADDD8EEEFF666AF7</Id><AutomaticallyPopulate>true</AutomaticallyPopulate><Name /><Description /></Category><Grouping><Identity><Id>4FEE4E069417475DAC5D2C2E5C95CA49</Id></Identity><Variables /></Grouping><UseInSkin>false</UseInSkin><Found>false</Found><IsSecure>false</IsSecure><VariableScope>Process</VariableScope><IsDateExpression>false</IsDateExpression><DerivedExpression /><ErrorCodeMappingType>Static</ErrorCodeMappingType><VariableDisplayProperties><VariableIdentity><Id /><Version>0</Version><OwnerId /><DisplayName /><Name /></VariableIdentity><StringVariableDisplayProperties><VariableControlType>Singleline</VariableControlType><MaxNumberOfCharacters>0</MaxNumberOfCharacters><LookupIdentity /><StaticData /><Mandatory>false</Mandatory></StringVariableDisplayProperties><MinDate xsi:nil="true" /><MaxDate xsi:nil="true" /><DecimalPrecision>0</DecimalPrecision><ShowTime>false</ShowTime></VariableDisplayProperties><VariableAccessScope>Public</VariableAccessScope><IsResourceExpression>false</IsResourceExpression><IsDataObjectField>false</IsDataObjectField><IsDataObjectFieldOfTypeObject>false</IsDataObjectFieldOfTypeObject><BaseVariableType>String</BaseVariableType><BaseVariableId /></Identity><LastModifiedBy><Id /><AutomaticallyPopulate>true</AutomaticallyPopulate><ResourceType>Worker</ResourceType><EmailAddress /><UserId /><ManagerialLevel>0</ManagerialLevel></LastModifiedBy><LastModified>0001-01-01T00:00:00</LastModified></ImportExportPackageSummaryOfVariable><ImportExportPackageSummaryOfVariable><Identity><VariableType>String</VariableType><Value xsi:type="xsd:string" /><Identity><Id>RAIURLVIEWER</Id><Version>0</Version><OwnerId /><DisplayName>RAI-URL-VIEWER</DisplayName><Name /></Identity><Dynamic>false</Dynamic><Category><Id>206FAD6AB6D2445DB99411432EDF54D4</Id><AutomaticallyPopulate>true</AutomaticallyPopulate><Name /><Description /></Category><Grouping><Identity><Id>4FEE4E069417475DAC5D2C2E5C95CA49</Id></Identity><Variables /></Grouping><UseInSkin>false</UseInSkin><Found>false</Found><IsSecure>false</IsSecure><VariableScope>Process</VariableScope><IsDateExpression>false</IsDateExpression><DerivedExpression /><ErrorCodeMappingType>Static</ErrorCodeMappingType><VariableDisplayProperties><VariableIdentity><Id /><Version>0</Version><OwnerId /><DisplayName /><Name /></VariableIdentity><StringVariableDisplayProperties><VariableControlType>Singleline</VariableControlType><MaxNumberOfCharacters>0</MaxNumberOfCharacters><LookupIdentity /><StaticData /><Mandatory>false</Mandatory></StringVariableDisplayProperties><MinDate xsi:nil="true" /><MaxDate xsi:nil="true" /><DecimalPrecision>0</DecimalPrecision><ShowTime>false</ShowTime></VariableDisplayProperties><VariableAccessScope>Public</VariableAccessScope><IsResourceExpression>false</IsResourceExpression><IsDataObjectField>false</IsDataObjectField><IsDataObjectFieldOfTypeObject>false</IsDataObjectFieldOfTypeObject><BaseVariableType>String</BaseVariableType><BaseVariableId /></Identity><LastModifiedBy><Id /><AutomaticallyPopulate>true</AutomaticallyPopulate><ResourceType>Worker</ResourceType><EmailAddress /><UserId /><ManagerialLevel>0</ManagerialLevel></LastModifiedBy><LastModified>0001-01-01T00:00:00</LastModified></ImportExportPackageSummaryOfVariable><ImportExportPackageSummaryOfVariable><Identity><VariableType>String</VariableType><Value xsi:type="xsd:string">content_hiding</Value><Identity><Id>RAIANALYSISCATEGORY</Id><Version>0</Version><OwnerId /><DisplayName>RAI-ANALYSIS-CATEGORY</DisplayName><Name /></Identity><Dynamic>false</Dynamic><Category><Id>206FAD6AB6D2445DB99411432EDF54D4</Id><AutomaticallyPopulate>true</AutomaticallyPopulate><Name /><Description /></Category><Grouping><Identity><Id>4FEE4E069417475DAC5D2C2E5C95CA49</Id></Identity><Variables /></Grouping><UseInSkin>false</UseInSkin><Found>false</Found><IsSecure>false</IsSecure><VariableScope>Process</VariableScope><IsDateExpression>false</IsDateExpression><DerivedExpression /><ErrorCodeMappingType>Static</ErrorCodeMappingType><VariableDisplayProperties><VariableIdentity><Id /><Version>0</Version><OwnerId /><DisplayName /><Name /></VariableIdentity><StringVariableDisplayProperties><VariableControlType>Singleline</VariableControlType><MaxNumberOfCharacters>0</MaxNumberOfCharacters><LookupIdentity /><StaticData /><Mandatory>false</Mandatory></StringVariableDisplayProperties><MinDate xsi:nil="true" /><MaxDate xsi:nil="true" /><DecimalPrecision>0</DecimalPrecision><ShowTime>false</ShowTime></VariableDisplayProperties><VariableAccessScope>Public</VariableAccessScope><IsResourceExpression>false</IsResourceExpression><IsDataObjectField>false</IsDataObjectField><IsDataObjectFieldOfTypeObject>false</IsDataObjectFieldOfTypeObject><BaseVariableType>String</BaseVariableType><BaseVariableId /></Identity><LastModifiedBy><Id /><AutomaticallyPopulate>true</AutomaticallyPopulate><ResourceType>Worker</ResourceType><EmailAddress /><UserId /><ManagerialLevel>0</ManagerialLevel></LastModifiedBy><LastModified>0001-01-01T00:00:00</LastModified></ImportExportPackageSummaryOfVariable><ImportExportPackageSummaryOfVariable><Identity><VariableType>Long</VariableType><Value xsi:type="xsd:int">10</Value><Identity><Id>RAIRETRYMAXATTEMPTS</Id><Version>0</Version><OwnerId /><DisplayName>RAI-Retry-Max-Attempts</DisplayName><Name /></Identity><Dynamic>false</Dynamic><Category><Id>206FAD6AB6D2445DB99411432EDF54D4</Id><AutomaticallyPopulate>true</AutomaticallyPopulate><Name /><Description /></Category><Grouping><Identity><Id>4FEE4E069417475DAC5D2C2E5C95CA49</Id></Identity><Variables /></Grouping><UseInSkin>false</UseInSkin><Found>false</Found><IsSecure>false</IsSecure><VariableScope>Process</VariableScope><IsDateExpression>false</IsDateExpression><DerivedExpression /><ErrorCodeMappingType>Static</ErrorCodeMappingType><VariableDisplayProperties><VariableIdentity><Id /><Version>0</Version><OwnerId /><DisplayName /><Name /></VariableIdentity><StringVariableDisplayProperties><VariableControlType>Singleline</VariableControlType><MaxNumberOfCharacters>0</MaxNumberOfCharacters><LookupIdentity /><StaticData /><Mandatory>false</Mandatory></StringVariableDisplayProperties><MinDate xsi:nil="true" /><MaxDate xsi:nil="true" /><DecimalPrecision>0</DecimalPrecision><ShowTime>false</ShowTime></VariableDisplayProperties><VariableAccessScope>Public</VariableAccessScope><IsResourceExpression>false</IsResourceExpression><IsDataObjectField>false</IsDataObjectField><IsDataObjectFieldOfTypeObject>false</IsDataObjectFieldOfTypeObject><BaseVariableType>Long</BaseVariableType><BaseVariableId /></Identity><LastModifiedBy><Id /><AutomaticallyPopulate>true</AutomaticallyPopulate><ResourceType>Worker</ResourceType><EmailAddress /><UserId /><ManagerialLevel>0</ManagerialLevel></LastModifiedBy><LastModified>0001-01-01T00:00:00</LastModified></ImportExportPackageSummaryOfVariable></ServerVariablesCollection><ThreadPools><ImportExportPackageSummaryOfThreadPoolIdentity><Identity><Id>0</Id><Name>Default Thread Pool</Name></Identity><LastModifiedBy><Id /><AutomaticallyPopulate>true</AutomaticallyPopulate><ResourceType>Worker</ResourceType><EmailAddress /><UserId /><ManagerialLevel>0</ManagerialLevel></LastModifiedBy><LastModified>0001-01-01T00:00:00</LastModified></ImportExportPackageSummaryOfThreadPoolIdentity></ThreadPools><Tags /><GlobalVariables /><GlobalVariablesCollection><ImportExportPackageSummaryOfSessionVariable><Identity><Identity><Name>WORKQUEUE_FORM</Name><Id>1E70BD400456422DBFA431767DC6CB0F</Id><AutomaticallyPopulate>true</AutomaticallyPopulate></Identity><Description>The Workqueue Form.</Description><Value /><IsLocalizable>false</IsLocalizable><Category><Id>201F370CA5164F76ADDD8EEEFF666AF7</Id><AutomaticallyPopulate>true</AutomaticallyPopulate><Name>Default Category</Name><Description /></Category><LastModifiedDateTime>2025-04-02T13:19:02.157</LastModifiedDateTime><IsSecure>false</IsSecure></Identity><LastModifiedBy><Id /><AutomaticallyPopulate>true</AutomaticallyPopulate><ResourceType>Worker</ResourceType><EmailAddress /><UserId /><ManagerialLevel>0</ManagerialLevel></LastModifiedBy><LastModified>2025-04-02T13:19:02.157</LastModified></ImportExportPackageSummaryOfSessionVariable><ImportExportPackageSummaryOfSessionVariable><Identity><Identity><Name>EPC</Name><Id>5E0F01E4914A48D08009FFC40C130EFF</Id><AutomaticallyPopulate>true</AutomaticallyPopulate></Identity><Description>The EPC.</Description><Value /><IsLocalizable>false</IsLocalizable><Category><Id>201F370CA5164F76ADDD8EEEFF666AF7</Id><AutomaticallyPopulate>true</AutomaticallyPopulate><Name>Default Category</Name><Description /></Category><LastModifiedDateTime>2025-04-02T13:19:02.157</LastModifiedDateTime><IsSecure>false</IsSecure></Identity><LastModifiedBy><Id /><AutomaticallyPopulate>true</AutomaticallyPopulate><ResourceType>Worker</ResourceType><EmailAddress /><UserId /><ManagerialLevel>0</ManagerialLevel></LastModifiedBy><LastModified>2025-04-02T13:19:02.157</LastModified></ImportExportPackageSummaryOfSessionVariable><ImportExportPackageSummaryOfSessionVariable><Identity><Identity><Name>JOB_ID</Name><Id>8A1DD88A21124A98A51B5679DE7FDCB4</Id><AutomaticallyPopulate>true</AutomaticallyPopulate></Identity><Description>The Job ID.</Description><Value /><IsLocalizable>false</IsLocalizable><Category><Id>201F370CA5164F76ADDD8EEEFF666AF7</Id><AutomaticallyPopulate>true</AutomaticallyPopulate><Name>Default Category</Name><Description /></Category><LastModifiedDateTime>2025-04-02T13:19:02.157</LastModifiedDateTime><IsSecure>false</IsSecure></Identity><LastModifiedBy><Id /><AutomaticallyPopulate>true</AutomaticallyPopulate><ResourceType>Worker</ResourceType><EmailAddress /><UserId /><ManagerialLevel>0</ManagerialLevel></LastModifiedBy><LastModified>2025-04-02T13:19:02.157</LastModified></ImportExportPackageSummaryOfSessionVariable><ImportExportPackageSummaryOfSessionVariable><Identity><Identity><Name>NODE_ID</Name><Id>AFBE96EA665E4F16A2FDA88044A23D0A</Id><AutomaticallyPopulate>true</AutomaticallyPopulate></Identity><Description>The Node ID.</Description><Value /><IsLocalizable>false</IsLocalizable><Category><Id>201F370CA5164F76ADDD8EEEFF666AF7</Id><AutomaticallyPopulate>true</AutomaticallyPopulate><Name>Default Category</Name><Description /></Category><LastModifiedDateTime>2025-04-02T13:19:02.157</LastModifiedDateTime><IsSecure>false</IsSecure></Identity><LastModifiedBy><Id /><AutomaticallyPopulate>true</AutomaticallyPopulate><ResourceType>Worker</ResourceType><EmailAddress /><UserId /><ManagerialLevel>0</ManagerialLevel></LastModifiedBy><LastModified>2025-04-02T13:19:02.157</LastModified></ImportExportPackageSummaryOfSessionVariable><ImportExportPackageSummaryOfSessionVariable><Identity><Identity><Name>SESSION_ID</Name><Id>161F8F818093437482D2886B7B6756BB</Id><AutomaticallyPopulate>true</AutomaticallyPopulate></Identity><Description>The current Session Identifer.</Description><Value /><IsLocalizable>false</IsLocalizable><Category><Id>201F370CA5164F76ADDD8EEEFF666AF7</Id><AutomaticallyPopulate>true</AutomaticallyPopulate><Name>Default Category</Name><Description /></Category><LastModifiedDateTime>2025-04-02T13:19:02.153</LastModifiedDateTime><IsSecure>false</IsSecure></Identity><LastModifiedBy><Id /><AutomaticallyPopulate>true</AutomaticallyPopulate><ResourceType>Worker</ResourceType><EmailAddress /><UserId /><ManagerialLevel>0</ManagerialLevel></LastModifiedBy><LastModified>2025-04-02T13:19:02.153</LastModified></ImportExportPackageSummaryOfSessionVariable></GlobalVariablesCollection><ServerXmlExpressionVariables /><DotNetReferences /><MiscellaneousFiles /><Queries /><FormTemplates /><Localisations /><Packages /><ExportConnectorDeploymentProperties /><ShowProcessAssociations>false</ShowProcessAssociations><ShowFormAssociations>false</ShowFormAssociations><SystemExportOptions><IncludeNoteTypes>false</IncludeNoteTypes><IncludeHotKeys>false</IncludeHotKeys><IncludePageRenditions>false</IncludePageRenditions><IncludeNodeColors>false</IncludeNodeColors><IncludeReportingTags>false</IncludeReportingTags><IncludeErrorCodes>false</IncludeErrorCodes></SystemExportOptions><ShowCategoryAssociations>false</ShowCategoryAssociations><Version><Major>7</Major><Minor>3</Minor><Build>1</Build><Revision>0</Revision></Version><DocumentTypeVariants /><ProtectAllItems>false</ProtectAllItems><ProtectedItems /><IncludeRoleMembers>false</IncludeRoleMembers><IncludeDevices>false</IncludeDevices><IncludeDeviceProfiles>false</IncludeDeviceProfiles><IncludeDeviceSettings>false</IncludeDeviceSettings><ExportConnectorMappings>false</ExportConnectorMappings><WebServices /><ImportConnections /><ImportSources /><OAuthServers /><CaptureSolution><Id /><Name /><Version>0</Version><Description /><DocumentLanguage /><CategoryIdentity><Id /><AutomaticallyPopulate>true</AutomaticallyPopulate><Name /><Description /></CategoryIdentity><LastModified>2025-05-12T11:19:43.9135628-07:00</LastModified><LockedBy><Id /><AutomaticallyPopulate>true</AutomaticallyPopulate><Name /><ResourceType>Worker</ResourceType><EmailAddress /><UserId /><ManagerialLevel>0</ManagerialLevel></LockedBy><ProcessIdentity><Id /><AutomaticallyPopulate>true</AutomaticallyPopulate><Version>0</Version><Name /></ProcessIdentity><ClassificationGroupIdentity><Id /><AutomaticallyPopulate>true</AutomaticallyPopulate><Version>0</Version><Name /></ClassificationGroupIdentity><GenerateMFPForms>false</GenerateMFPForms><ScanCNJFormLink /><ExpectedSolutionDuration>0</ExpectedSolutionDuration><UploadedDocsFolderId /><DownloadImagesAndData>false</DownloadImagesAndData><DeleteDocumentsWhenJobComplete>false</DeleteDocumentsWhenJobComplete><TrainingRequired>false</TrainingRequired><DownloadZipResources /><SeparationProfileIdentity /><MaintenanceAccessTokens /><FunctionalAccessResources /><ResourcePermissionType>FullControl</ResourcePermissionType><PackageId /></CaptureSolution><DataModels><ImportExportPackageSummaryOfDataModelIdentity><Identity><Id>CFDD858D634BE46B22655CF8C5FB9EDB</Id><Version>1</Version><Name>RAI-FRAUD-RESULT-v2.0.0b</Name></Identity><LastModifiedBy><Id>97F3B0DB52FA4AEDAA3C31A531E8E1A8</Id><AutomaticallyPopulate>true</AutomaticallyPopulate><ResourceType>Worker</ResourceType><EmailAddress /><UserId /><ManagerialLevel>0</ManagerialLevel></LastModifiedBy><LastModified>2025-04-09T11:17:17.58</LastModified></ImportExportPackageSummaryOfDataModelIdentity></DataModels><QuickApp><Id /><Name /><Version>0</Version><AppType>QuickWorkflow</AppType></QuickApp><QuickAppType>QuickWorkflow</QuickAppType><QuickAppLastModified>0001-01-01T00:00:00</QuickAppLastModified><PackageItemAssociations><PackageItemAssociation><Id>206FAD6AB6D2445DB99411432EDF54D4</Id><Name /><ItemType>28</ItemType><AssociatedItems><AssociatedItem><Id>01B0384EA4304B3CAB392667DD8BCCA6</Id><ItemType>3</ItemType><Name>tungstenlabs.integration.resistantai.dll</Name></AssociatedItem><AssociatedItem><Id>206FAD6AB6D2445DB99411432EDF54D4</Id><ItemType>28</ItemType><Name /></AssociatedItem><AssociatedItem><Id>734D1B2B7ACC41F6B2BCC8D67A2DCE87</Id><ItemType>6</ItemType><Name>rai-newrequest</Name></AssociatedItem><AssociatedItem><Id>A684872C5560480AB0DA233127DC042D</Id><ItemType>6</ItemType><Name>RAI Document WorkflowOrdinary Activity</Name></AssociatedItem><AssociatedItem><Id>088BB25CDF2CD0FA4885DAC439A81745</Id><ItemType>0</ItemType><Name>RAI New Request</Name></AssociatedItem><AssociatedItem><Id>99ACDA9AAFD803FDD9B48E3A75B72A97</Id><ItemType>0</ItemType><Name>RAI Document Workflow</Name></AssociatedItem><AssociatedItem><Id>RAIANALYSISCATEGORY</Id><ItemType>35</ItemType><Name>RAI-ANALYSIS-CATEGORY</Name></AssociatedItem><AssociatedItem><Id>RAICLIENTID</Id><ItemType>35</ItemType><Name>RAI-CLIENT-ID</Name></AssociatedItem><AssociatedItem><Id>RAICLIENTSECRET</Id><ItemType>35</ItemType><Name>RAI-CLIENT-SECRET</Name></AssociatedItem><AssociatedItem><Id>RAIURLAPI</Id><ItemType>35</ItemType><Name>RAI-URL-API</Name></AssociatedItem><AssociatedItem><Id>RAIURLTOKEN</Id><ItemType>35</ItemType><Name>RAI-URL-TOKEN</Name></AssociatedItem><AssociatedItem><Id>RAIURLVIEWER</Id><ItemType>35</ItemType><Name>RAI-URL-VIEWER</Name></AssociatedItem></AssociatedItems></PackageItemAssociation><PackageItemAssociation><Id>RAIANALYSISCATEGORY</Id><Name /><ItemType>35</ItemType><AssociatedItems /></PackageItemAssociation><PackageItemAssociation><Id>RAICLIENTID</Id><Name /><ItemType>35</ItemType><AssociatedItems /></PackageItemAssociation><PackageItemAssociation><Id>RAICLIENTSECRET</Id><Name /><ItemType>35</ItemType><AssociatedItems /></PackageItemAssociation><PackageItemAssociation><Id>RAIURLAPI</Id><Name /><ItemType>35</ItemType><AssociatedItems /></PackageItemAssociation><PackageItemAssociation><Id>RAIURLTOKEN</Id><Name /><ItemType>35</ItemType><AssociatedItems /></PackageItemAssociation><PackageItemAssociation><Id>RAIURLVIEWER</Id><Name /><ItemType>35</ItemType><AssociatedItems /></PackageItemAssociation><PackageItemAssociation><Id>99ACDA9AAFD803FDD9B48E3A75B72A97</Id><Name /><ItemType>0</ItemType><AssociatedItems><AssociatedItem><Id>F3846898CC2C4C7A9DAFD4D2520D723B</Id><ItemType>3</ItemType><Name>cancel_activity.png</Name></AssociatedItem><AssociatedItem><Id>9909537946D94A35A1A8A7461AE26C60</Id><ItemType>3</ItemType><Name>assignment_turned_in.png</Name></AssociatedItem><AssociatedItem><Id>206FAD6AB6D2445DB99411432EDF54D4</Id><ItemType>28</ItemType><Name>Resistant.ai</Name></AssociatedItem><AssociatedItem><Id>201F370CA5164F76ADDD8EEEFF666AF7</Id><ItemType>28</ItemType><Name>Default Category</Name></AssociatedItem><AssociatedItem><Id>E2A1706B60424707B39A1BDDDC8DB69C</Id><ItemType>28</ItemType><Name>TotalAgility Forms</Name></AssociatedItem><AssociatedItem><Id>CFDD858D634BE46B22655CF8C5FB9EDB</Id><ItemType>44</ItemType><Name>RAI-FRAUD-RESULT-v2.0.0b</Name></AssociatedItem><AssociatedItem><Id>1E70BD400456422DBFA431767DC6CB0F</Id><ItemType>36</ItemType><Name>WORKQUEUE_FORM</Name></AssociatedItem><AssociatedItem><Id>5E0F01E4914A48D08009FFC40C130EFF</Id><ItemType>36</ItemType><Name>EPC</Name></AssociatedItem><AssociatedItem><Id>8A1DD88A21124A98A51B5679DE7FDCB4</Id><ItemType>36</ItemType><Name>JOB_ID</Name></AssociatedItem><AssociatedItem><Id>AFBE96EA665E4F16A2FDA88044A23D0A</Id><ItemType>36</ItemType><Name>NODE_ID</Name></AssociatedItem><AssociatedItem><Id>161F8F818093437482D2886B7B6756BB</Id><ItemType>36</ItemType><Name>SESSION_ID</Name></AssociatedItem><AssociatedItem><Id>A684872C5560480AB0DA233127DC042D</Id><ItemType>6</ItemType><Name>RAI Document WorkflowOrdinary Activity</Name></AssociatedItem><AssociatedItem><Id>9DB3D0CCAA4A418FA3DB77272EAB74F6</Id><ItemType>6</ItemType><Name>AutomationRequest</Name></AssociatedItem><AssociatedItem><Id>99ACDA9AAFD803FDD9B48E3A75B72A97</Id><ItemType>0</ItemType><Name>RAI Document Workflow</Name></AssociatedItem><AssociatedItem><Id>RAICLIENTID</Id><ItemType>35</ItemType><Name /></AssociatedItem><AssociatedItem><Id>RAICLIENTSECRET</Id><ItemType>35</ItemType><Name /></AssociatedItem><AssociatedItem><Id>RAIURLAPI</Id><ItemType>35</ItemType><Name /></AssociatedItem><AssociatedItem><Id>RAIURLTOKEN</Id><ItemType>35</ItemType><Name /></AssociatedItem><AssociatedItem><Id>SPP_SYSTEM_SESSION_ID</Id><ItemType>35</ItemType><Name /></AssociatedItem><AssociatedItem><Id>TASDKURL</Id><ItemType>35</ItemType><Name /></AssociatedItem><AssociatedItem><Id>RAIURLVIEWER</Id><ItemType>35</ItemType><Name /></AssociatedItem><AssociatedItem><Id>RAIANALYSISCATEGORY</Id><ItemType>35</ItemType><Name /></AssociatedItem></AssociatedItems></PackageItemAssociation><PackageItemAssociation><Id>088BB25CDF2CD0FA4885DAC439A81745</Id><Name /><ItemType>0</ItemType><AssociatedItems><AssociatedItem><Id>206FAD6AB6D2445DB99411432EDF54D4</Id><ItemType>28</ItemType><Name>Resistant.ai</Name></AssociatedItem><AssociatedItem><Id>161F8F818093437482D2886B7B6756BB</Id><ItemType>36</ItemType><Name>SESSION_ID</Name></AssociatedItem><AssociatedItem><Id>217E9F3715138292FFEADA8F627D63D3</Id><ItemType>34</ItemType><Name>TIFF Conversion</Name></AssociatedItem><AssociatedItem><Id>734D1B2B7ACC41F6B2BCC8D67A2DCE87</Id><ItemType>6</ItemType><Name>rai-newrequest</Name></AssociatedItem><AssociatedItem><Id>088BB25CDF2CD0FA4885DAC439A81745</Id><ItemType>0</ItemType><Name>RAI New Request</Name></AssociatedItem><AssociatedItem><Id>SPP_SYSTEM_SESSION_ID</Id><ItemType>35</ItemType><Name /></AssociatedItem></AssociatedItems></PackageItemAssociation><PackageItemAssociation><Id>2A54543FFBCBB458D5B8EA2F499995CA</Id><Name /><ItemType>0</ItemType><AssociatedItems><AssociatedItem><Id>206FAD6AB6D2445DB99411432EDF54D4</Id><ItemType>28</ItemType><Name>Resistant.ai</Name></AssociatedItem><AssociatedItem><Id>CFDD858D634BE46B22655CF8C5FB9EDB</Id><ItemType>44</ItemType><Name>RAI-FRAUD-RESULT-v2.0.0b</Name></AssociatedItem><AssociatedItem><Id>2A54543FFBCBB458D5B8EA2F499995CA</Id><ItemType>0</ItemType><Name>RAI-DocRequest-LoadTesting</Name></AssociatedItem><AssociatedItem><Id>FB0E854E0B684A3686BE0C2EFEEC5AE0</Id><ItemType>23</ItemType><Name>RAI</Name></AssociatedItem><AssociatedItem><Id>RAICLIENTID</Id><ItemType>35</ItemType><Name /></AssociatedItem><AssociatedItem><Id>RAICLIENTSECRET</Id><ItemType>35</ItemType><Name /></AssociatedItem><AssociatedItem><Id>RAIURLAPI</Id><ItemType>35</ItemType><Name /></AssociatedItem><AssociatedItem><Id>RAIURLTOKEN</Id><ItemType>35</ItemType><Name /></AssociatedItem><AssociatedItem><Id>SPP_SYSTEM_SESSION_ID</Id><ItemType>35</ItemType><Name /></AssociatedItem><AssociatedItem><Id>TASDKURL</Id><ItemType>35</ItemType><Name /></AssociatedItem></AssociatedItems></PackageItemAssociation><PackageItemAssociation><Id>5589B9587EBF526F9BCD4A43EC960E1F</Id><Name /><ItemType>0</ItemType><AssociatedItems><AssociatedItem><Id>206FAD6AB6D2445DB99411432EDF54D4</Id><ItemType>28</ItemType><Name>Resistant.ai</Name></AssociatedItem><AssociatedItem><Id>5589B9587EBF526F9BCD4A43EC960E1F</Id><ItemType>0</ItemType><Name>RAI-DocumentLoadTesting</Name></AssociatedItem><AssociatedItem><Id>SPP_SYSTEM_SESSION_ID</Id><ItemType>35</ItemType><Name /></AssociatedItem></AssociatedItems></PackageItemAssociation><PackageItemAssociation><Id>50C60183285210DFC34E6646D6F80D0E</Id><Name /><ItemType>0</ItemType><AssociatedItems><AssociatedItem><Id>206FAD6AB6D2445DB99411432EDF54D4</Id><ItemType>28</ItemType><Name>Resistant.ai</Name></AssociatedItem><AssociatedItem><Id>FC4A7E347D984994B76C942BFFCDF07B</Id><ItemType>47</ItemType><Name /></AssociatedItem><AssociatedItem><Id>50C60183285210DFC34E6646D6F80D0E</Id><ItemType>0</ItemType><Name>RAI-Suspended Process Restarter</Name></AssociatedItem><AssociatedItem><Id>RAIRETRYMAXATTEMPTS</Id><ItemType>35</ItemType><Name /></AssociatedItem><AssociatedItem><Id>SPP_SYSTEM_SESSION_ID</Id><ItemType>35</ItemType><Name /></AssociatedItem></AssociatedItems></PackageItemAssociation><PackageItemAssociation><Id>A684872C5560480AB0DA233127DC042D</Id><Name /><ItemType>6</ItemType><AssociatedItems /></PackageItemAssociation><PackageItemAssociation><Id>734D1B2B7ACC41F6B2BCC8D67A2DCE87</Id><Name /><ItemType>6</ItemType><AssociatedItems /></PackageItemAssociation><PackageItemAssociation><Id>01B0384EA4304B3CAB392667DD8BCCA6</Id><Name /><ItemType>4</ItemType><AssociatedItems /></PackageItemAssociation><PackageItemAssociation><Id>6AC5AB8204AF46B38C7DB77A6C2D09DF</Id><Name /><ItemType>29</ItemType><AssociatedItems><AssociatedItem><Id>206FAD6AB6D2445DB99411432EDF54D4</Id><ItemType>28</ItemType><Name>Resistant.ai</Name></AssociatedItem><AssociatedItem><Id>6AC5AB8204AF46B38C7DB77A6C2D09DF</Id><ItemType>29</ItemType><Name>RAI-Restarter Schedule                  </Name></AssociatedItem><AssociatedItem><Id /><ItemType>35</ItemType><Name /></AssociatedItem></AssociatedItems></PackageItemAssociation></PackageItemAssociations><CurrencyCodes /></SpaPackageImportExportData>