<?xml version="1.0" encoding="utf-16"?>
<ArrayOfJobSchedule xmlns:xsd="http://www.w3.org/2001/XMLSchema" xmlns:xsi="http://www.w3.org/2001/XMLSchema-instance">
  <JobSchedule>
    <Identity>
      <Id>0</Id>
      <ScheduleId>6AC5AB8204AF46B38C7DB77A6C2D09DF</ScheduleId>
      <AutomaticallyPopulate>true</AutomaticallyPopulate>
      <Name>RAI-Restarter Schedule                  </Name>
      <ScheduleType>JobSchedule</ScheduleType>
    </Identity>
    <Category>
      <Id>206FAD6AB6D2445DB99411432EDF54D4</Id>
      <AutomaticallyPopulate>true</AutomaticallyPopulate>
      <Name />
      <Description />
    </Category>
    <BusinessProcessId>50C60183285210DFC34E6646D6F80D0E</BusinessProcessId>
    <BusinessProcessName>RAI-Suspended Process Restarter</BusinessProcessName>
    <TimeSpanInMins>15</TimeSpanInMins>
    <NoOfOccurs>1</NoOfOccurs>
    <NoOfOccursProcessed>0</NoOfOccursProcessed>
    <NoOfJobsToCreate>1</NoOfJobsToCreate>
    <NextDueDate>2025-05-01T17:49:28.71</NextDueDate>
    <UseStartByDate>true</UseStartByDate>
    <StartByDate>2025-05-01T17:49:28.71</StartByDate>
    <UseEndByDate>false</UseEndByDate>
    <EndByDate>2025-05-01T18:49:28.71</EndByDate>
    <SetTime>0001-01-01T00:00:00</SetTime>
    <InitParameters>
      <Variable>
        <VariableType>String</VariableType>
        <Value xsi:type="xsd:string">RAI-LoadTesting-CallConnector</Value>
        <Identity>
          <Id>PROCESSNAME</Id>
          <Version>0</Version>
          <OwnerId />
          <DisplayName>ProcessName</DisplayName>
          <Name />
        </Identity>
        <Dynamic>false</Dynamic>
        <VariableToUse>
          <Id />
          <Version>0</Version>
          <OwnerId />
          <DisplayName />
          <Name />
        </VariableToUse>
        <UseInSkin>false</UseInSkin>
        <Found>false</Found>
        <IsSecure>false</IsSecure>
        <VariableScope>Process</VariableScope>
        <IsDateExpression>false</IsDateExpression>
        <DerivedExpression />
        <ErrorCodeMappingType>Static</ErrorCodeMappingType>
        <VariableDisplayProperties>
          <VariableIdentity>
            <Id />
            <Version>0</Version>
            <OwnerId />
            <DisplayName />
            <Name />
          </VariableIdentity>
          <StringVariableDisplayProperties>
            <VariableControlType>Singleline</VariableControlType>
            <MaxNumberOfCharacters>0</MaxNumberOfCharacters>
            <LookupIdentity />
            <StaticData />
            <Mandatory>false</Mandatory>
          </StringVariableDisplayProperties>
          <MinDate xsi:nil="true" />
          <MaxDate xsi:nil="true" />
          <DecimalPrecision>0</DecimalPrecision>
          <ShowTime>false</ShowTime>
        </VariableDisplayProperties>
        <VariableAccessScope>Public</VariableAccessScope>
        <IsResourceExpression>false</IsResourceExpression>
        <IsDataObjectField>false</IsDataObjectField>
        <IsDataObjectFieldOfTypeObject>false</IsDataObjectFieldOfTypeObject>
        <BaseVariableType>Empty</BaseVariableType>
        <BaseVariableId />
      </Variable>
      <Variable>
        <VariableType>String</VariableType>
        <Value xsi:type="xsd:string">RAI Connector</Value>
        <Identity>
          <Id>RESISTANTACTIVITYNAME</Id>
          <Version>0</Version>
          <OwnerId />
          <DisplayName>ResistantActivityName</DisplayName>
          <Name />
        </Identity>
        <Dynamic>false</Dynamic>
        <VariableToUse>
          <Id />
          <Version>0</Version>
          <OwnerId />
          <DisplayName />
          <Name />
        </VariableToUse>
        <UseInSkin>false</UseInSkin>
        <Found>false</Found>
        <IsSecure>false</IsSecure>
        <VariableScope>Process</VariableScope>
        <IsDateExpression>false</IsDateExpression>
        <DerivedExpression />
        <ErrorCodeMappingType>Static</ErrorCodeMappingType>
        <VariableDisplayProperties>
          <VariableIdentity>
            <Id />
            <Version>0</Version>
            <OwnerId />
            <DisplayName />
            <Name />
          </VariableIdentity>
          <StringVariableDisplayProperties>
            <VariableControlType>Singleline</VariableControlType>
            <MaxNumberOfCharacters>0</MaxNumberOfCharacters>
            <LookupIdentity />
            <StaticData />
            <Mandatory>false</Mandatory>
          </StringVariableDisplayProperties>
          <MinDate xsi:nil="true" />
          <MaxDate xsi:nil="true" />
          <DecimalPrecision>0</DecimalPrecision>
          <ShowTime>false</ShowTime>
        </VariableDisplayProperties>
        <VariableAccessScope>Public</VariableAccessScope>
        <IsResourceExpression>false</IsResourceExpression>
        <IsDataObjectField>false</IsDataObjectField>
        <IsDataObjectFieldOfTypeObject>false</IsDataObjectFieldOfTypeObject>
        <BaseVariableType>Empty</BaseVariableType>
        <BaseVariableId />
      </Variable>
      <Variable>
        <VariableType>String</VariableType>
        <Value xsi:type="xsd:string">RAI</Value>
        <Identity>
          <Id>WORKTYPENAME</Id>
          <Version>0</Version>
          <OwnerId />
          <DisplayName>WorktypeName</DisplayName>
          <Name />
        </Identity>
        <Dynamic>false</Dynamic>
        <VariableToUse>
          <Id />
          <Version>0</Version>
          <OwnerId />
          <DisplayName />
          <Name />
        </VariableToUse>
        <UseInSkin>false</UseInSkin>
        <Found>false</Found>
        <IsSecure>false</IsSecure>
        <VariableScope>Process</VariableScope>
        <IsDateExpression>false</IsDateExpression>
        <DerivedExpression />
        <ErrorCodeMappingType>Static</ErrorCodeMappingType>
        <VariableDisplayProperties>
          <VariableIdentity>
            <Id />
            <Version>0</Version>
            <OwnerId />
            <DisplayName />
            <Name />
          </VariableIdentity>
          <StringVariableDisplayProperties>
            <VariableControlType>Singleline</VariableControlType>
            <MaxNumberOfCharacters>0</MaxNumberOfCharacters>
            <LookupIdentity />
            <StaticData />
            <Mandatory>false</Mandatory>
          </StringVariableDisplayProperties>
          <MinDate xsi:nil="true" />
          <MaxDate xsi:nil="true" />
          <DecimalPrecision>0</DecimalPrecision>
          <ShowTime>false</ShowTime>
        </VariableDisplayProperties>
        <VariableAccessScope>Public</VariableAccessScope>
        <IsResourceExpression>false</IsResourceExpression>
        <IsDataObjectField>false</IsDataObjectField>
        <IsDataObjectFieldOfTypeObject>false</IsDataObjectFieldOfTypeObject>
        <BaseVariableType>Empty</BaseVariableType>
        <BaseVariableId />
      </Variable>
    </InitParameters>
    <Monthly>0</Monthly>
    <UseWeekdays>true</UseWeekdays>
    <DaysOfWeek>252</DaysOfWeek>
    <OneActiveAtTime>false</OneActiveAtTime>
    <ScheduleActive>false</ScheduleActive>
    <UseBusinessCalendar>false</UseBusinessCalendar>
    <LastModifiedDate>2025-05-01T17:47:20.25</LastModifiedDate>
    <LastModifiedUser>6AC5AB8204AF46B38C7DB77A6C2D09DF</LastModifiedUser>
    <ScheduleSettings>
      <DeploymentScheduleSettings>
        <RollbackOnFailure>false</RollbackOnFailure>
        <NotifyOnSuccess>false</NotifyOnSuccess>
        <TimeoutPeriodInMinutes>0</TimeoutPeriodInMinutes>
      </DeploymentScheduleSettings>
    </ScheduleSettings>
  </JobSchedule>
</ArrayOfJobSchedule>