<?xml version="1.0" encoding="utf-16"?>
<ArrayOfBusinessRule xmlns:xsd="http://www.w3.org/2001/XMLSchema" xmlns:xsi="http://www.w3.org/2001/XMLSchema-instance">
  <BusinessRule>
    <Identity>
      <AutomaticallyPopulate>true</AutomaticallyPopulate>
      <Id>36E4613694FD4BA8951B8F442679743B</Id>
      <Name>wqaApproveAllNormal</Name>
      <Version>2</Version>
      <ProcessId />
    </Identity>
    <LatestVersion>false</LatestVersion>
    <Version>2</Version>
    <ProcessIdentity>
      <Id>A81D566B2094E2AE85583ADA153D30D6</Id>
      <AutomaticallyPopulate>true</AutomaticallyPopulate>
      <Version>2</Version>
      <Name>wqaApproveAllNormal</Name>
    </ProcessIdentity>
    <RuleType>DigitalAssistant</RuleType>
    <CategoryIdentity>
      <Id>A08C5B14E0A64A3DB33CE9AB312D2D18</Id>
      <AutomaticallyPopulate>true</AutomaticallyPopulate>
      <Name />
      <Description />
    </CategoryIdentity>
    <LastModifiedUserName>Rafael Castro</LastModifiedUserName>
    <FlaggedForRelease>false</FlaggedForRelease>
    <CurrentRuleView>Released</CurrentRuleView>
    <IsRuleInUse>false</IsRuleInUse>
    <LastModifiedUser>C13E87D165A945399B1E6A40F637B5C1</LastModifiedUser>
    <LastModifiedDate>2024-08-30T16:38:43.68</LastModifiedDate>
    <WIPRuleData>
      <decisiontabledata>
        <HitPolicyType>First</HitPolicyType>
        <ShowOnTableVariables />
        <CollectPolicyOperator>None</CollectPolicyOperator>
        <ErrorCodeVariableCollection />
        <DigitalAssistantRuleDataConfigurationCollection />
      </decisiontabledata>
    </WIPRuleData>
    <ReleaseRuleData>
      <inputs>
        <name>ONBEHALFOF</name>
        <type>8</type>
        <description>On Behalf Of</description>
        <errorCodeMappingType>Static</errorCodeMappingType>
        <variableAccessScope>Private</variableAccessScope>
      </inputs>
      <inputs>
        <name>APPROVEALL</name>
        <type>8</type>
        <description>ApproveAll</description>
        <errorCodeMappingType>Static</errorCodeMappingType>
        <variableAccessScope>Public</variableAccessScope>
      </inputs>
      <inputs>
        <name>STATUS</name>
        <type>8</type>
        <description>Status</description>
        <errorCodeMappingType>Static</errorCodeMappingType>
        <variableAccessScope>Public</variableAccessScope>
      </inputs>
      <inputs>
        <name>TRUSTSCORE</name>
        <type>8</type>
        <description>TrustScore</description>
        <errorCodeMappingType>Static</errorCodeMappingType>
        <variableAccessScope>Public</variableAccessScope>
      </inputs>
      <inputs>
        <name>Usbres1247F70C509943ED86087FDF8406D06C</name>
        <type>8</type>
        <description>UsableResources</description>
        <errorCodeMappingType>Static</errorCodeMappingType>
        <variableAccessScope>Public</variableAccessScope>
      </inputs>
      <outputs>
        <name>REASSIGNTO</name>
        <type>8</type>
        <description>Update Assignment To</description>
        <errorCodeMappingType>Static</errorCodeMappingType>
        <variableAccessScope>Private</variableAccessScope>
      </outputs>
      <outputs>
        <name>Exeres8B85205EDE8D4F799C27B483224B3D63</name>
        <type>2</type>
        <description>ExecutionResult</description>
        <errorCodeMappingType>Static</errorCodeMappingType>
        <variableAccessScope>Public</variableAccessScope>
      </outputs>
      <businessrulecalculations />
      <decisiontabledata>
        <HitPolicyType>First</HitPolicyType>
        <ShowOnTableVariables>
          <VariableIdentity>
            <Id>ONBEHALFOF</Id>
            <Version>0</Version>
            <OwnerId />
            <DisplayName>On Behalf Of</DisplayName>
            <Name />
          </VariableIdentity>
          <VariableIdentity>
            <Id>STATUS</Id>
            <Version>0</Version>
            <OwnerId />
            <DisplayName>Status</DisplayName>
            <Name />
          </VariableIdentity>
          <VariableIdentity>
            <Id>TRUSTSCORE</Id>
            <Version>0</Version>
            <OwnerId />
            <DisplayName>TrustScore</DisplayName>
            <Name />
          </VariableIdentity>
          <VariableIdentity>
            <Id>REASSIGNTO</Id>
            <Version>0</Version>
            <OwnerId />
            <DisplayName>Update Assignment To</DisplayName>
            <Name />
          </VariableIdentity>
        </ShowOnTableVariables>
        <CollectPolicyOperator>None</CollectPolicyOperator>
        <ErrorCodeVariableCollection />
        <DigitalAssistantRuleDataConfigurationCollection>
          <DigitalAssistantRuleDataConfiguration>
            <OnBehalfOfUser>
              <Id />
              <AutomaticallyPopulate>true</AutomaticallyPopulate>
              <Name />
              <ResourceType>Worker</ResourceType>
              <EmailAddress />
              <UserId />
              <ManagerialLevel>0</ManagerialLevel>
            </OnBehalfOfUser>
            <ReassignToUser>
              <Id />
              <AutomaticallyPopulate>true</AutomaticallyPopulate>
              <Name />
              <ResourceType>Worker</ResourceType>
              <EmailAddress />
              <UserId />
              <ManagerialLevel>0</ManagerialLevel>
            </ReassignToUser>
            <RowNumber>1</RowNumber>
          </DigitalAssistantRuleDataConfiguration>
        </DigitalAssistantRuleDataConfigurationCollection>
      </decisiontabledata>
    </ReleaseRuleData>
    <Description />
    <Rule>
      <inputs>
        <name>ONBEHALFOF</name>
        <type>8</type>
        <description>On Behalf Of</description>
        <errorCodeMappingType>Static</errorCodeMappingType>
        <variableAccessScope>Private</variableAccessScope>
      </inputs>
      <inputs>
        <name>APPROVEALL</name>
        <type>8</type>
        <description>ApproveAll</description>
        <errorCodeMappingType>Static</errorCodeMappingType>
        <variableAccessScope>Public</variableAccessScope>
      </inputs>
      <inputs>
        <name>STATUS</name>
        <type>8</type>
        <description>Status</description>
        <errorCodeMappingType>Static</errorCodeMappingType>
        <variableAccessScope>Public</variableAccessScope>
      </inputs>
      <inputs>
        <name>TRUSTSCORE</name>
        <type>8</type>
        <description>TrustScore</description>
        <errorCodeMappingType>Static</errorCodeMappingType>
        <variableAccessScope>Public</variableAccessScope>
      </inputs>
      <inputs>
        <name>Usbres1247F70C509943ED86087FDF8406D06C</name>
        <type>8</type>
        <description>UsableResources</description>
        <errorCodeMappingType>Static</errorCodeMappingType>
        <variableAccessScope>Public</variableAccessScope>
      </inputs>
      <outputs>
        <name>REASSIGNTO</name>
        <type>8</type>
        <description>Update Assignment To</description>
        <errorCodeMappingType>Static</errorCodeMappingType>
        <variableAccessScope>Private</variableAccessScope>
      </outputs>
      <outputs>
        <name>Exeres8B85205EDE8D4F799C27B483224B3D63</name>
        <type>2</type>
        <description>ExecutionResult</description>
        <errorCodeMappingType>Static</errorCodeMappingType>
        <variableAccessScope>Public</variableAccessScope>
      </outputs>
      <businessrulecalculations />
      <decisiontabledata>
        <HitPolicyType>First</HitPolicyType>
        <ShowOnTableVariables>
          <VariableIdentity>
            <Id>ONBEHALFOF</Id>
            <Version>0</Version>
            <OwnerId />
            <DisplayName>On Behalf Of</DisplayName>
            <Name />
          </VariableIdentity>
          <VariableIdentity>
            <Id>STATUS</Id>
            <Version>0</Version>
            <OwnerId />
            <DisplayName>Status</DisplayName>
            <Name />
          </VariableIdentity>
          <VariableIdentity>
            <Id>TRUSTSCORE</Id>
            <Version>0</Version>
            <OwnerId />
            <DisplayName>TrustScore</DisplayName>
            <Name />
          </VariableIdentity>
          <VariableIdentity>
            <Id>REASSIGNTO</Id>
            <Version>0</Version>
            <OwnerId />
            <DisplayName>Update Assignment To</DisplayName>
            <Name />
          </VariableIdentity>
        </ShowOnTableVariables>
        <CollectPolicyOperator>None</CollectPolicyOperator>
        <ErrorCodeVariableCollection />
        <DigitalAssistantRuleDataConfigurationCollection>
          <DigitalAssistantRuleDataConfiguration>
            <OnBehalfOfUser>
              <Id />
              <AutomaticallyPopulate>true</AutomaticallyPopulate>
              <Name />
              <ResourceType>Worker</ResourceType>
              <EmailAddress />
              <UserId />
              <ManagerialLevel>0</ManagerialLevel>
            </OnBehalfOfUser>
            <ReassignToUser>
              <Id />
              <AutomaticallyPopulate>true</AutomaticallyPopulate>
              <Name />
              <ResourceType>Worker</ResourceType>
              <EmailAddress />
              <UserId />
              <ManagerialLevel>0</ManagerialLevel>
            </ReassignToUser>
            <RowNumber>1</RowNumber>
          </DigitalAssistantRuleDataConfiguration>
        </DigitalAssistantRuleDataConfigurationCollection>
      </decisiontabledata>
    </Rule>
    <SourceControlStatus>NotInSourceControl</SourceControlStatus>
  </BusinessRule>
</ArrayOfBusinessRule>