<?xml version="1.0" encoding="utf-16"?>
<ArrayOfCategory xmlns:xsd="http://www.w3.org/2001/XMLSchema" xmlns:xsi="http://www.w3.org/2001/XMLSchema-instance">
  <Category>
    <Identity>
      <Id>201F370CA5164F76ADDD8EEEFF666AF7</Id>
      <AutomaticallyPopulate>true</AutomaticallyPopulate>
      <Name>Default Category</Name>
      <Description />
    </Identity>
    <Description>Default Category</Description>
    <ResourceAccessList>
      <ResourceAccess>
        <ResourceIdentity>
          <Id>3A6B3531C4A94AB481586701D94FC318</Id>
          <AutomaticallyPopulate>true</AutomaticallyPopulate>
          <Name>Administrators</Name>
          <ResourceType>GroupOfWorkers</ResourceType>
          <EmailAddress />
          <UserId />
          <ManagerialLevel>0</ManagerialLevel>
        </ResourceIdentity>
        <AccessType>MaintenanceAccess</AccessType>
        <PermissionType>FullControl</PermissionType>
      </ResourceAccess>
      <ResourceAccess>
        <ResourceIdentity>
          <Id>E3F09A384CF34AA98C1DC030A9FE670A</Id>
          <AutomaticallyPopulate>true</AutomaticallyPopulate>
          <Name>Device Users</Name>
          <ResourceType>GroupOfWorkers</ResourceType>
          <EmailAddress />
          <UserId />
          <ManagerialLevel>0</ManagerialLevel>
        </ResourceIdentity>
        <AccessType>MaintenanceAccess</AccessType>
        <PermissionType>FullControl</PermissionType>
      </ResourceAccess>
      <ResourceAccess>
        <ResourceIdentity>
          <Id>E7E11DA233B643C883814ADAAA11C0E1</Id>
          <AutomaticallyPopulate>true</AutomaticallyPopulate>
          <Name>Designers</Name>
          <ResourceType>GroupOfWorkers</ResourceType>
          <EmailAddress />
          <UserId />
          <ManagerialLevel>0</ManagerialLevel>
        </ResourceIdentity>
        <AccessType>MaintenanceAccess</AccessType>
        <PermissionType>FullControl</PermissionType>
      </ResourceAccess>
    </ResourceAccessList>
    <LastModifiedDate>2025-04-02T13:24:13.3</LastModifiedDate>
    <LastModifiedUser>7DF43CCDF24611D2804B00104B71BD10</LastModifiedUser>
    <LastModifiedUserName>TotalAgility</LastModifiedUserName>
  </Category>
  <Category>
    <Identity>
      <Id>206FAD6AB6D2445DB99411432EDF54D4</Id>
      <AutomaticallyPopulate>true</AutomaticallyPopulate>
      <Name>Resistant.ai</Name>
      <Description />
    </Identity>
    <Description />
    <ResourceAccessList>
      <ResourceAccess>
        <ResourceIdentity>
          <Id>7DF43CCDF24611D2804B00104B71BD15</Id>
          <AutomaticallyPopulate>true</AutomaticallyPopulate>
          <Name>Everyone</Name>
          <ResourceType>GroupOfWorkers</ResourceType>
          <EmailAddress />
          <UserId />
          <ManagerialLevel>0</ManagerialLevel>
        </ResourceIdentity>
        <AccessType>MaintenanceAccess</AccessType>
        <PermissionType>FullControl</PermissionType>
      </ResourceAccess>
    </ResourceAccessList>
    <LastModifiedDate>2025-04-09T10:12:04.087</LastModifiedDate>
    <LastModifiedUser>97F3B0DB52FA4AEDAA3C31A531E8E1A8</LastModifiedUser>
    <LastModifiedUserName>_GTMTotalAgility</LastModifiedUserName>
  </Category>
  <Category>
    <Identity>
      <Id>E2A1706B60424707B39A1BDDDC8DB69C</Id>
      <AutomaticallyPopulate>true</AutomaticallyPopulate>
      <Name>TotalAgility Forms</Name>
      <Description />
    </Identity>
    <Description>TotalAgility Forms</Description>
    <ResourceAccessList>
      <ResourceAccess>
        <ResourceIdentity>
          <Id>3A6B3531C4A94AB481586701D94FC318</Id>
          <AutomaticallyPopulate>true</AutomaticallyPopulate>
          <Name>Administrators</Name>
          <ResourceType>GroupOfWorkers</ResourceType>
          <EmailAddress />
          <UserId />
          <ManagerialLevel>0</ManagerialLevel>
        </ResourceIdentity>
        <AccessType>MaintenanceAccess</AccessType>
        <PermissionType>FullControl</PermissionType>
      </ResourceAccess>
      <ResourceAccess>
        <ResourceIdentity>
          <Id>E3F09A384CF34AA98C1DC030A9FE670A</Id>
          <AutomaticallyPopulate>true</AutomaticallyPopulate>
          <Name>Device Users</Name>
          <ResourceType>GroupOfWorkers</ResourceType>
          <EmailAddress />
          <UserId />
          <ManagerialLevel>0</ManagerialLevel>
        </ResourceIdentity>
        <AccessType>MaintenanceAccess</AccessType>
        <PermissionType>FullControl</PermissionType>
      </ResourceAccess>
      <ResourceAccess>
        <ResourceIdentity>
          <Id>E7E11DA233B643C883814ADAAA11C0E1</Id>
          <AutomaticallyPopulate>true</AutomaticallyPopulate>
          <Name>Designers</Name>
          <ResourceType>GroupOfWorkers</ResourceType>
          <EmailAddress />
          <UserId />
          <ManagerialLevel>0</ManagerialLevel>
        </ResourceIdentity>
        <AccessType>MaintenanceAccess</AccessType>
        <PermissionType>FullControl</PermissionType>
      </ResourceAccess>
    </ResourceAccessList>
    <LastModifiedDate>2025-04-02T13:24:13.32</LastModifiedDate>
    <LastModifiedUser>7DF43CCDF24611D2804B00104B71BD10</LastModifiedUser>
    <LastModifiedUserName>TotalAgility</LastModifiedUserName>
  </Category>
</ArrayOfCategory>