<?xml version="1.0" encoding="utf-16"?>
<ArrayOfDataModel xmlns:xsd="http://www.w3.org/2001/XMLSchema" xmlns:xsi="http://www.w3.org/2001/XMLSchema-instance">
  <DataModel>
    <Identity>
      <Id>40B78A03CEDA0CFB2508497D35A5FD91</Id>
      <Version>2</Version>
      <Name>RAI-FRAUD-RESULT-METADATA</Name>
    </Identity>
    <Category>
      <Id>1FD99D2B4CF643E0BBE54B70D28380EE</Id>
      <AutomaticallyPopulate>true</AutomaticallyPopulate>
      <Name />
      <Description />
    </Category>
    <Data>
      <Fields>
        <DataModelField>
          <Identity>
            <Id>C26B68B6F0BA48808E23D7F3B1375097</Id>
            <Name>analysis_time</Name>
            <DisplayName>analysis_time</DisplayName>
          </Identity>
          <Type>Date</Type>
          <DefaultValue xsi:type="xsd:string">2025-03-03T23:34:48.846Z</DefaultValue>
          <SubFields />
          <IsUnnamed>false</IsUnnamed>
          <Scope>Public</Scope>
          <DecimalPrecision>0</DecimalPrecision>
          <FieldDisplayProperties>
            <VariableIdentity>
              <Id>C26B68B6F0BA48808E23D7F3B1375097</Id>
              <Version>0</Version>
              <OwnerId />
              <DisplayName />
              <Name />
            </VariableIdentity>
            <StringVariableDisplayProperties>
              <VariableControlType>Singleline</VariableControlType>
              <MaxNumberOfCharacters>0</MaxNumberOfCharacters>
              <LookupIdentity />
              <StaticData />
              <Mandatory>false</Mandatory>
            </StringVariableDisplayProperties>
            <MinDate xsi:nil="true" />
            <MaxDate xsi:nil="true" />
            <DecimalPrecision>0</DecimalPrecision>
            <ShowTime>false</ShowTime>
          </FieldDisplayProperties>
          <IsDefaultValueNull>false</IsDefaultValueNull>
        </DataModelField>
        <DataModelField>
          <Identity>
            <Id>9EB69C5F988A4124A2E4B1DAE5FEF8CF</Id>
            <Name>deployment_version</Name>
            <DisplayName>deployment_version</DisplayName>
          </Identity>
          <Type>Text</Type>
          <DefaultValue xsi:type="xsd:string" />
          <SubFields />
          <IsUnnamed>false</IsUnnamed>
          <Scope>Public</Scope>
          <DecimalPrecision>0</DecimalPrecision>
          <FieldDisplayProperties>
            <VariableIdentity>
              <Id>9EB69C5F988A4124A2E4B1DAE5FEF8CF</Id>
              <Version>0</Version>
              <OwnerId />
              <DisplayName />
              <Name />
            </VariableIdentity>
            <StringVariableDisplayProperties>
              <VariableControlType>Singleline</VariableControlType>
              <MaxNumberOfCharacters>10000</MaxNumberOfCharacters>
              <LookupIdentity />
              <StaticData />
              <Mandatory>false</Mandatory>
            </StringVariableDisplayProperties>
            <MinDate xsi:nil="true" />
            <MaxDate xsi:nil="true" />
            <DecimalPrecision>0</DecimalPrecision>
            <ShowTime>false</ShowTime>
          </FieldDisplayProperties>
          <IsDefaultValueNull>false</IsDefaultValueNull>
        </DataModelField>
        <DataModelField>
          <Identity>
            <Id>2FA3F89ADFF84C18A302617FCF3BF706</Id>
            <Name>document_class</Name>
            <DisplayName>document_class</DisplayName>
          </Identity>
          <Type>Object</Type>
          <SubFields>
            <DataModelField>
              <Identity>
                <Id>200F6E87EC324CE4B3C8028DA1C46FF3</Id>
                <Name>document_class_type</Name>
                <DisplayName>document_class_type</DisplayName>
              </Identity>
              <Type>Text</Type>
              <DefaultValue xsi:type="xsd:string" />
              <SubFields />
              <IsUnnamed>false</IsUnnamed>
              <Scope>Public</Scope>
              <DecimalPrecision>0</DecimalPrecision>
              <FieldDisplayProperties>
                <VariableIdentity>
                  <Id>200F6E87EC324CE4B3C8028DA1C46FF3</Id>
                  <Version>0</Version>
                  <OwnerId />
                  <DisplayName />
                  <Name />
                </VariableIdentity>
                <StringVariableDisplayProperties>
                  <VariableControlType>Singleline</VariableControlType>
                  <MaxNumberOfCharacters>10000</MaxNumberOfCharacters>
                  <LookupIdentity />
                  <StaticData />
                  <Mandatory>false</Mandatory>
                </StringVariableDisplayProperties>
                <MinDate xsi:nil="true" />
                <MaxDate xsi:nil="true" />
                <DecimalPrecision>0</DecimalPrecision>
                <ShowTime>false</ShowTime>
              </FieldDisplayProperties>
              <IsDefaultValueNull>false</IsDefaultValueNull>
            </DataModelField>
            <DataModelField>
              <Identity>
                <Id>C3EE94B3278A4CE9AC8BD22E72A62AC4</Id>
                <Name>id</Name>
                <DisplayName>id</DisplayName>
              </Identity>
              <Type>Text</Type>
              <DefaultValue xsi:type="xsd:string" />
              <SubFields />
              <IsUnnamed>false</IsUnnamed>
              <Scope>Public</Scope>
              <DecimalPrecision>0</DecimalPrecision>
              <FieldDisplayProperties>
                <VariableIdentity>
                  <Id>C3EE94B3278A4CE9AC8BD22E72A62AC4</Id>
                  <Version>0</Version>
                  <OwnerId />
                  <DisplayName />
                  <Name />
                </VariableIdentity>
                <StringVariableDisplayProperties>
                  <VariableControlType>Singleline</VariableControlType>
                  <MaxNumberOfCharacters>10000</MaxNumberOfCharacters>
                  <LookupIdentity />
                  <StaticData />
                  <Mandatory>false</Mandatory>
                </StringVariableDisplayProperties>
                <MinDate xsi:nil="true" />
                <MaxDate xsi:nil="true" />
                <DecimalPrecision>0</DecimalPrecision>
                <ShowTime>false</ShowTime>
              </FieldDisplayProperties>
              <IsDefaultValueNull>false</IsDefaultValueNull>
            </DataModelField>
            <DataModelField>
              <Identity>
                <Id>237298416F854F5D91DCF72ED9422DC9</Id>
                <Name>type</Name>
                <DisplayName>type</DisplayName>
              </Identity>
              <Type>Text</Type>
              <DefaultValue xsi:type="xsd:string" />
              <SubFields />
              <IsUnnamed>false</IsUnnamed>
              <Scope>Public</Scope>
              <DecimalPrecision>0</DecimalPrecision>
              <FieldDisplayProperties>
                <VariableIdentity>
                  <Id>237298416F854F5D91DCF72ED9422DC9</Id>
                  <Version>0</Version>
                  <OwnerId />
                  <DisplayName />
                  <Name />
                </VariableIdentity>
                <StringVariableDisplayProperties>
                  <VariableControlType>Singleline</VariableControlType>
                  <MaxNumberOfCharacters>10000</MaxNumberOfCharacters>
                  <LookupIdentity />
                  <StaticData />
                  <Mandatory>false</Mandatory>
                </StringVariableDisplayProperties>
                <MinDate xsi:nil="true" />
                <MaxDate xsi:nil="true" />
                <DecimalPrecision>0</DecimalPrecision>
                <ShowTime>false</ShowTime>
              </FieldDisplayProperties>
              <IsDefaultValueNull>false</IsDefaultValueNull>
            </DataModelField>
          </SubFields>
          <IsUnnamed>false</IsUnnamed>
          <Scope>Public</Scope>
          <DecimalPrecision>0</DecimalPrecision>
          <IsDefaultValueNull>false</IsDefaultValueNull>
        </DataModelField>
        <DataModelField>
          <Identity>
            <Id>0872EAE677A04175ADE8F9809E86F36F</Id>
            <Name>file_type</Name>
            <DisplayName>file_type</DisplayName>
          </Identity>
          <Type>Text</Type>
          <DefaultValue xsi:type="xsd:string" />
          <SubFields />
          <IsUnnamed>false</IsUnnamed>
          <Scope>Public</Scope>
          <DecimalPrecision>0</DecimalPrecision>
          <FieldDisplayProperties>
            <VariableIdentity>
              <Id>0872EAE677A04175ADE8F9809E86F36F</Id>
              <Version>0</Version>
              <OwnerId />
              <DisplayName />
              <Name />
            </VariableIdentity>
            <StringVariableDisplayProperties>
              <VariableControlType>Singleline</VariableControlType>
              <MaxNumberOfCharacters>10000</MaxNumberOfCharacters>
              <LookupIdentity />
              <StaticData />
              <Mandatory>false</Mandatory>
            </StringVariableDisplayProperties>
            <MinDate xsi:nil="true" />
            <MaxDate xsi:nil="true" />
            <DecimalPrecision>0</DecimalPrecision>
            <ShowTime>false</ShowTime>
          </FieldDisplayProperties>
          <IsDefaultValueNull>false</IsDefaultValueNull>
        </DataModelField>
        <DataModelField>
          <Identity>
            <Id>2337CB9D87544014B21C423A73726643</Id>
            <Name>filtered_parsed_pages</Name>
            <DisplayName>filtered_parsed_pages</DisplayName>
          </Identity>
          <Type>ObjectArray</Type>
          <SubFields />
          <IsUnnamed>false</IsUnnamed>
          <Scope>Public</Scope>
          <DecimalPrecision>0</DecimalPrecision>
          <IsDefaultValueNull>false</IsDefaultValueNull>
        </DataModelField>
        <DataModelField>
          <Identity>
            <Id>262AB7DF7DD34AA5A5255B5411534A9A</Id>
            <Name>indicators</Name>
            <DisplayName>indicators</DisplayName>
          </Identity>
          <Type>ObjectArray</Type>
          <SubFields>
            <DataModelField>
              <Identity>
                <Id>D87DC21F760D4642A75E0905B6654959</Id>
                <Name>category</Name>
                <DisplayName>category</DisplayName>
              </Identity>
              <Type>Text</Type>
              <DefaultValue xsi:type="xsd:string" />
              <SubFields />
              <IsUnnamed>false</IsUnnamed>
              <Scope>Public</Scope>
              <DecimalPrecision>0</DecimalPrecision>
              <FieldDisplayProperties>
                <VariableIdentity>
                  <Id>D87DC21F760D4642A75E0905B6654959</Id>
                  <Version>0</Version>
                  <OwnerId />
                  <DisplayName />
                  <Name />
                </VariableIdentity>
                <StringVariableDisplayProperties>
                  <VariableControlType>Singleline</VariableControlType>
                  <MaxNumberOfCharacters>10000</MaxNumberOfCharacters>
                  <LookupIdentity />
                  <StaticData />
                  <Mandatory>false</Mandatory>
                </StringVariableDisplayProperties>
                <MinDate xsi:nil="true" />
                <MaxDate xsi:nil="true" />
                <DecimalPrecision>0</DecimalPrecision>
                <ShowTime>false</ShowTime>
              </FieldDisplayProperties>
              <IsDefaultValueNull>false</IsDefaultValueNull>
            </DataModelField>
            <DataModelField>
              <Identity>
                <Id>81B4F961DCD24024A8970E46C7823940</Id>
                <Name>description</Name>
                <DisplayName>description</DisplayName>
              </Identity>
              <Type>Text</Type>
              <DefaultValue xsi:type="xsd:string" />
              <SubFields />
              <IsUnnamed>false</IsUnnamed>
              <Scope>Public</Scope>
              <DecimalPrecision>0</DecimalPrecision>
              <FieldDisplayProperties>
                <VariableIdentity>
                  <Id>81B4F961DCD24024A8970E46C7823940</Id>
                  <Version>0</Version>
                  <OwnerId />
                  <DisplayName />
                  <Name />
                </VariableIdentity>
                <StringVariableDisplayProperties>
                  <VariableControlType>Singleline</VariableControlType>
                  <MaxNumberOfCharacters>10000</MaxNumberOfCharacters>
                  <LookupIdentity />
                  <StaticData />
                  <Mandatory>false</Mandatory>
                </StringVariableDisplayProperties>
                <MinDate xsi:nil="true" />
                <MaxDate xsi:nil="true" />
                <DecimalPrecision>0</DecimalPrecision>
                <ShowTime>false</ShowTime>
              </FieldDisplayProperties>
              <IsDefaultValueNull>false</IsDefaultValueNull>
            </DataModelField>
            <DataModelField>
              <Identity>
                <Id>49D5D3ABAEDB4A64953BD13733B76890</Id>
                <Name>indicator_attributes</Name>
                <DisplayName>indicator_attributes</DisplayName>
              </Identity>
              <Type>Object</Type>
              <SubFields>
                <DataModelField>
                  <Identity>
                    <Id>4A2943B2E70D4E7FB37AA2E58CC61898</Id>
                    <Name>detected_logos</Name>
                    <DisplayName>detected_logos</DisplayName>
                  </Identity>
                  <Type>ObjectArray</Type>
                  <SubFields>
                    <DataModelField>
                      <Identity>
                        <Id>39626153E99F4CDA919D2F5C2B6BC8AE</Id>
                        <Name>authority_country</Name>
                        <DisplayName>authority_country</DisplayName>
                      </Identity>
                      <Type>Text</Type>
                      <DefaultValue xsi:type="xsd:string" />
                      <SubFields />
                      <IsUnnamed>false</IsUnnamed>
                      <Scope>Public</Scope>
                      <DecimalPrecision>0</DecimalPrecision>
                      <FieldDisplayProperties>
                        <VariableIdentity>
                          <Id>39626153E99F4CDA919D2F5C2B6BC8AE</Id>
                          <Version>0</Version>
                          <OwnerId />
                          <DisplayName />
                          <Name />
                        </VariableIdentity>
                        <StringVariableDisplayProperties>
                          <VariableControlType>Singleline</VariableControlType>
                          <MaxNumberOfCharacters>10000</MaxNumberOfCharacters>
                          <LookupIdentity />
                          <StaticData />
                          <Mandatory>false</Mandatory>
                        </StringVariableDisplayProperties>
                        <MinDate xsi:nil="true" />
                        <MaxDate xsi:nil="true" />
                        <DecimalPrecision>0</DecimalPrecision>
                        <ShowTime>false</ShowTime>
                      </FieldDisplayProperties>
                      <IsDefaultValueNull>false</IsDefaultValueNull>
                    </DataModelField>
                    <DataModelField>
                      <Identity>
                        <Id>141E6840E84E4EBA95565D4812B1E034</Id>
                        <Name>authority_id</Name>
                        <DisplayName>authority_id</DisplayName>
                      </Identity>
                      <Type>Text</Type>
                      <DefaultValue xsi:type="xsd:string" />
                      <SubFields />
                      <IsUnnamed>false</IsUnnamed>
                      <Scope>Public</Scope>
                      <DecimalPrecision>0</DecimalPrecision>
                      <FieldDisplayProperties>
                        <VariableIdentity>
                          <Id>141E6840E84E4EBA95565D4812B1E034</Id>
                          <Version>0</Version>
                          <OwnerId />
                          <DisplayName />
                          <Name />
                        </VariableIdentity>
                        <StringVariableDisplayProperties>
                          <VariableControlType>Singleline</VariableControlType>
                          <MaxNumberOfCharacters>10000</MaxNumberOfCharacters>
                          <LookupIdentity />
                          <StaticData />
                          <Mandatory>false</Mandatory>
                        </StringVariableDisplayProperties>
                        <MinDate xsi:nil="true" />
                        <MaxDate xsi:nil="true" />
                        <DecimalPrecision>0</DecimalPrecision>
                        <ShowTime>false</ShowTime>
                      </FieldDisplayProperties>
                      <IsDefaultValueNull>false</IsDefaultValueNull>
                    </DataModelField>
                    <DataModelField>
                      <Identity>
                        <Id>2F43949D76054C499AF0A33F624CDDCB</Id>
                        <Name>authority_name</Name>
                        <DisplayName>authority_name</DisplayName>
                      </Identity>
                      <Type>Text</Type>
                      <DefaultValue xsi:type="xsd:string" />
                      <SubFields />
                      <IsUnnamed>false</IsUnnamed>
                      <Scope>Public</Scope>
                      <DecimalPrecision>0</DecimalPrecision>
                      <FieldDisplayProperties>
                        <VariableIdentity>
                          <Id>2F43949D76054C499AF0A33F624CDDCB</Id>
                          <Version>0</Version>
                          <OwnerId />
                          <DisplayName />
                          <Name />
                        </VariableIdentity>
                        <StringVariableDisplayProperties>
                          <VariableControlType>Singleline</VariableControlType>
                          <MaxNumberOfCharacters>10000</MaxNumberOfCharacters>
                          <LookupIdentity />
                          <StaticData />
                          <Mandatory>false</Mandatory>
                        </StringVariableDisplayProperties>
                        <MinDate xsi:nil="true" />
                        <MaxDate xsi:nil="true" />
                        <DecimalPrecision>0</DecimalPrecision>
                        <ShowTime>false</ShowTime>
                      </FieldDisplayProperties>
                      <IsDefaultValueNull>false</IsDefaultValueNull>
                    </DataModelField>
                    <DataModelField>
                      <Identity>
                        <Id>A6CAA39BB79D4FDF853FACF406FB93F5</Id>
                        <Name>authority_type</Name>
                        <DisplayName>authority_type</DisplayName>
                      </Identity>
                      <Type>Text</Type>
                      <DefaultValue xsi:type="xsd:string" />
                      <SubFields />
                      <IsUnnamed>false</IsUnnamed>
                      <Scope>Public</Scope>
                      <DecimalPrecision>0</DecimalPrecision>
                      <FieldDisplayProperties>
                        <VariableIdentity>
                          <Id>A6CAA39BB79D4FDF853FACF406FB93F5</Id>
                          <Version>0</Version>
                          <OwnerId />
                          <DisplayName />
                          <Name />
                        </VariableIdentity>
                        <StringVariableDisplayProperties>
                          <VariableControlType>Singleline</VariableControlType>
                          <MaxNumberOfCharacters>10000</MaxNumberOfCharacters>
                          <LookupIdentity />
                          <StaticData />
                          <Mandatory>false</Mandatory>
                        </StringVariableDisplayProperties>
                        <MinDate xsi:nil="true" />
                        <MaxDate xsi:nil="true" />
                        <DecimalPrecision>0</DecimalPrecision>
                        <ShowTime>false</ShowTime>
                      </FieldDisplayProperties>
                      <IsDefaultValueNull>false</IsDefaultValueNull>
                    </DataModelField>
                  </SubFields>
                  <IsUnnamed>false</IsUnnamed>
                  <Scope>Public</Scope>
                  <DecimalPrecision>0</DecimalPrecision>
                  <IsDefaultValueNull>false</IsDefaultValueNull>
                </DataModelField>
                <DataModelField>
                  <Identity>
                    <Id>F0550426D5184839994565D1D17DEF83</Id>
                    <Name>indicator_id</Name>
                    <DisplayName>indicator_id</DisplayName>
                  </Identity>
                  <Type>Text</Type>
                  <DefaultValue xsi:type="xsd:string" />
                  <SubFields />
                  <IsUnnamed>false</IsUnnamed>
                  <Scope>Public</Scope>
                  <DecimalPrecision>0</DecimalPrecision>
                  <FieldDisplayProperties>
                    <VariableIdentity>
                      <Id>F0550426D5184839994565D1D17DEF83</Id>
                      <Version>0</Version>
                      <OwnerId />
                      <DisplayName />
                      <Name />
                    </VariableIdentity>
                    <StringVariableDisplayProperties>
                      <VariableControlType>Singleline</VariableControlType>
                      <MaxNumberOfCharacters>10000</MaxNumberOfCharacters>
                      <LookupIdentity />
                      <StaticData />
                      <Mandatory>false</Mandatory>
                    </StringVariableDisplayProperties>
                    <MinDate xsi:nil="true" />
                    <MaxDate xsi:nil="true" />
                    <DecimalPrecision>0</DecimalPrecision>
                    <ShowTime>false</ShowTime>
                  </FieldDisplayProperties>
                  <IsDefaultValueNull>false</IsDefaultValueNull>
                </DataModelField>
                <DataModelField>
                  <Identity>
                    <Id>87A6F2D44DFA4923A653B81DB78E1804</Id>
                    <Name>logo_primary</Name>
                    <DisplayName>logo_primary</DisplayName>
                  </Identity>
                  <Type>Object</Type>
                  <SubFields />
                  <IsUnnamed>false</IsUnnamed>
                  <Scope>Public</Scope>
                  <DecimalPrecision>0</DecimalPrecision>
                  <IsDefaultValueNull>false</IsDefaultValueNull>
                </DataModelField>
              </SubFields>
              <IsUnnamed>false</IsUnnamed>
              <Scope>Public</Scope>
              <DecimalPrecision>0</DecimalPrecision>
              <IsDefaultValueNull>false</IsDefaultValueNull>
            </DataModelField>
            <DataModelField>
              <Identity>
                <Id>6178354EB9714C758563EDF0C19E52BE</Id>
                <Name>indicator_id</Name>
                <DisplayName>indicator_id</DisplayName>
              </Identity>
              <Type>Text</Type>
              <DefaultValue xsi:type="xsd:string" />
              <SubFields />
              <IsUnnamed>false</IsUnnamed>
              <Scope>Public</Scope>
              <DecimalPrecision>0</DecimalPrecision>
              <FieldDisplayProperties>
                <VariableIdentity>
                  <Id>6178354EB9714C758563EDF0C19E52BE</Id>
                  <Version>0</Version>
                  <OwnerId />
                  <DisplayName />
                  <Name />
                </VariableIdentity>
                <StringVariableDisplayProperties>
                  <VariableControlType>Singleline</VariableControlType>
                  <MaxNumberOfCharacters>10000</MaxNumberOfCharacters>
                  <LookupIdentity />
                  <StaticData />
                  <Mandatory>false</Mandatory>
                </StringVariableDisplayProperties>
                <MinDate xsi:nil="true" />
                <MaxDate xsi:nil="true" />
                <DecimalPrecision>0</DecimalPrecision>
                <ShowTime>false</ShowTime>
              </FieldDisplayProperties>
              <IsDefaultValueNull>false</IsDefaultValueNull>
            </DataModelField>
            <DataModelField>
              <Identity>
                <Id>4D7AD4358C8E4955835E0497CB224F6C</Id>
                <Name>metadata</Name>
                <DisplayName>metadata</DisplayName>
              </Identity>
              <Type>Object</Type>
              <SubFields>
                <DataModelField>
                  <Identity>
                    <Id>9F508C22BD7E48C5962A782394808D84</Id>
                    <Name>columns_definition</Name>
                    <DisplayName>columns_definition</DisplayName>
                  </Identity>
                  <Type>ObjectArray</Type>
                  <SubFields>
                    <DataModelField>
                      <Identity>
                        <Id>50A85A995F9B4D0983357A8C211D0D46</Id>
                        <Name>column_name</Name>
                        <DisplayName>column_name</DisplayName>
                      </Identity>
                      <Type>Text</Type>
                      <DefaultValue xsi:type="xsd:string" />
                      <SubFields />
                      <IsUnnamed>false</IsUnnamed>
                      <Scope>Public</Scope>
                      <DecimalPrecision>0</DecimalPrecision>
                      <FieldDisplayProperties>
                        <VariableIdentity>
                          <Id>50A85A995F9B4D0983357A8C211D0D46</Id>
                          <Version>0</Version>
                          <OwnerId />
                          <DisplayName />
                          <Name />
                        </VariableIdentity>
                        <StringVariableDisplayProperties>
                          <VariableControlType>Singleline</VariableControlType>
                          <MaxNumberOfCharacters>10000</MaxNumberOfCharacters>
                          <LookupIdentity />
                          <StaticData />
                          <Mandatory>false</Mandatory>
                        </StringVariableDisplayProperties>
                        <MinDate xsi:nil="true" />
                        <MaxDate xsi:nil="true" />
                        <DecimalPrecision>0</DecimalPrecision>
                        <ShowTime>false</ShowTime>
                      </FieldDisplayProperties>
                      <IsDefaultValueNull>false</IsDefaultValueNull>
                    </DataModelField>
                    <DataModelField>
                      <Identity>
                        <Id>8FA9B19F43854BA59710BDE5ADF38AA5</Id>
                        <Name>field_name</Name>
                        <DisplayName>field_name</DisplayName>
                      </Identity>
                      <Type>Text</Type>
                      <DefaultValue xsi:type="xsd:string" />
                      <SubFields />
                      <IsUnnamed>false</IsUnnamed>
                      <Scope>Public</Scope>
                      <DecimalPrecision>0</DecimalPrecision>
                      <FieldDisplayProperties>
                        <VariableIdentity>
                          <Id>8FA9B19F43854BA59710BDE5ADF38AA5</Id>
                          <Version>0</Version>
                          <OwnerId />
                          <DisplayName />
                          <Name />
                        </VariableIdentity>
                        <StringVariableDisplayProperties>
                          <VariableControlType>Singleline</VariableControlType>
                          <MaxNumberOfCharacters>10000</MaxNumberOfCharacters>
                          <LookupIdentity />
                          <StaticData />
                          <Mandatory>false</Mandatory>
                        </StringVariableDisplayProperties>
                        <MinDate xsi:nil="true" />
                        <MaxDate xsi:nil="true" />
                        <DecimalPrecision>0</DecimalPrecision>
                        <ShowTime>false</ShowTime>
                      </FieldDisplayProperties>
                      <IsDefaultValueNull>false</IsDefaultValueNull>
                    </DataModelField>
                  </SubFields>
                  <IsUnnamed>false</IsUnnamed>
                  <Scope>Public</Scope>
                  <DecimalPrecision>0</DecimalPrecision>
                  <IsDefaultValueNull>false</IsDefaultValueNull>
                </DataModelField>
                <DataModelField>
                  <Identity>
                    <Id>BAE82EED705940268F0D24BB38A0CF5A</Id>
                    <Name>data</Name>
                    <DisplayName>data</DisplayName>
                  </Identity>
                  <Type>ObjectArray</Type>
                  <SubFields>
                    <DataModelField>
                      <Identity>
                        <Id>957404FE26CA459A9333A040D08EDA00</Id>
                        <Name>bbox</Name>
                        <DisplayName>bbox</DisplayName>
                      </Identity>
                      <Type>Object</Type>
                      <SubFields>
                        <DataModelField>
                          <Identity>
                            <Id>B8877BEFD2814E6FB1E4A766E90AF69C</Id>
                            <Name>height</Name>
                            <DisplayName>height</DisplayName>
                          </Identity>
                          <Type>Number</Type>
                          <DefaultValue xsi:type="xsd:int">0</DefaultValue>
                          <SubFields />
                          <IsUnnamed>false</IsUnnamed>
                          <Scope>Public</Scope>
                          <DecimalPrecision>0</DecimalPrecision>
                          <FieldDisplayProperties>
                            <VariableIdentity>
                              <Id>B8877BEFD2814E6FB1E4A766E90AF69C</Id>
                              <Version>0</Version>
                              <OwnerId />
                              <DisplayName />
                              <Name />
                            </VariableIdentity>
                            <StringVariableDisplayProperties>
                              <VariableControlType>Singleline</VariableControlType>
                              <MaxNumberOfCharacters>0</MaxNumberOfCharacters>
                              <LookupIdentity />
                              <StaticData />
                              <Mandatory>false</Mandatory>
                            </StringVariableDisplayProperties>
                            <MinValue>-900719925474</MinValue>
                            <MaxValue>900719925474</MaxValue>
                            <MinDate xsi:nil="true" />
                            <MaxDate xsi:nil="true" />
                            <DecimalPrecision>0</DecimalPrecision>
                            <ShowTime>false</ShowTime>
                          </FieldDisplayProperties>
                          <IsDefaultValueNull>false</IsDefaultValueNull>
                        </DataModelField>
                        <DataModelField>
                          <Identity>
                            <Id>8C6BE75105E44E349ACB6097A271EB4A</Id>
                            <Name>width</Name>
                            <DisplayName>width</DisplayName>
                          </Identity>
                          <Type>Number</Type>
                          <DefaultValue xsi:type="xsd:int">0</DefaultValue>
                          <SubFields />
                          <IsUnnamed>false</IsUnnamed>
                          <Scope>Public</Scope>
                          <DecimalPrecision>0</DecimalPrecision>
                          <FieldDisplayProperties>
                            <VariableIdentity>
                              <Id>8C6BE75105E44E349ACB6097A271EB4A</Id>
                              <Version>0</Version>
                              <OwnerId />
                              <DisplayName />
                              <Name />
                            </VariableIdentity>
                            <StringVariableDisplayProperties>
                              <VariableControlType>Singleline</VariableControlType>
                              <MaxNumberOfCharacters>0</MaxNumberOfCharacters>
                              <LookupIdentity />
                              <StaticData />
                              <Mandatory>false</Mandatory>
                            </StringVariableDisplayProperties>
                            <MinValue>-900719925474</MinValue>
                            <MaxValue>900719925474</MaxValue>
                            <MinDate xsi:nil="true" />
                            <MaxDate xsi:nil="true" />
                            <DecimalPrecision>0</DecimalPrecision>
                            <ShowTime>false</ShowTime>
                          </FieldDisplayProperties>
                          <IsDefaultValueNull>false</IsDefaultValueNull>
                        </DataModelField>
                        <DataModelField>
                          <Identity>
                            <Id>D0D9513729504953BA14386B957B4532</Id>
                            <Name>x</Name>
                            <DisplayName>x</DisplayName>
                          </Identity>
                          <Type>Number</Type>
                          <DefaultValue xsi:type="xsd:int">0</DefaultValue>
                          <SubFields />
                          <IsUnnamed>false</IsUnnamed>
                          <Scope>Public</Scope>
                          <DecimalPrecision>0</DecimalPrecision>
                          <FieldDisplayProperties>
                            <VariableIdentity>
                              <Id>D0D9513729504953BA14386B957B4532</Id>
                              <Version>0</Version>
                              <OwnerId />
                              <DisplayName />
                              <Name />
                            </VariableIdentity>
                            <StringVariableDisplayProperties>
                              <VariableControlType>Singleline</VariableControlType>
                              <MaxNumberOfCharacters>0</MaxNumberOfCharacters>
                              <LookupIdentity />
                              <StaticData />
                              <Mandatory>false</Mandatory>
                            </StringVariableDisplayProperties>
                            <MinValue>-900719925474</MinValue>
                            <MaxValue>900719925474</MaxValue>
                            <MinDate xsi:nil="true" />
                            <MaxDate xsi:nil="true" />
                            <DecimalPrecision>0</DecimalPrecision>
                            <ShowTime>false</ShowTime>
                          </FieldDisplayProperties>
                          <IsDefaultValueNull>false</IsDefaultValueNull>
                        </DataModelField>
                        <DataModelField>
                          <Identity>
                            <Id>C08B10738A6E4FE8874E3A68AB91763E</Id>
                            <Name>y</Name>
                            <DisplayName>y</DisplayName>
                          </Identity>
                          <Type>Number</Type>
                          <DefaultValue xsi:type="xsd:int">0</DefaultValue>
                          <SubFields />
                          <IsUnnamed>false</IsUnnamed>
                          <Scope>Public</Scope>
                          <DecimalPrecision>0</DecimalPrecision>
                          <FieldDisplayProperties>
                            <VariableIdentity>
                              <Id>C08B10738A6E4FE8874E3A68AB91763E</Id>
                              <Version>0</Version>
                              <OwnerId />
                              <DisplayName />
                              <Name />
                            </VariableIdentity>
                            <StringVariableDisplayProperties>
                              <VariableControlType>Singleline</VariableControlType>
                              <MaxNumberOfCharacters>0</MaxNumberOfCharacters>
                              <LookupIdentity />
                              <StaticData />
                              <Mandatory>false</Mandatory>
                            </StringVariableDisplayProperties>
                            <MinValue>-900719925474</MinValue>
                            <MaxValue>900719925474</MaxValue>
                            <MinDate xsi:nil="true" />
                            <MaxDate xsi:nil="true" />
                            <DecimalPrecision>0</DecimalPrecision>
                            <ShowTime>false</ShowTime>
                          </FieldDisplayProperties>
                          <IsDefaultValueNull>false</IsDefaultValueNull>
                        </DataModelField>
                      </SubFields>
                      <IsUnnamed>false</IsUnnamed>
                      <Scope>Public</Scope>
                      <DecimalPrecision>0</DecimalPrecision>
                      <IsDefaultValueNull>false</IsDefaultValueNull>
                    </DataModelField>
                    <DataModelField>
                      <Identity>
                        <Id>CA5B29E318154D0192DE935F74207C08</Id>
                        <Name>page_id</Name>
                        <DisplayName>page_id</DisplayName>
                      </Identity>
                      <Type>Number</Type>
                      <DefaultValue xsi:type="xsd:int">0</DefaultValue>
                      <SubFields />
                      <IsUnnamed>false</IsUnnamed>
                      <Scope>Public</Scope>
                      <DecimalPrecision>0</DecimalPrecision>
                      <FieldDisplayProperties>
                        <VariableIdentity>
                          <Id>CA5B29E318154D0192DE935F74207C08</Id>
                          <Version>0</Version>
                          <OwnerId />
                          <DisplayName />
                          <Name />
                        </VariableIdentity>
                        <StringVariableDisplayProperties>
                          <VariableControlType>Singleline</VariableControlType>
                          <MaxNumberOfCharacters>0</MaxNumberOfCharacters>
                          <LookupIdentity />
                          <StaticData />
                          <Mandatory>false</Mandatory>
                        </StringVariableDisplayProperties>
                        <MinValue>-900719925474</MinValue>
                        <MaxValue>900719925474</MaxValue>
                        <MinDate xsi:nil="true" />
                        <MaxDate xsi:nil="true" />
                        <DecimalPrecision>0</DecimalPrecision>
                        <ShowTime>false</ShowTime>
                      </FieldDisplayProperties>
                      <IsDefaultValueNull>false</IsDefaultValueNull>
                    </DataModelField>
                    <DataModelField>
                      <Identity>
                        <Id>CDD0DB387B0F4989A14D1469CFC8E4C4</Id>
                        <Name>type</Name>
                        <DisplayName>type</DisplayName>
                      </Identity>
                      <Type>Text</Type>
                      <DefaultValue xsi:type="xsd:string" />
                      <SubFields />
                      <IsUnnamed>false</IsUnnamed>
                      <Scope>Public</Scope>
                      <DecimalPrecision>0</DecimalPrecision>
                      <FieldDisplayProperties>
                        <VariableIdentity>
                          <Id>CDD0DB387B0F4989A14D1469CFC8E4C4</Id>
                          <Version>0</Version>
                          <OwnerId />
                          <DisplayName />
                          <Name />
                        </VariableIdentity>
                        <StringVariableDisplayProperties>
                          <VariableControlType>Singleline</VariableControlType>
                          <MaxNumberOfCharacters>10000</MaxNumberOfCharacters>
                          <LookupIdentity />
                          <StaticData />
                          <Mandatory>false</Mandatory>
                        </StringVariableDisplayProperties>
                        <MinDate xsi:nil="true" />
                        <MaxDate xsi:nil="true" />
                        <DecimalPrecision>0</DecimalPrecision>
                        <ShowTime>false</ShowTime>
                      </FieldDisplayProperties>
                      <IsDefaultValueNull>false</IsDefaultValueNull>
                    </DataModelField>
                    <DataModelField>
                      <Identity>
                        <Id>0AF55639B22E44C4BDC971D54617773D</Id>
                        <Name>text</Name>
                        <DisplayName>text</DisplayName>
                      </Identity>
                      <Type>Text</Type>
                      <DefaultValue xsi:type="xsd:string" />
                      <SubFields />
                      <IsUnnamed>false</IsUnnamed>
                      <Scope>Public</Scope>
                      <DecimalPrecision>0</DecimalPrecision>
                      <FieldDisplayProperties>
                        <VariableIdentity>
                          <Id>0AF55639B22E44C4BDC971D54617773D</Id>
                          <Version>0</Version>
                          <OwnerId />
                          <DisplayName />
                          <Name />
                        </VariableIdentity>
                        <StringVariableDisplayProperties>
                          <VariableControlType>Singleline</VariableControlType>
                          <MaxNumberOfCharacters>10000</MaxNumberOfCharacters>
                          <LookupIdentity />
                          <StaticData />
                          <Mandatory>false</Mandatory>
                        </StringVariableDisplayProperties>
                        <MinDate xsi:nil="true" />
                        <MaxDate xsi:nil="true" />
                        <DecimalPrecision>0</DecimalPrecision>
                        <ShowTime>false</ShowTime>
                      </FieldDisplayProperties>
                      <IsDefaultValueNull>false</IsDefaultValueNull>
                    </DataModelField>
                    <DataModelField>
                      <Identity>
                        <Id>0A13296DA8214462B93EA9E04F64268C</Id>
                        <Name>new_text</Name>
                        <DisplayName>new_text</DisplayName>
                      </Identity>
                      <Type>Text</Type>
                      <DefaultValue xsi:type="xsd:string" />
                      <SubFields />
                      <IsUnnamed>false</IsUnnamed>
                      <Scope>Public</Scope>
                      <DecimalPrecision>0</DecimalPrecision>
                      <FieldDisplayProperties>
                        <VariableIdentity>
                          <Id>0A13296DA8214462B93EA9E04F64268C</Id>
                          <Version>0</Version>
                          <OwnerId />
                          <DisplayName />
                          <Name />
                        </VariableIdentity>
                        <StringVariableDisplayProperties>
                          <VariableControlType>Singleline</VariableControlType>
                          <MaxNumberOfCharacters>10000</MaxNumberOfCharacters>
                          <LookupIdentity />
                          <StaticData />
                          <Mandatory>false</Mandatory>
                        </StringVariableDisplayProperties>
                        <MinDate xsi:nil="true" />
                        <MaxDate xsi:nil="true" />
                        <DecimalPrecision>0</DecimalPrecision>
                        <ShowTime>false</ShowTime>
                      </FieldDisplayProperties>
                      <IsDefaultValueNull>false</IsDefaultValueNull>
                    </DataModelField>
                    <DataModelField>
                      <Identity>
                        <Id>FF379D288C504237AB1AB61AFEBC5784</Id>
                        <Name>original_text</Name>
                        <DisplayName>original_text</DisplayName>
                      </Identity>
                      <Type>Text</Type>
                      <DefaultValue xsi:type="xsd:string" />
                      <SubFields />
                      <IsUnnamed>false</IsUnnamed>
                      <Scope>Public</Scope>
                      <DecimalPrecision>0</DecimalPrecision>
                      <FieldDisplayProperties>
                        <VariableIdentity>
                          <Id>FF379D288C504237AB1AB61AFEBC5784</Id>
                          <Version>0</Version>
                          <OwnerId />
                          <DisplayName />
                          <Name />
                        </VariableIdentity>
                        <StringVariableDisplayProperties>
                          <VariableControlType>Singleline</VariableControlType>
                          <MaxNumberOfCharacters>10000</MaxNumberOfCharacters>
                          <LookupIdentity />
                          <StaticData />
                          <Mandatory>false</Mandatory>
                        </StringVariableDisplayProperties>
                        <MinDate xsi:nil="true" />
                        <MaxDate xsi:nil="true" />
                        <DecimalPrecision>0</DecimalPrecision>
                        <ShowTime>false</ShowTime>
                      </FieldDisplayProperties>
                      <IsDefaultValueNull>false</IsDefaultValueNull>
                    </DataModelField>
                    <DataModelField>
                      <Identity>
                        <Id>DCE426AEA8F64DAB8EE4D449EEC7F2CF</Id>
                        <Name>CHILDFIELD1</Name>
                        <DisplayName>ChildField1</DisplayName>
                      </Identity>
                      <Type>ObjectArray</Type>
                      <SubFields>
                        <DataModelField>
                          <Identity>
                            <Id>24506F8CFA6345B988DD9EFDFE197679</Id>
                            <Name>CHILDFIELD1</Name>
                            <DisplayName>ChildField1</DisplayName>
                          </Identity>
                          <Type>Text</Type>
                          <DefaultValue xsi:type="xsd:string" />
                          <SubFields />
                          <IsUnnamed>true</IsUnnamed>
                          <Scope>Public</Scope>
                          <DecimalPrecision>0</DecimalPrecision>
                          <FieldDisplayProperties>
                            <VariableIdentity>
                              <Id>24506F8CFA6345B988DD9EFDFE197679</Id>
                              <Version>0</Version>
                              <OwnerId />
                              <DisplayName />
                              <Name />
                            </VariableIdentity>
                            <StringVariableDisplayProperties>
                              <VariableControlType>Singleline</VariableControlType>
                              <MaxNumberOfCharacters>10000</MaxNumberOfCharacters>
                              <LookupIdentity />
                              <StaticData />
                              <Mandatory>false</Mandatory>
                            </StringVariableDisplayProperties>
                            <MinDate xsi:nil="true" />
                            <MaxDate xsi:nil="true" />
                            <DecimalPrecision>0</DecimalPrecision>
                            <ShowTime>false</ShowTime>
                          </FieldDisplayProperties>
                          <IsDefaultValueNull>false</IsDefaultValueNull>
                        </DataModelField>
                      </SubFields>
                      <IsUnnamed>false</IsUnnamed>
                      <Scope>Public</Scope>
                      <DecimalPrecision>0</DecimalPrecision>
                      <IsDefaultValueNull>false</IsDefaultValueNull>
                    </DataModelField>
                  </SubFields>
                  <IsUnnamed>false</IsUnnamed>
                  <Scope>Public</Scope>
                  <DecimalPrecision>0</DecimalPrecision>
                  <IsDefaultValueNull>false</IsDefaultValueNull>
                </DataModelField>
                <DataModelField>
                  <Identity>
                    <Id>4754CB5029A6464D87FE9D2C9421D9D9</Id>
                    <Name>type</Name>
                    <DisplayName>type</DisplayName>
                  </Identity>
                  <Type>Text</Type>
                  <DefaultValue xsi:type="xsd:string" />
                  <SubFields />
                  <IsUnnamed>false</IsUnnamed>
                  <Scope>Public</Scope>
                  <DecimalPrecision>0</DecimalPrecision>
                  <FieldDisplayProperties>
                    <VariableIdentity>
                      <Id>4754CB5029A6464D87FE9D2C9421D9D9</Id>
                      <Version>0</Version>
                      <OwnerId />
                      <DisplayName />
                      <Name />
                    </VariableIdentity>
                    <StringVariableDisplayProperties>
                      <VariableControlType>Singleline</VariableControlType>
                      <MaxNumberOfCharacters>10000</MaxNumberOfCharacters>
                      <LookupIdentity />
                      <StaticData />
                      <Mandatory>false</Mandatory>
                    </StringVariableDisplayProperties>
                    <MinDate xsi:nil="true" />
                    <MaxDate xsi:nil="true" />
                    <DecimalPrecision>0</DecimalPrecision>
                    <ShowTime>false</ShowTime>
                  </FieldDisplayProperties>
                  <IsDefaultValueNull>false</IsDefaultValueNull>
                </DataModelField>
                <DataModelField>
                  <Identity>
                    <Id>F40E0AE70F3D401DA324B5E4B951A1B0</Id>
                    <Name>column_names</Name>
                    <DisplayName>column_names</DisplayName>
                  </Identity>
                  <Type>ObjectArray</Type>
                  <SubFields>
                    <DataModelField>
                      <Identity>
                        <Id>8ED1EBF2D0C940289138CB5929F84C2B</Id>
                        <Name>CHILDFIELD1</Name>
                        <DisplayName>ChildField1</DisplayName>
                      </Identity>
                      <Type>Text</Type>
                      <DefaultValue xsi:type="xsd:string" />
                      <SubFields />
                      <IsUnnamed>true</IsUnnamed>
                      <Scope>Public</Scope>
                      <DecimalPrecision>0</DecimalPrecision>
                      <FieldDisplayProperties>
                        <VariableIdentity>
                          <Id>8ED1EBF2D0C940289138CB5929F84C2B</Id>
                          <Version>0</Version>
                          <OwnerId />
                          <DisplayName />
                          <Name />
                        </VariableIdentity>
                        <StringVariableDisplayProperties>
                          <VariableControlType>Singleline</VariableControlType>
                          <MaxNumberOfCharacters>10000</MaxNumberOfCharacters>
                          <LookupIdentity />
                          <StaticData />
                          <Mandatory>false</Mandatory>
                        </StringVariableDisplayProperties>
                        <MinDate xsi:nil="true" />
                        <MaxDate xsi:nil="true" />
                        <DecimalPrecision>0</DecimalPrecision>
                        <ShowTime>false</ShowTime>
                      </FieldDisplayProperties>
                      <IsDefaultValueNull>false</IsDefaultValueNull>
                    </DataModelField>
                  </SubFields>
                  <IsUnnamed>false</IsUnnamed>
                  <Scope>Public</Scope>
                  <DecimalPrecision>0</DecimalPrecision>
                  <IsDefaultValueNull>false</IsDefaultValueNull>
                </DataModelField>
              </SubFields>
              <IsUnnamed>false</IsUnnamed>
              <Scope>Public</Scope>
              <DecimalPrecision>0</DecimalPrecision>
              <IsDefaultValueNull>false</IsDefaultValueNull>
            </DataModelField>
            <DataModelField>
              <Identity>
                <Id>70E346FA13EC4B7FBA547D62CDE83B12</Id>
                <Name>origin</Name>
                <DisplayName>origin</DisplayName>
              </Identity>
              <Type>Text</Type>
              <DefaultValue xsi:type="xsd:string" />
              <SubFields />
              <IsUnnamed>false</IsUnnamed>
              <Scope>Public</Scope>
              <DecimalPrecision>0</DecimalPrecision>
              <FieldDisplayProperties>
                <VariableIdentity>
                  <Id>70E346FA13EC4B7FBA547D62CDE83B12</Id>
                  <Version>0</Version>
                  <OwnerId />
                  <DisplayName />
                  <Name />
                </VariableIdentity>
                <StringVariableDisplayProperties>
                  <VariableControlType>Singleline</VariableControlType>
                  <MaxNumberOfCharacters>10000</MaxNumberOfCharacters>
                  <LookupIdentity />
                  <StaticData />
                  <Mandatory>false</Mandatory>
                </StringVariableDisplayProperties>
                <MinDate xsi:nil="true" />
                <MaxDate xsi:nil="true" />
                <DecimalPrecision>0</DecimalPrecision>
                <ShowTime>false</ShowTime>
              </FieldDisplayProperties>
              <IsDefaultValueNull>false</IsDefaultValueNull>
            </DataModelField>
            <DataModelField>
              <Identity>
                <Id>97E12DCBEEA84C209F57C385646996BE</Id>
                <Name>title</Name>
                <DisplayName>title</DisplayName>
              </Identity>
              <Type>Text</Type>
              <DefaultValue xsi:type="xsd:string" />
              <SubFields />
              <IsUnnamed>false</IsUnnamed>
              <Scope>Public</Scope>
              <DecimalPrecision>0</DecimalPrecision>
              <FieldDisplayProperties>
                <VariableIdentity>
                  <Id>97E12DCBEEA84C209F57C385646996BE</Id>
                  <Version>0</Version>
                  <OwnerId />
                  <DisplayName />
                  <Name />
                </VariableIdentity>
                <StringVariableDisplayProperties>
                  <VariableControlType>Singleline</VariableControlType>
                  <MaxNumberOfCharacters>10000</MaxNumberOfCharacters>
                  <LookupIdentity />
                  <StaticData />
                  <Mandatory>false</Mandatory>
                </StringVariableDisplayProperties>
                <MinDate xsi:nil="true" />
                <MaxDate xsi:nil="true" />
                <DecimalPrecision>0</DecimalPrecision>
                <ShowTime>false</ShowTime>
              </FieldDisplayProperties>
              <IsDefaultValueNull>false</IsDefaultValueNull>
            </DataModelField>
            <DataModelField>
              <Identity>
                <Id>D98BB6FFF35A42F0A96E4353B743BD3B</Id>
                <Name>type</Name>
                <DisplayName>type</DisplayName>
              </Identity>
              <Type>Text</Type>
              <DefaultValue xsi:type="xsd:string" />
              <SubFields />
              <IsUnnamed>false</IsUnnamed>
              <Scope>Public</Scope>
              <DecimalPrecision>0</DecimalPrecision>
              <FieldDisplayProperties>
                <VariableIdentity>
                  <Id>D98BB6FFF35A42F0A96E4353B743BD3B</Id>
                  <Version>0</Version>
                  <OwnerId />
                  <DisplayName />
                  <Name />
                </VariableIdentity>
                <StringVariableDisplayProperties>
                  <VariableControlType>Singleline</VariableControlType>
                  <MaxNumberOfCharacters>10000</MaxNumberOfCharacters>
                  <LookupIdentity />
                  <StaticData />
                  <Mandatory>false</Mandatory>
                </StringVariableDisplayProperties>
                <MinDate xsi:nil="true" />
                <MaxDate xsi:nil="true" />
                <DecimalPrecision>0</DecimalPrecision>
                <ShowTime>false</ShowTime>
              </FieldDisplayProperties>
              <IsDefaultValueNull>false</IsDefaultValueNull>
            </DataModelField>
          </SubFields>
          <IsUnnamed>false</IsUnnamed>
          <Scope>Public</Scope>
          <DecimalPrecision>0</DecimalPrecision>
          <IsDefaultValueNull>false</IsDefaultValueNull>
        </DataModelField>
        <DataModelField>
          <Identity>
            <Id>CB008B06DF854360AD2511C8832F3A9A</Id>
            <Name>mime_type</Name>
            <DisplayName>mime_type</DisplayName>
          </Identity>
          <Type>Text</Type>
          <DefaultValue xsi:type="xsd:string" />
          <SubFields />
          <IsUnnamed>false</IsUnnamed>
          <Scope>Public</Scope>
          <DecimalPrecision>0</DecimalPrecision>
          <FieldDisplayProperties>
            <VariableIdentity>
              <Id>CB008B06DF854360AD2511C8832F3A9A</Id>
              <Version>0</Version>
              <OwnerId />
              <DisplayName />
              <Name />
            </VariableIdentity>
            <StringVariableDisplayProperties>
              <VariableControlType>Singleline</VariableControlType>
              <MaxNumberOfCharacters>10000</MaxNumberOfCharacters>
              <LookupIdentity />
              <StaticData />
              <Mandatory>false</Mandatory>
            </StringVariableDisplayProperties>
            <MinDate xsi:nil="true" />
            <MaxDate xsi:nil="true" />
            <DecimalPrecision>0</DecimalPrecision>
            <ShowTime>false</ShowTime>
          </FieldDisplayProperties>
          <IsDefaultValueNull>false</IsDefaultValueNull>
        </DataModelField>
        <DataModelField>
          <Identity>
            <Id>6680F53DC2DD42DEB60F5800EEFBA643</Id>
            <Name>num_pages</Name>
            <DisplayName>num_pages</DisplayName>
          </Identity>
          <Type>Number</Type>
          <DefaultValue xsi:type="xsd:int">0</DefaultValue>
          <SubFields />
          <IsUnnamed>false</IsUnnamed>
          <Scope>Public</Scope>
          <DecimalPrecision>0</DecimalPrecision>
          <FieldDisplayProperties>
            <VariableIdentity>
              <Id>6680F53DC2DD42DEB60F5800EEFBA643</Id>
              <Version>0</Version>
              <OwnerId />
              <DisplayName />
              <Name />
            </VariableIdentity>
            <StringVariableDisplayProperties>
              <VariableControlType>Singleline</VariableControlType>
              <MaxNumberOfCharacters>0</MaxNumberOfCharacters>
              <LookupIdentity />
              <StaticData />
              <Mandatory>false</Mandatory>
            </StringVariableDisplayProperties>
            <MinValue>-900719925474</MinValue>
            <MaxValue>900719925474</MaxValue>
            <MinDate xsi:nil="true" />
            <MaxDate xsi:nil="true" />
            <DecimalPrecision>0</DecimalPrecision>
            <ShowTime>false</ShowTime>
          </FieldDisplayProperties>
          <IsDefaultValueNull>false</IsDefaultValueNull>
        </DataModelField>
        <DataModelField>
          <Identity>
            <Id>3A715736939946C3A131196E12868374</Id>
            <Name>query_id</Name>
            <DisplayName>query_id</DisplayName>
          </Identity>
          <Type>Text</Type>
          <DefaultValue xsi:type="xsd:string" />
          <SubFields />
          <IsUnnamed>false</IsUnnamed>
          <Scope>Public</Scope>
          <DecimalPrecision>0</DecimalPrecision>
          <FieldDisplayProperties>
            <VariableIdentity>
              <Id>3A715736939946C3A131196E12868374</Id>
              <Version>0</Version>
              <OwnerId />
              <DisplayName />
              <Name />
            </VariableIdentity>
            <StringVariableDisplayProperties>
              <VariableControlType>Singleline</VariableControlType>
              <MaxNumberOfCharacters>10000</MaxNumberOfCharacters>
              <LookupIdentity />
              <StaticData />
              <Mandatory>false</Mandatory>
            </StringVariableDisplayProperties>
            <MinDate xsi:nil="true" />
            <MaxDate xsi:nil="true" />
            <DecimalPrecision>0</DecimalPrecision>
            <ShowTime>false</ShowTime>
          </FieldDisplayProperties>
          <IsDefaultValueNull>false</IsDefaultValueNull>
        </DataModelField>
        <DataModelField>
          <Identity>
            <Id>9751DA79EC844BB09A8907C02C3171F3</Id>
            <Name>sample_metadata</Name>
            <DisplayName>sample_metadata</DisplayName>
          </Identity>
          <Type>Object</Type>
          <SubFields>
            <DataModelField>
              <Identity>
                <Id>C12F679DAD0B45488070E4BD3715EA04</Id>
                <Name>author</Name>
                <DisplayName>author</DisplayName>
              </Identity>
              <Type>Text</Type>
              <DefaultValue xsi:type="xsd:string" />
              <SubFields />
              <IsUnnamed>false</IsUnnamed>
              <Scope>Public</Scope>
              <DecimalPrecision>0</DecimalPrecision>
              <FieldDisplayProperties>
                <VariableIdentity>
                  <Id>C12F679DAD0B45488070E4BD3715EA04</Id>
                  <Version>0</Version>
                  <OwnerId />
                  <DisplayName />
                  <Name />
                </VariableIdentity>
                <StringVariableDisplayProperties>
                  <VariableControlType>Singleline</VariableControlType>
                  <MaxNumberOfCharacters>10000</MaxNumberOfCharacters>
                  <LookupIdentity />
                  <StaticData />
                  <Mandatory>false</Mandatory>
                </StringVariableDisplayProperties>
                <MinDate xsi:nil="true" />
                <MaxDate xsi:nil="true" />
                <DecimalPrecision>0</DecimalPrecision>
                <ShowTime>false</ShowTime>
              </FieldDisplayProperties>
              <IsDefaultValueNull>false</IsDefaultValueNull>
            </DataModelField>
            <DataModelField>
              <Identity>
                <Id>69508950CBFE441F8B9542B93ADF3322</Id>
                <Name>creation_date</Name>
                <DisplayName>creation_date</DisplayName>
              </Identity>
              <Type>Object</Type>
              <SubFields />
              <IsUnnamed>false</IsUnnamed>
              <Scope>Public</Scope>
              <DecimalPrecision>0</DecimalPrecision>
              <IsDefaultValueNull>false</IsDefaultValueNull>
            </DataModelField>
            <DataModelField>
              <Identity>
                <Id>53B74AE601E74CA891F9ED6CEF7DCDB4</Id>
                <Name>creator</Name>
                <DisplayName>creator</DisplayName>
              </Identity>
              <Type>Text</Type>
              <DefaultValue xsi:type="xsd:string" />
              <SubFields />
              <IsUnnamed>false</IsUnnamed>
              <Scope>Public</Scope>
              <DecimalPrecision>0</DecimalPrecision>
              <FieldDisplayProperties>
                <VariableIdentity>
                  <Id>53B74AE601E74CA891F9ED6CEF7DCDB4</Id>
                  <Version>0</Version>
                  <OwnerId />
                  <DisplayName />
                  <Name />
                </VariableIdentity>
                <StringVariableDisplayProperties>
                  <VariableControlType>Singleline</VariableControlType>
                  <MaxNumberOfCharacters>10000</MaxNumberOfCharacters>
                  <LookupIdentity />
                  <StaticData />
                  <Mandatory>false</Mandatory>
                </StringVariableDisplayProperties>
                <MinDate xsi:nil="true" />
                <MaxDate xsi:nil="true" />
                <DecimalPrecision>0</DecimalPrecision>
                <ShowTime>false</ShowTime>
              </FieldDisplayProperties>
              <IsDefaultValueNull>false</IsDefaultValueNull>
            </DataModelField>
            <DataModelField>
              <Identity>
                <Id>B8C47995D6224900AF5CD8F493E2631E</Id>
                <Name>keywords</Name>
                <DisplayName>keywords</DisplayName>
              </Identity>
              <Type>Object</Type>
              <SubFields />
              <IsUnnamed>false</IsUnnamed>
              <Scope>Public</Scope>
              <DecimalPrecision>0</DecimalPrecision>
              <IsDefaultValueNull>false</IsDefaultValueNull>
            </DataModelField>
            <DataModelField>
              <Identity>
                <Id>9BFE9A77B9FF453E9B091C88379A656B</Id>
                <Name>mod_date</Name>
                <DisplayName>mod_date</DisplayName>
              </Identity>
              <Type>Date</Type>
              <DefaultValue xsi:type="xsd:string">2025-03-03T23:34:48.850Z</DefaultValue>
              <SubFields />
              <IsUnnamed>false</IsUnnamed>
              <Scope>Public</Scope>
              <DecimalPrecision>0</DecimalPrecision>
              <FieldDisplayProperties>
                <VariableIdentity>
                  <Id>9BFE9A77B9FF453E9B091C88379A656B</Id>
                  <Version>0</Version>
                  <OwnerId />
                  <DisplayName />
                  <Name />
                </VariableIdentity>
                <StringVariableDisplayProperties>
                  <VariableControlType>Singleline</VariableControlType>
                  <MaxNumberOfCharacters>0</MaxNumberOfCharacters>
                  <LookupIdentity />
                  <StaticData />
                  <Mandatory>false</Mandatory>
                </StringVariableDisplayProperties>
                <MinDate xsi:nil="true" />
                <MaxDate xsi:nil="true" />
                <DecimalPrecision>0</DecimalPrecision>
                <ShowTime>false</ShowTime>
              </FieldDisplayProperties>
              <IsDefaultValueNull>false</IsDefaultValueNull>
            </DataModelField>
            <DataModelField>
              <Identity>
                <Id>3100AE3CF4934A208BCCF24908C6645C</Id>
                <Name>producer</Name>
                <DisplayName>producer</DisplayName>
              </Identity>
              <Type>Text</Type>
              <DefaultValue xsi:type="xsd:string" />
              <SubFields />
              <IsUnnamed>false</IsUnnamed>
              <Scope>Public</Scope>
              <DecimalPrecision>0</DecimalPrecision>
              <FieldDisplayProperties>
                <VariableIdentity>
                  <Id>3100AE3CF4934A208BCCF24908C6645C</Id>
                  <Version>0</Version>
                  <OwnerId />
                  <DisplayName />
                  <Name />
                </VariableIdentity>
                <StringVariableDisplayProperties>
                  <VariableControlType>Singleline</VariableControlType>
                  <MaxNumberOfCharacters>10000</MaxNumberOfCharacters>
                  <LookupIdentity />
                  <StaticData />
                  <Mandatory>false</Mandatory>
                </StringVariableDisplayProperties>
                <MinDate xsi:nil="true" />
                <MaxDate xsi:nil="true" />
                <DecimalPrecision>0</DecimalPrecision>
                <ShowTime>false</ShowTime>
              </FieldDisplayProperties>
              <IsDefaultValueNull>false</IsDefaultValueNull>
            </DataModelField>
            <DataModelField>
              <Identity>
                <Id>0D029F11E2EC4892A5F7B4EE05EA8CCD</Id>
                <Name>subject</Name>
                <DisplayName>subject</DisplayName>
              </Identity>
              <Type>Text</Type>
              <DefaultValue xsi:type="xsd:string" />
              <SubFields />
              <IsUnnamed>false</IsUnnamed>
              <Scope>Public</Scope>
              <DecimalPrecision>0</DecimalPrecision>
              <FieldDisplayProperties>
                <VariableIdentity>
                  <Id>0D029F11E2EC4892A5F7B4EE05EA8CCD</Id>
                  <Version>0</Version>
                  <OwnerId />
                  <DisplayName />
                  <Name />
                </VariableIdentity>
                <StringVariableDisplayProperties>
                  <VariableControlType>Singleline</VariableControlType>
                  <MaxNumberOfCharacters>10000</MaxNumberOfCharacters>
                  <LookupIdentity />
                  <StaticData />
                  <Mandatory>false</Mandatory>
                </StringVariableDisplayProperties>
                <MinDate xsi:nil="true" />
                <MaxDate xsi:nil="true" />
                <DecimalPrecision>0</DecimalPrecision>
                <ShowTime>false</ShowTime>
              </FieldDisplayProperties>
              <IsDefaultValueNull>false</IsDefaultValueNull>
            </DataModelField>
            <DataModelField>
              <Identity>
                <Id>21E5A3623A664798B361686895B3BF99</Id>
                <Name>title</Name>
                <DisplayName>title</DisplayName>
              </Identity>
              <Type>Text</Type>
              <DefaultValue xsi:type="xsd:string" />
              <SubFields />
              <IsUnnamed>false</IsUnnamed>
              <Scope>Public</Scope>
              <DecimalPrecision>0</DecimalPrecision>
              <FieldDisplayProperties>
                <VariableIdentity>
                  <Id>21E5A3623A664798B361686895B3BF99</Id>
                  <Version>0</Version>
                  <OwnerId />
                  <DisplayName />
                  <Name />
                </VariableIdentity>
                <StringVariableDisplayProperties>
                  <VariableControlType>Singleline</VariableControlType>
                  <MaxNumberOfCharacters>10000</MaxNumberOfCharacters>
                  <LookupIdentity />
                  <StaticData />
                  <Mandatory>false</Mandatory>
                </StringVariableDisplayProperties>
                <MinDate xsi:nil="true" />
                <MaxDate xsi:nil="true" />
                <DecimalPrecision>0</DecimalPrecision>
                <ShowTime>false</ShowTime>
              </FieldDisplayProperties>
              <IsDefaultValueNull>false</IsDefaultValueNull>
            </DataModelField>
          </SubFields>
          <IsUnnamed>false</IsUnnamed>
          <Scope>Public</Scope>
          <DecimalPrecision>0</DecimalPrecision>
          <IsDefaultValueNull>false</IsDefaultValueNull>
        </DataModelField>
        <DataModelField>
          <Identity>
            <Id>BEA64DEE027645B6BAA69BD6AC462FB2</Id>
            <Name>score</Name>
            <DisplayName>score</DisplayName>
          </Identity>
          <Type>Text</Type>
          <DefaultValue xsi:type="xsd:string" />
          <SubFields />
          <IsUnnamed>false</IsUnnamed>
          <Scope>Public</Scope>
          <DecimalPrecision>0</DecimalPrecision>
          <FieldDisplayProperties>
            <VariableIdentity>
              <Id>BEA64DEE027645B6BAA69BD6AC462FB2</Id>
              <Version>0</Version>
              <OwnerId />
              <DisplayName />
              <Name />
            </VariableIdentity>
            <StringVariableDisplayProperties>
              <VariableControlType>Singleline</VariableControlType>
              <MaxNumberOfCharacters>10000</MaxNumberOfCharacters>
              <LookupIdentity />
              <StaticData />
              <Mandatory>false</Mandatory>
            </StringVariableDisplayProperties>
            <MinDate xsi:nil="true" />
            <MaxDate xsi:nil="true" />
            <DecimalPrecision>0</DecimalPrecision>
            <ShowTime>false</ShowTime>
          </FieldDisplayProperties>
          <IsDefaultValueNull>false</IsDefaultValueNull>
        </DataModelField>
        <DataModelField>
          <Identity>
            <Id>26D5F596873A4C4B93BBA0F469F567F4</Id>
            <Name>sha256</Name>
            <DisplayName>sha256</DisplayName>
          </Identity>
          <Type>Text</Type>
          <DefaultValue xsi:type="xsd:string" />
          <SubFields />
          <IsUnnamed>false</IsUnnamed>
          <Scope>Public</Scope>
          <DecimalPrecision>0</DecimalPrecision>
          <FieldDisplayProperties>
            <VariableIdentity>
              <Id>26D5F596873A4C4B93BBA0F469F567F4</Id>
              <Version>0</Version>
              <OwnerId />
              <DisplayName />
              <Name />
            </VariableIdentity>
            <StringVariableDisplayProperties>
              <VariableControlType>Singleline</VariableControlType>
              <MaxNumberOfCharacters>10000</MaxNumberOfCharacters>
              <LookupIdentity />
              <StaticData />
              <Mandatory>false</Mandatory>
            </StringVariableDisplayProperties>
            <MinDate xsi:nil="true" />
            <MaxDate xsi:nil="true" />
            <DecimalPrecision>0</DecimalPrecision>
            <ShowTime>false</ShowTime>
          </FieldDisplayProperties>
          <IsDefaultValueNull>false</IsDefaultValueNull>
        </DataModelField>
        <DataModelField>
          <Identity>
            <Id>A07E30F4BEFD413ABE651DE3604DB49A</Id>
            <Name>status</Name>
            <DisplayName>status</DisplayName>
          </Identity>
          <Type>Text</Type>
          <DefaultValue xsi:type="xsd:string" />
          <SubFields />
          <IsUnnamed>false</IsUnnamed>
          <Scope>Public</Scope>
          <DecimalPrecision>0</DecimalPrecision>
          <FieldDisplayProperties>
            <VariableIdentity>
              <Id>A07E30F4BEFD413ABE651DE3604DB49A</Id>
              <Version>0</Version>
              <OwnerId />
              <DisplayName />
              <Name />
            </VariableIdentity>
            <StringVariableDisplayProperties>
              <VariableControlType>Singleline</VariableControlType>
              <MaxNumberOfCharacters>10000</MaxNumberOfCharacters>
              <LookupIdentity />
              <StaticData />
              <Mandatory>false</Mandatory>
            </StringVariableDisplayProperties>
            <MinDate xsi:nil="true" />
            <MaxDate xsi:nil="true" />
            <DecimalPrecision>0</DecimalPrecision>
            <ShowTime>false</ShowTime>
          </FieldDisplayProperties>
          <IsDefaultValueNull>false</IsDefaultValueNull>
        </DataModelField>
      </Fields>
      <Scope>Public</Scope>
    </Data>
    <Status>Released</Status>
    <Description />
    <OwnerId>72A294E884ABB9439E54EDC748435108</OwnerId>
    <LastModifiedDate>2025-03-03T15:35:59.213</LastModifiedDate>
    <LastModifiedBy>
      <Id>0F077BDD02FF4896B748D80C06D24FE7</Id>
      <AutomaticallyPopulate>true</AutomaticallyPopulate>
      <ResourceType>Worker</ResourceType>
      <EmailAddress />
      <UserId />
      <ManagerialLevel>0</ManagerialLevel>
    </LastModifiedBy>
  </DataModel>
</ArrayOfDataModel>