<?xml version="1.0" encoding="utf-16"?>
<ArrayOfDataModel xmlns:xsd="http://www.w3.org/2001/XMLSchema" xmlns:xsi="http://www.w3.org/2001/XMLSchema-instance">
  <DataModel>
    <Identity>
      <Id>CFDD858D634BE46B22655CF8C5FB9EDB</Id>
      <Version>1</Version>
      <Name>RAI-FRAUD-RESULT-v2.0.0b</Name>
    </Identity>
    <Category>
      <Id>201F370CA5164F76ADDD8EEEFF666AF7</Id>
      <AutomaticallyPopulate>true</AutomaticallyPopulate>
      <Name />
      <Description />
    </Category>
    <Data>
      <Fields>
        <DataModelField>
          <Identity>
            <Id>6A8D7A5A4ECF46E9B943F7F4BF350B61</Id>
            <Name>status</Name>
            <DisplayName>status</DisplayName>
          </Identity>
          <Type>Text</Type>
          <DefaultValue xsi:type="xsd:string" />
          <SubFields />
          <IsUnnamed>false</IsUnnamed>
          <Scope>Public</Scope>
          <DecimalPrecision>0</DecimalPrecision>
          <FieldDisplayProperties>
            <VariableIdentity>
              <Id>6A8D7A5A4ECF46E9B943F7F4BF350B61</Id>
              <Version>0</Version>
              <OwnerId />
              <DisplayName />
              <Name />
            </VariableIdentity>
            <StringVariableDisplayProperties>
              <VariableControlType>Singleline</VariableControlType>
              <MaxNumberOfCharacters>10000</MaxNumberOfCharacters>
              <LookupIdentity />
              <StaticData />
              <Mandatory>false</Mandatory>
            </StringVariableDisplayProperties>
            <MinDate xsi:nil="true" />
            <MaxDate xsi:nil="true" />
            <DecimalPrecision>0</DecimalPrecision>
            <ShowTime>false</ShowTime>
          </FieldDisplayProperties>
          <IsDefaultValueNull>false</IsDefaultValueNull>
        </DataModelField>
        <DataModelField>
          <Identity>
            <Id>F9C7289E81A243D3BD50D4A83F681F69</Id>
            <Name>analysis_time</Name>
            <DisplayName>analysis_time</DisplayName>
          </Identity>
          <Type>Date</Type>
          <DefaultValue xsi:type="xsd:string">2025-04-09T18:17:06.982Z</DefaultValue>
          <SubFields />
          <IsUnnamed>false</IsUnnamed>
          <Scope>Public</Scope>
          <DecimalPrecision>0</DecimalPrecision>
          <FieldDisplayProperties>
            <VariableIdentity>
              <Id>F9C7289E81A243D3BD50D4A83F681F69</Id>
              <Version>0</Version>
              <OwnerId />
              <DisplayName />
              <Name />
            </VariableIdentity>
            <StringVariableDisplayProperties>
              <VariableControlType>Singleline</VariableControlType>
              <MaxNumberOfCharacters>0</MaxNumberOfCharacters>
              <LookupIdentity />
              <StaticData />
              <Mandatory>false</Mandatory>
            </StringVariableDisplayProperties>
            <MinDate xsi:nil="true" />
            <MaxDate xsi:nil="true" />
            <DecimalPrecision>0</DecimalPrecision>
            <ShowTime>false</ShowTime>
          </FieldDisplayProperties>
          <IsDefaultValueNull>false</IsDefaultValueNull>
        </DataModelField>
        <DataModelField>
          <Identity>
            <Id>59464C8BBDF44BD880CAA71F0EEA9672</Id>
            <Name>deployment_version</Name>
            <DisplayName>deployment_version</DisplayName>
          </Identity>
          <Type>Text</Type>
          <DefaultValue xsi:type="xsd:string" />
          <SubFields />
          <IsUnnamed>false</IsUnnamed>
          <Scope>Public</Scope>
          <DecimalPrecision>0</DecimalPrecision>
          <FieldDisplayProperties>
            <VariableIdentity>
              <Id>59464C8BBDF44BD880CAA71F0EEA9672</Id>
              <Version>0</Version>
              <OwnerId />
              <DisplayName />
              <Name />
            </VariableIdentity>
            <StringVariableDisplayProperties>
              <VariableControlType>Singleline</VariableControlType>
              <MaxNumberOfCharacters>10000</MaxNumberOfCharacters>
              <LookupIdentity />
              <StaticData />
              <Mandatory>false</Mandatory>
            </StringVariableDisplayProperties>
            <MinDate xsi:nil="true" />
            <MaxDate xsi:nil="true" />
            <DecimalPrecision>0</DecimalPrecision>
            <ShowTime>false</ShowTime>
          </FieldDisplayProperties>
          <IsDefaultValueNull>false</IsDefaultValueNull>
        </DataModelField>
        <DataModelField>
          <Identity>
            <Id>D6E85B6034144A499E45E1FFF37077A5</Id>
            <Name>query_id</Name>
            <DisplayName>query_id</DisplayName>
          </Identity>
          <Type>Text</Type>
          <DefaultValue xsi:type="xsd:string" />
          <SubFields />
          <IsUnnamed>false</IsUnnamed>
          <Scope>Public</Scope>
          <DecimalPrecision>0</DecimalPrecision>
          <FieldDisplayProperties>
            <VariableIdentity>
              <Id>D6E85B6034144A499E45E1FFF37077A5</Id>
              <Version>0</Version>
              <OwnerId />
              <DisplayName />
              <Name />
            </VariableIdentity>
            <StringVariableDisplayProperties>
              <VariableControlType>Singleline</VariableControlType>
              <MaxNumberOfCharacters>10000</MaxNumberOfCharacters>
              <LookupIdentity />
              <StaticData />
              <Mandatory>false</Mandatory>
            </StringVariableDisplayProperties>
            <MinDate xsi:nil="true" />
            <MaxDate xsi:nil="true" />
            <DecimalPrecision>0</DecimalPrecision>
            <ShowTime>false</ShowTime>
          </FieldDisplayProperties>
          <IsDefaultValueNull>false</IsDefaultValueNull>
        </DataModelField>
        <DataModelField>
          <Identity>
            <Id>4164F8E1074A42AB9108E626BCC3BE14</Id>
            <Name>file_type</Name>
            <DisplayName>file_type</DisplayName>
          </Identity>
          <Type>Text</Type>
          <DefaultValue xsi:type="xsd:string" />
          <SubFields />
          <IsUnnamed>false</IsUnnamed>
          <Scope>Public</Scope>
          <DecimalPrecision>0</DecimalPrecision>
          <FieldDisplayProperties>
            <VariableIdentity>
              <Id>4164F8E1074A42AB9108E626BCC3BE14</Id>
              <Version>0</Version>
              <OwnerId />
              <DisplayName />
              <Name />
            </VariableIdentity>
            <StringVariableDisplayProperties>
              <VariableControlType>Singleline</VariableControlType>
              <MaxNumberOfCharacters>10000</MaxNumberOfCharacters>
              <LookupIdentity />
              <StaticData />
              <Mandatory>false</Mandatory>
            </StringVariableDisplayProperties>
            <MinDate xsi:nil="true" />
            <MaxDate xsi:nil="true" />
            <DecimalPrecision>0</DecimalPrecision>
            <ShowTime>false</ShowTime>
          </FieldDisplayProperties>
          <IsDefaultValueNull>false</IsDefaultValueNull>
        </DataModelField>
        <DataModelField>
          <Identity>
            <Id>DFB0732D379B45C5AEA95F7BDE42676D</Id>
            <Name>mime_type</Name>
            <DisplayName>mime_type</DisplayName>
          </Identity>
          <Type>Text</Type>
          <DefaultValue xsi:type="xsd:string" />
          <SubFields />
          <IsUnnamed>false</IsUnnamed>
          <Scope>Public</Scope>
          <DecimalPrecision>0</DecimalPrecision>
          <FieldDisplayProperties>
            <VariableIdentity>
              <Id>DFB0732D379B45C5AEA95F7BDE42676D</Id>
              <Version>0</Version>
              <OwnerId />
              <DisplayName />
              <Name />
            </VariableIdentity>
            <StringVariableDisplayProperties>
              <VariableControlType>Singleline</VariableControlType>
              <MaxNumberOfCharacters>10000</MaxNumberOfCharacters>
              <LookupIdentity />
              <StaticData />
              <Mandatory>false</Mandatory>
            </StringVariableDisplayProperties>
            <MinDate xsi:nil="true" />
            <MaxDate xsi:nil="true" />
            <DecimalPrecision>0</DecimalPrecision>
            <ShowTime>false</ShowTime>
          </FieldDisplayProperties>
          <IsDefaultValueNull>false</IsDefaultValueNull>
        </DataModelField>
        <DataModelField>
          <Identity>
            <Id>8356A52C1557407993915593A1C60B4E</Id>
            <Name>sha256</Name>
            <DisplayName>sha256</DisplayName>
          </Identity>
          <Type>Text</Type>
          <DefaultValue xsi:type="xsd:string" />
          <SubFields />
          <IsUnnamed>false</IsUnnamed>
          <Scope>Public</Scope>
          <DecimalPrecision>0</DecimalPrecision>
          <FieldDisplayProperties>
            <VariableIdentity>
              <Id>8356A52C1557407993915593A1C60B4E</Id>
              <Version>0</Version>
              <OwnerId />
              <DisplayName />
              <Name />
            </VariableIdentity>
            <StringVariableDisplayProperties>
              <VariableControlType>Singleline</VariableControlType>
              <MaxNumberOfCharacters>10000</MaxNumberOfCharacters>
              <LookupIdentity />
              <StaticData />
              <Mandatory>false</Mandatory>
            </StringVariableDisplayProperties>
            <MinDate xsi:nil="true" />
            <MaxDate xsi:nil="true" />
            <DecimalPrecision>0</DecimalPrecision>
            <ShowTime>false</ShowTime>
          </FieldDisplayProperties>
          <IsDefaultValueNull>false</IsDefaultValueNull>
        </DataModelField>
        <DataModelField>
          <Identity>
            <Id>F201240EB1944A89A33F1F563EC15074</Id>
            <Name>score</Name>
            <DisplayName>score</DisplayName>
          </Identity>
          <Type>Text</Type>
          <DefaultValue xsi:type="xsd:string" />
          <SubFields />
          <IsUnnamed>false</IsUnnamed>
          <Scope>Public</Scope>
          <DecimalPrecision>0</DecimalPrecision>
          <FieldDisplayProperties>
            <VariableIdentity>
              <Id>F201240EB1944A89A33F1F563EC15074</Id>
              <Version>0</Version>
              <OwnerId />
              <DisplayName />
              <Name />
            </VariableIdentity>
            <StringVariableDisplayProperties>
              <VariableControlType>Singleline</VariableControlType>
              <MaxNumberOfCharacters>10000</MaxNumberOfCharacters>
              <LookupIdentity />
              <StaticData />
              <Mandatory>false</Mandatory>
            </StringVariableDisplayProperties>
            <MinDate xsi:nil="true" />
            <MaxDate xsi:nil="true" />
            <DecimalPrecision>0</DecimalPrecision>
            <ShowTime>false</ShowTime>
          </FieldDisplayProperties>
          <IsDefaultValueNull>false</IsDefaultValueNull>
        </DataModelField>
        <DataModelField>
          <Identity>
            <Id>CCE668B895304A2E82ADAE22229642AB</Id>
            <Name>sample_metadata</Name>
            <DisplayName>sample_metadata</DisplayName>
          </Identity>
          <Type>Object</Type>
          <SubFields>
            <DataModelField>
              <Identity>
                <Id>0D226D1458D646B8A8FF0E10B2B70BF7</Id>
                <Name>producer</Name>
                <DisplayName>producer</DisplayName>
              </Identity>
              <Type>Object</Type>
              <SubFields />
              <IsUnnamed>false</IsUnnamed>
              <Scope>Public</Scope>
              <DecimalPrecision>0</DecimalPrecision>
              <IsDefaultValueNull>false</IsDefaultValueNull>
            </DataModelField>
            <DataModelField>
              <Identity>
                <Id>DBE675BB60D54C60A81EB467D76D2D1D</Id>
                <Name>creator</Name>
                <DisplayName>creator</DisplayName>
              </Identity>
              <Type>Text</Type>
              <DefaultValue xsi:type="xsd:string" />
              <SubFields />
              <IsUnnamed>false</IsUnnamed>
              <Scope>Public</Scope>
              <DecimalPrecision>0</DecimalPrecision>
              <FieldDisplayProperties>
                <VariableIdentity>
                  <Id>DBE675BB60D54C60A81EB467D76D2D1D</Id>
                  <Version>0</Version>
                  <OwnerId />
                  <DisplayName />
                  <Name />
                </VariableIdentity>
                <StringVariableDisplayProperties>
                  <VariableControlType>Singleline</VariableControlType>
                  <MaxNumberOfCharacters>10000</MaxNumberOfCharacters>
                  <LookupIdentity />
                  <StaticData />
                  <Mandatory>false</Mandatory>
                </StringVariableDisplayProperties>
                <MinDate xsi:nil="true" />
                <MaxDate xsi:nil="true" />
                <DecimalPrecision>0</DecimalPrecision>
                <ShowTime>false</ShowTime>
              </FieldDisplayProperties>
              <IsDefaultValueNull>false</IsDefaultValueNull>
            </DataModelField>
            <DataModelField>
              <Identity>
                <Id>5493D654E61A4A33A1F1A9A8C27E0B46</Id>
                <Name>creation_date</Name>
                <DisplayName>creation_date</DisplayName>
              </Identity>
              <Type>Date</Type>
              <DefaultValue xsi:type="xsd:string">2025-04-09T18:17:06.982Z</DefaultValue>
              <SubFields />
              <IsUnnamed>false</IsUnnamed>
              <Scope>Public</Scope>
              <DecimalPrecision>0</DecimalPrecision>
              <FieldDisplayProperties>
                <VariableIdentity>
                  <Id>5493D654E61A4A33A1F1A9A8C27E0B46</Id>
                  <Version>0</Version>
                  <OwnerId />
                  <DisplayName />
                  <Name />
                </VariableIdentity>
                <StringVariableDisplayProperties>
                  <VariableControlType>Singleline</VariableControlType>
                  <MaxNumberOfCharacters>0</MaxNumberOfCharacters>
                  <LookupIdentity />
                  <StaticData />
                  <Mandatory>false</Mandatory>
                </StringVariableDisplayProperties>
                <MinDate xsi:nil="true" />
                <MaxDate xsi:nil="true" />
                <DecimalPrecision>0</DecimalPrecision>
                <ShowTime>false</ShowTime>
              </FieldDisplayProperties>
              <IsDefaultValueNull>false</IsDefaultValueNull>
            </DataModelField>
            <DataModelField>
              <Identity>
                <Id>AB41F6DEDBA94108A911D9B193902FEC</Id>
                <Name>mod_date</Name>
                <DisplayName>mod_date</DisplayName>
              </Identity>
              <Type>Date</Type>
              <DefaultValue xsi:type="xsd:string">2025-04-09T18:17:06.982Z</DefaultValue>
              <SubFields />
              <IsUnnamed>false</IsUnnamed>
              <Scope>Public</Scope>
              <DecimalPrecision>0</DecimalPrecision>
              <FieldDisplayProperties>
                <VariableIdentity>
                  <Id>AB41F6DEDBA94108A911D9B193902FEC</Id>
                  <Version>0</Version>
                  <OwnerId />
                  <DisplayName />
                  <Name />
                </VariableIdentity>
                <StringVariableDisplayProperties>
                  <VariableControlType>Singleline</VariableControlType>
                  <MaxNumberOfCharacters>0</MaxNumberOfCharacters>
                  <LookupIdentity />
                  <StaticData />
                  <Mandatory>false</Mandatory>
                </StringVariableDisplayProperties>
                <MinDate xsi:nil="true" />
                <MaxDate xsi:nil="true" />
                <DecimalPrecision>0</DecimalPrecision>
                <ShowTime>false</ShowTime>
              </FieldDisplayProperties>
              <IsDefaultValueNull>false</IsDefaultValueNull>
            </DataModelField>
            <DataModelField>
              <Identity>
                <Id>4DF81B304A7D481FA5D1DD48E8E4A059</Id>
                <Name>author</Name>
                <DisplayName>author</DisplayName>
              </Identity>
              <Type>Object</Type>
              <SubFields />
              <IsUnnamed>false</IsUnnamed>
              <Scope>Public</Scope>
              <DecimalPrecision>0</DecimalPrecision>
              <IsDefaultValueNull>false</IsDefaultValueNull>
            </DataModelField>
            <DataModelField>
              <Identity>
                <Id>DC982B35B42F4BDDB576D3728AB8066C</Id>
                <Name>title</Name>
                <DisplayName>title</DisplayName>
              </Identity>
              <Type>Object</Type>
              <SubFields />
              <IsUnnamed>false</IsUnnamed>
              <Scope>Public</Scope>
              <DecimalPrecision>0</DecimalPrecision>
              <IsDefaultValueNull>false</IsDefaultValueNull>
            </DataModelField>
            <DataModelField>
              <Identity>
                <Id>56FB6844B74947C7977DCF89582BC336</Id>
                <Name>keywords</Name>
                <DisplayName>keywords</DisplayName>
              </Identity>
              <Type>Object</Type>
              <SubFields />
              <IsUnnamed>false</IsUnnamed>
              <Scope>Public</Scope>
              <DecimalPrecision>0</DecimalPrecision>
              <IsDefaultValueNull>false</IsDefaultValueNull>
            </DataModelField>
            <DataModelField>
              <Identity>
                <Id>3C677D82BCC64EA1808BFF6D826D11E0</Id>
                <Name>subject</Name>
                <DisplayName>subject</DisplayName>
              </Identity>
              <Type>Object</Type>
              <SubFields />
              <IsUnnamed>false</IsUnnamed>
              <Scope>Public</Scope>
              <DecimalPrecision>0</DecimalPrecision>
              <IsDefaultValueNull>false</IsDefaultValueNull>
            </DataModelField>
          </SubFields>
          <IsUnnamed>false</IsUnnamed>
          <Scope>Public</Scope>
          <DecimalPrecision>0</DecimalPrecision>
          <IsDefaultValueNull>false</IsDefaultValueNull>
        </DataModelField>
        <DataModelField>
          <Identity>
            <Id>434DEA2C8BFA488C87DE4EEA00EFF2DC</Id>
            <Name>indicators</Name>
            <DisplayName>indicators</DisplayName>
          </Identity>
          <Type>ObjectArray</Type>
          <SubFields>
            <DataModelField>
              <Identity>
                <Id>2BE6025513A5423DB7DFB0E4ABE89484</Id>
                <Name>indicator_id</Name>
                <DisplayName>indicator_id</DisplayName>
              </Identity>
              <Type>Text</Type>
              <DefaultValue xsi:type="xsd:string" />
              <SubFields />
              <IsUnnamed>false</IsUnnamed>
              <Scope>Public</Scope>
              <DecimalPrecision>0</DecimalPrecision>
              <FieldDisplayProperties>
                <VariableIdentity>
                  <Id>2BE6025513A5423DB7DFB0E4ABE89484</Id>
                  <Version>0</Version>
                  <OwnerId />
                  <DisplayName />
                  <Name />
                </VariableIdentity>
                <StringVariableDisplayProperties>
                  <VariableControlType>Singleline</VariableControlType>
                  <MaxNumberOfCharacters>10000</MaxNumberOfCharacters>
                  <LookupIdentity />
                  <StaticData />
                  <Mandatory>false</Mandatory>
                </StringVariableDisplayProperties>
                <MinDate xsi:nil="true" />
                <MaxDate xsi:nil="true" />
                <DecimalPrecision>0</DecimalPrecision>
                <ShowTime>false</ShowTime>
              </FieldDisplayProperties>
              <IsDefaultValueNull>false</IsDefaultValueNull>
            </DataModelField>
            <DataModelField>
              <Identity>
                <Id>E4A0F9C66E6941E4AF2148339B8320CE</Id>
                <Name>type</Name>
                <DisplayName>type</DisplayName>
              </Identity>
              <Type>Text</Type>
              <DefaultValue xsi:type="xsd:string" />
              <SubFields />
              <IsUnnamed>false</IsUnnamed>
              <Scope>Public</Scope>
              <DecimalPrecision>0</DecimalPrecision>
              <FieldDisplayProperties>
                <VariableIdentity>
                  <Id>E4A0F9C66E6941E4AF2148339B8320CE</Id>
                  <Version>0</Version>
                  <OwnerId />
                  <DisplayName />
                  <Name />
                </VariableIdentity>
                <StringVariableDisplayProperties>
                  <VariableControlType>Singleline</VariableControlType>
                  <MaxNumberOfCharacters>10000</MaxNumberOfCharacters>
                  <LookupIdentity />
                  <StaticData />
                  <Mandatory>false</Mandatory>
                </StringVariableDisplayProperties>
                <MinDate xsi:nil="true" />
                <MaxDate xsi:nil="true" />
                <DecimalPrecision>0</DecimalPrecision>
                <ShowTime>false</ShowTime>
              </FieldDisplayProperties>
              <IsDefaultValueNull>false</IsDefaultValueNull>
            </DataModelField>
            <DataModelField>
              <Identity>
                <Id>B3009AB616044520BEB7105EFF9DD2FA</Id>
                <Name>category</Name>
                <DisplayName>category</DisplayName>
              </Identity>
              <Type>Text</Type>
              <DefaultValue xsi:type="xsd:string" />
              <SubFields />
              <IsUnnamed>false</IsUnnamed>
              <Scope>Public</Scope>
              <DecimalPrecision>0</DecimalPrecision>
              <FieldDisplayProperties>
                <VariableIdentity>
                  <Id>B3009AB616044520BEB7105EFF9DD2FA</Id>
                  <Version>0</Version>
                  <OwnerId />
                  <DisplayName />
                  <Name />
                </VariableIdentity>
                <StringVariableDisplayProperties>
                  <VariableControlType>Singleline</VariableControlType>
                  <MaxNumberOfCharacters>10000</MaxNumberOfCharacters>
                  <LookupIdentity />
                  <StaticData />
                  <Mandatory>false</Mandatory>
                </StringVariableDisplayProperties>
                <MinDate xsi:nil="true" />
                <MaxDate xsi:nil="true" />
                <DecimalPrecision>0</DecimalPrecision>
                <ShowTime>false</ShowTime>
              </FieldDisplayProperties>
              <IsDefaultValueNull>false</IsDefaultValueNull>
            </DataModelField>
            <DataModelField>
              <Identity>
                <Id>BB4DC252CC3641D78DBCD400A06AC812</Id>
                <Name>title</Name>
                <DisplayName>title</DisplayName>
              </Identity>
              <Type>Text</Type>
              <DefaultValue xsi:type="xsd:string" />
              <SubFields />
              <IsUnnamed>false</IsUnnamed>
              <Scope>Public</Scope>
              <DecimalPrecision>0</DecimalPrecision>
              <FieldDisplayProperties>
                <VariableIdentity>
                  <Id>BB4DC252CC3641D78DBCD400A06AC812</Id>
                  <Version>0</Version>
                  <OwnerId />
                  <DisplayName />
                  <Name />
                </VariableIdentity>
                <StringVariableDisplayProperties>
                  <VariableControlType>Singleline</VariableControlType>
                  <MaxNumberOfCharacters>10000</MaxNumberOfCharacters>
                  <LookupIdentity />
                  <StaticData />
                  <Mandatory>false</Mandatory>
                </StringVariableDisplayProperties>
                <MinDate xsi:nil="true" />
                <MaxDate xsi:nil="true" />
                <DecimalPrecision>0</DecimalPrecision>
                <ShowTime>false</ShowTime>
              </FieldDisplayProperties>
              <IsDefaultValueNull>false</IsDefaultValueNull>
            </DataModelField>
            <DataModelField>
              <Identity>
                <Id>17EFE0A2BB774965BF983F167D712BBA</Id>
                <Name>description</Name>
                <DisplayName>description</DisplayName>
              </Identity>
              <Type>Text</Type>
              <DefaultValue xsi:type="xsd:string" />
              <SubFields />
              <IsUnnamed>false</IsUnnamed>
              <Scope>Public</Scope>
              <DecimalPrecision>0</DecimalPrecision>
              <FieldDisplayProperties>
                <VariableIdentity>
                  <Id>17EFE0A2BB774965BF983F167D712BBA</Id>
                  <Version>0</Version>
                  <OwnerId />
                  <DisplayName />
                  <Name />
                </VariableIdentity>
                <StringVariableDisplayProperties>
                  <VariableControlType>Singleline</VariableControlType>
                  <MaxNumberOfCharacters>10000</MaxNumberOfCharacters>
                  <LookupIdentity />
                  <StaticData />
                  <Mandatory>false</Mandatory>
                </StringVariableDisplayProperties>
                <MinDate xsi:nil="true" />
                <MaxDate xsi:nil="true" />
                <DecimalPrecision>0</DecimalPrecision>
                <ShowTime>false</ShowTime>
              </FieldDisplayProperties>
              <IsDefaultValueNull>false</IsDefaultValueNull>
            </DataModelField>
            <DataModelField>
              <Identity>
                <Id>205A14CDBDCE47EBA3E323C915DE3ABC</Id>
                <Name>metadata</Name>
                <DisplayName>metadata</DisplayName>
              </Identity>
              <Type>ObjectArray</Type>
              <SubFields />
              <IsUnnamed>false</IsUnnamed>
              <Scope>Public</Scope>
              <DecimalPrecision>0</DecimalPrecision>
              <IsDefaultValueNull>false</IsDefaultValueNull>
            </DataModelField>
            <DataModelField>
              <Identity>
                <Id>36627AA8222E42EF996B8967CA5DC12E</Id>
                <Name>indicator_attributes</Name>
                <DisplayName>indicator_attributes</DisplayName>
              </Identity>
              <Type>ObjectArray</Type>
              <SubFields />
              <IsUnnamed>false</IsUnnamed>
              <Scope>Public</Scope>
              <DecimalPrecision>0</DecimalPrecision>
              <IsDefaultValueNull>false</IsDefaultValueNull>
            </DataModelField>
            <DataModelField>
              <Identity>
                <Id>2D2843E7053A4B6B8205393CC5F373BB</Id>
                <Name>origin</Name>
                <DisplayName>origin</DisplayName>
              </Identity>
              <Type>Text</Type>
              <DefaultValue xsi:type="xsd:string" />
              <SubFields />
              <IsUnnamed>false</IsUnnamed>
              <Scope>Public</Scope>
              <DecimalPrecision>0</DecimalPrecision>
              <FieldDisplayProperties>
                <VariableIdentity>
                  <Id>2D2843E7053A4B6B8205393CC5F373BB</Id>
                  <Version>0</Version>
                  <OwnerId />
                  <DisplayName />
                  <Name />
                </VariableIdentity>
                <StringVariableDisplayProperties>
                  <VariableControlType>Singleline</VariableControlType>
                  <MaxNumberOfCharacters>10000</MaxNumberOfCharacters>
                  <LookupIdentity />
                  <StaticData />
                  <Mandatory>false</Mandatory>
                </StringVariableDisplayProperties>
                <MinDate xsi:nil="true" />
                <MaxDate xsi:nil="true" />
                <DecimalPrecision>0</DecimalPrecision>
                <ShowTime>false</ShowTime>
              </FieldDisplayProperties>
              <IsDefaultValueNull>false</IsDefaultValueNull>
            </DataModelField>
          </SubFields>
          <IsUnnamed>false</IsUnnamed>
          <Scope>Public</Scope>
          <DecimalPrecision>0</DecimalPrecision>
          <IsDefaultValueNull>false</IsDefaultValueNull>
        </DataModelField>
        <DataModelField>
          <Identity>
            <Id>1198668F37A849C88C482655937E031F</Id>
            <Name>document_class</Name>
            <DisplayName>document_class</DisplayName>
          </Identity>
          <Type>Object</Type>
          <SubFields>
            <DataModelField>
              <Identity>
                <Id>F84434C070564EF2B6DFCCB71B43E168</Id>
                <Name>id</Name>
                <DisplayName>id</DisplayName>
              </Identity>
              <Type>Text</Type>
              <DefaultValue xsi:type="xsd:string" />
              <SubFields />
              <IsUnnamed>false</IsUnnamed>
              <Scope>Public</Scope>
              <DecimalPrecision>0</DecimalPrecision>
              <FieldDisplayProperties>
                <VariableIdentity>
                  <Id>F84434C070564EF2B6DFCCB71B43E168</Id>
                  <Version>0</Version>
                  <OwnerId />
                  <DisplayName />
                  <Name />
                </VariableIdentity>
                <StringVariableDisplayProperties>
                  <VariableControlType>Singleline</VariableControlType>
                  <MaxNumberOfCharacters>10000</MaxNumberOfCharacters>
                  <LookupIdentity />
                  <StaticData />
                  <Mandatory>false</Mandatory>
                </StringVariableDisplayProperties>
                <MinDate xsi:nil="true" />
                <MaxDate xsi:nil="true" />
                <DecimalPrecision>0</DecimalPrecision>
                <ShowTime>false</ShowTime>
              </FieldDisplayProperties>
              <IsDefaultValueNull>false</IsDefaultValueNull>
            </DataModelField>
            <DataModelField>
              <Identity>
                <Id>5207E6A7196948DB865D645F5BE50130</Id>
                <Name>type</Name>
                <DisplayName>type</DisplayName>
              </Identity>
              <Type>Text</Type>
              <DefaultValue xsi:type="xsd:string" />
              <SubFields />
              <IsUnnamed>false</IsUnnamed>
              <Scope>Public</Scope>
              <DecimalPrecision>0</DecimalPrecision>
              <FieldDisplayProperties>
                <VariableIdentity>
                  <Id>5207E6A7196948DB865D645F5BE50130</Id>
                  <Version>0</Version>
                  <OwnerId />
                  <DisplayName />
                  <Name />
                </VariableIdentity>
                <StringVariableDisplayProperties>
                  <VariableControlType>Singleline</VariableControlType>
                  <MaxNumberOfCharacters>10000</MaxNumberOfCharacters>
                  <LookupIdentity />
                  <StaticData />
                  <Mandatory>false</Mandatory>
                </StringVariableDisplayProperties>
                <MinDate xsi:nil="true" />
                <MaxDate xsi:nil="true" />
                <DecimalPrecision>0</DecimalPrecision>
                <ShowTime>false</ShowTime>
              </FieldDisplayProperties>
              <IsDefaultValueNull>false</IsDefaultValueNull>
            </DataModelField>
            <DataModelField>
              <Identity>
                <Id>C344AFB9A700470CB8AA4BCD3E1D0656</Id>
                <Name>document_class_type</Name>
                <DisplayName>document_class_type</DisplayName>
              </Identity>
              <Type>Text</Type>
              <DefaultValue xsi:type="xsd:string" />
              <SubFields />
              <IsUnnamed>false</IsUnnamed>
              <Scope>Public</Scope>
              <DecimalPrecision>0</DecimalPrecision>
              <FieldDisplayProperties>
                <VariableIdentity>
                  <Id>C344AFB9A700470CB8AA4BCD3E1D0656</Id>
                  <Version>0</Version>
                  <OwnerId />
                  <DisplayName />
                  <Name />
                </VariableIdentity>
                <StringVariableDisplayProperties>
                  <VariableControlType>Singleline</VariableControlType>
                  <MaxNumberOfCharacters>10000</MaxNumberOfCharacters>
                  <LookupIdentity />
                  <StaticData />
                  <Mandatory>false</Mandatory>
                </StringVariableDisplayProperties>
                <MinDate xsi:nil="true" />
                <MaxDate xsi:nil="true" />
                <DecimalPrecision>0</DecimalPrecision>
                <ShowTime>false</ShowTime>
              </FieldDisplayProperties>
              <IsDefaultValueNull>false</IsDefaultValueNull>
            </DataModelField>
          </SubFields>
          <IsUnnamed>false</IsUnnamed>
          <Scope>Public</Scope>
          <DecimalPrecision>0</DecimalPrecision>
          <IsDefaultValueNull>false</IsDefaultValueNull>
        </DataModelField>
      </Fields>
      <Scope>Public</Scope>
    </Data>
    <Status>Released</Status>
    <Description />
    <OwnerId>DEA07961EADA1F4D8B0404878BF548C7</OwnerId>
    <LastModifiedDate>2025-04-09T11:17:17.58</LastModifiedDate>
    <LastModifiedBy>
      <Id>97F3B0DB52FA4AEDAA3C31A531E8E1A8</Id>
      <AutomaticallyPopulate>true</AutomaticallyPopulate>
      <ResourceType>Worker</ResourceType>
      <EmailAddress />
      <UserId />
      <ManagerialLevel>0</ManagerialLevel>
    </LastModifiedBy>
  </DataModel>
</ArrayOfDataModel>