<processmaps xmlns:dt="urn:schemas-microsoft-com:datatypes" dbversion="8.0" parentprocessmapversion="1.000000" parentprocessmapid="99ACDA9AAFD803FDD9B48E3A75B72A97"><foldertypelist /><processmap><procdata><mapid>99ACDA9AAFD803FDD9B48E3A75B72A97</mapid><mapname>RAI Document Workflow</mapname><mapauthor>_GTMTotalAgility</mapauthor><mapauthorid>97F3B0DB52FA4AEDAA3C31A531E8E1A8</mapauthorid><maptrackstorejvh>0</maptrackstorejvh><helptext></helptext><lastmodified>97F3B0DB52FA4AEDAA3C31A531E8E1A8</lastmodified><allocationalgorithm>0</allocationalgorithm><arrowstyle>0</arrowstyle><arrowweighting>0</arrowweighting><designtimesettings>&lt;designtimesettings&gt;&lt;annotations /&gt;&lt;attachments /&gt;&lt;collaborationnodes /&gt;&lt;groupartifacts /&gt;&lt;pools&gt;&lt;pool&gt;&lt;xposition&gt;25&lt;/xposition&gt;&lt;yposition&gt;25&lt;/yposition&gt;&lt;width&gt;1400&lt;/width&gt;&lt;height&gt;600&lt;/height&gt;&lt;name&gt;New process&lt;/name&gt;&lt;id&gt;5D5FB4D63FD3F7D743B0CA83D34104F5&lt;/id&gt;&lt;type&gt;0&lt;/type&gt;&lt;lanes&gt;&lt;lane&gt;&lt;name&gt;Lane1&lt;/name&gt;&lt;index&gt;0&lt;/index&gt;&lt;poolid&gt;5D5FB4D63FD3F7D743B0CA83D34104F5&lt;/poolid&gt;&lt;height&gt;600&lt;/height&gt;&lt;/lane&gt;&lt;/lanes&gt;&lt;/pool&gt;&lt;/pools&gt;&lt;messageflows /&gt;&lt;layoutdirection&gt;Horizontal&lt;/layoutdirection&gt;&lt;layouttype&gt;ProcessTree&lt;/layouttype&gt;&lt;zoomfactor&gt;100&lt;/zoomfactor&gt;&lt;viewactivitycost&gt;False&lt;/viewactivitycost&gt;&lt;viewactivityduration&gt;False&lt;/viewactivityduration&gt;&lt;viewactivityresources&gt;False&lt;/viewactivityresources&gt;&lt;viewgroups&gt;False&lt;/viewgroups&gt;&lt;viewpools&gt;False&lt;/viewpools&gt;&lt;compatiblewithallcasedefversions&gt;0&lt;/compatiblewithallcasedefversions&gt;&lt;hasdocumentset&gt;False&lt;/hasdocumentset&gt;&lt;startnodes&gt;&lt;startnode&gt;&lt;designtimesettings&gt;&lt;xposition&gt;100&lt;/xposition&gt;&lt;yposition&gt;250&lt;/yposition&gt;&lt;width&gt;30&lt;/width&gt;&lt;height&gt;30&lt;/height&gt;&lt;inheritcolorfromsystem&gt;True&lt;/inheritcolorfromsystem&gt;&lt;colour&gt;#62A716&lt;/colour&gt;&lt;eventtype&gt;Default&lt;/eventtype&gt;&lt;name&gt;Start&lt;/name&gt;&lt;textposition&gt;Top&lt;/textposition&gt;&lt;conditionpathdescription /&gt;&lt;lane&gt;&lt;name /&gt;&lt;index&gt;0&lt;/index&gt;&lt;poolid /&gt;&lt;height&gt;0&lt;/height&gt;&lt;/lane&gt;&lt;annotations /&gt;&lt;attachments /&gt;&lt;/designtimesettings&gt;&lt;/startnode&gt;&lt;/startnodes&gt;&lt;redraw&gt;False&lt;/redraw&gt;&lt;/designtimesettings&gt;</designtimesettings><attachments></attachments><annotations></annotations><formsections></formsections><form></form><categoryid>206FAD6AB6D2445DB99411432EDF54D4</categoryid><targetdays>0</targetdays><targethours>0</targethours><targetmins>0</targetmins><targetsecs>0</targetsecs><priority>1</priority><transactional>0</transactional><backgroundcolour>0</backgroundcolour><version>1.000000</version><cost>0.000000</cost><creationdate>2025-04-09T11:17:31</creationdate><changedate>2025-04-22T06:06:35</changedate><description></description><status>2</status><newmap>0</newmap><archivefinishedjobs>1</archivefinishedjobs><straightthrough>0</straightthrough><poolid>0</poolid><dynexpfinishtimevar></dynexpfinishtimevar><mapmilestonesrvstdtag /><mapmilestonescopetag>0</mapmilestonescopetag><mapmilestonetag /><dynamicbudget></dynamicbudget><budget>0.000000</budget><processtype>0</processtype><processtypestring>BusinessProcess</processtypestring><associatedcaseid></associatedcaseid><associatedcase></associatedcase><latestcaseversion>0.000000</latestcaseversion><prefixvariable>0</prefixvariable><completioneventmapid></completioneventmapid><completioneventmapname></completioneventmapname><assocjobsoncompletion>0</assocjobsoncompletion><sendemail>0</sendemail><emailto>0</emailto><subjecttext></subjecttext><subjectvar></subjectvar><contenttext></contenttext><contentvar></contentvar><urltext></urltext><urlvar></urlvar><appendassocfile>0</appendassocfile><initialisationvariables><initialisationvariable><varname>DOCUMENT</varname></initialisationvariable><initialisationvariable><varname>REQUESTJOBID</varname></initialisationvariable></initialisationvariables><outputvariables /><maintenanceaccess><resource><resourcetype>3</resourcetype><resourcename>Everyone</resourcename><resourceid>7DF43CCDF24611D2804B00104B71BD15</resourceid><serverid>DEA07961EADA1F4D8B0404878BF548C7</serverid><unavailability>Default</unavailability><accesstype>0</accesstype><seqassignorder>0</seqassignorder><excluded>0</excluded></resource></maintenanceaccess><creationaccess><resource><resourcetype>3</resourcetype><resourcename>Everyone</resourcename><resourceid>7DF43CCDF24611D2804B00104B71BD15</resourceid><serverid>DEA07961EADA1F4D8B0404878BF548C7</serverid><unavailability>Default</unavailability><accesstype>0</accesstype><seqassignorder>0</seqassignorder><excluded>0</excluded></resource></creationaccess><suspendaccess><resource><resourcetype>3</resourcetype><resourcename>Everyone</resourcename><resourceid>7DF43CCDF24611D2804B00104B71BD15</resourceid><serverid>DEA07961EADA1F4D8B0404878BF548C7</serverid><unavailability>Default</unavailability><accesstype>0</accesstype><seqassignorder>0</seqassignorder><excluded>0</excluded></resource></suspendaccess><terminateaccess><resource><resourcetype>3</resourcetype><resourcename>Everyone</resourcename><resourceid>7DF43CCDF24611D2804B00104B71BD15</resourceid><serverid>DEA07961EADA1F4D8B0404878BF548C7</serverid><unavailability>Default</unavailability><accesstype>0</accesstype><seqassignorder>0</seqassignorder><excluded>0</excluded></resource></terminateaccess><restartaccess><resource><resourcetype>3</resourcetype><resourcename>Everyone</resourcename><resourceid>7DF43CCDF24611D2804B00104B71BD15</resourceid><serverid>DEA07961EADA1F4D8B0404878BF548C7</serverid><unavailability>Default</unavailability><accesstype>0</accesstype><seqassignorder>0</seqassignorder><excluded>0</excluded></resource></restartaccess><holdaccess><resource><resourcetype>3</resourcetype><resourcename>Everyone</resourcename><resourceid>7DF43CCDF24611D2804B00104B71BD15</resourceid><serverid>DEA07961EADA1F4D8B0404878BF548C7</serverid><unavailability>Default</unavailability><accesstype>0</accesstype><seqassignorder>0</seqassignorder><excluded>0</excluded></resource></holdaccess><customiseaccess /><jobdetailviewaccess><resource><resourcetype>3</resourcetype><resourcename>Everyone</resourcename><resourceid>7DF43CCDF24611D2804B00104B71BD15</resourceid><serverid>DEA07961EADA1F4D8B0404878BF548C7</serverid><unavailability>Default</unavailability><accesstype>0</accesstype><seqassignorder>0</seqassignorder><excluded>0</excluded></resource></jobdetailviewaccess><scanvrsprofileaccess><resource><resourcetype>3</resourcetype><resourcename>Everyone</resourcename><resourceid>7DF43CCDF24611D2804B00104B71BD15</resourceid><serverid>DEA07961EADA1F4D8B0404878BF548C7</serverid><unavailability>Default</unavailability><accesstype>0</accesstype><seqassignorder>0</seqassignorder><excluded>0</excluded></resource></scanvrsprofileaccess><separationprofileaccess><resource><resourcetype>3</resourcetype><resourcename>Everyone</resourcename><resourceid>7DF43CCDF24611D2804B00104B71BD15</resourceid><serverid>DEA07961EADA1F4D8B0404878BF548C7</serverid><unavailability>Default</unavailability><accesstype>0</accesstype><seqassignorder>0</seqassignorder><excluded>0</excluded></resource></separationprofileaccess><updatedocumentcontaineraccess /><editbusinessdataaccess /><defaultusableresources><resource><resourcetype>3</resourcetype><resourcename>Everyone</resourcename><resourceid>7DF43CCDF24611D2804B00104B71BD15</resourceid><serverid>DEA07961EADA1F4D8B0404878BF548C7</serverid><unavailability>Default</unavailability><accesstype>0</accesstype><seqassignorder>0</seqassignorder><excluded>0</excluded></resource></defaultusableresources><exceptions><exception><exceptioncode>EXP0004</exceptioncode><processmapid /><processmapname /><description>Invoked when the cost of job exceeds the expected value.</description><version>0.000000</version><serveronly>0</serveronly></exception><exception><exceptioncode>EXP0005</exceptioncode><processmapid /><processmapname /><description>Invoked when a job exceeds its expected duration.</description><version>0.000000</version><serveronly>0</serveronly></exception><exception><exceptioncode>EXP0006</exceptioncode><processmapid /><processmapname /><description>Invoked when an activity exceeds its expected duration.</description><version>0.000000</version><serveronly>0</serveronly></exception><exception><exceptioncode>EXP0009</exceptioncode><processmapid /><processmapname /><description>Invoked when a Script Object fails to execute automatically.</description><version>0.000000</version><serveronly>0</serveronly></exception><exception><exceptioncode>EXP0010</exceptioncode><processmapid /><processmapname /><description>Invoked when a process is stalled.</description><version>0.000000</version><serveronly>0</serveronly></exception><exception><exceptioncode>EXP0013</exceptioncode><processmapid /><processmapname /><description>Invoked when an activity crosses the due date.</description><version>0.000000</version><serveronly>0</serveronly></exception><exception><exceptioncode>EXP0017</exceptioncode><processmapid /><processmapname /><description>Invoked when synchronous processing fails.</description><version>0.000000</version><serveronly>0</serveronly></exception><exception><exceptioncode>EXP0018</exceptioncode><processmapid /><processmapname /><description>Invoked when no usable resource is assigned to an activity.</description><version>0.000000</version><serveronly>0</serveronly></exception><exception><exceptioncode>EXP0019</exceptioncode><processmapid /><processmapname /><description>Invoked when a .NET object fails to execute.</description><version>0.000000</version><serveronly>0</serveronly></exception><exception><exceptioncode>EXP0020</exceptioncode><processmapid /><processmapname /><description>Invoked when a Web Service object fails to execute.</description><version>0.000000</version><serveronly>0</serveronly></exception><exception><exceptioncode>EXP0022</exceptioncode><processmapid /><processmapname /><description>Invoked when a C# Script activity fails to execute when running automatically.</description><version>0.000000</version><serveronly>0</serveronly></exception><exception><exceptioncode>EXP0023</exceptioncode><processmapid /><processmapname /><description>Invoked when a VB .NET Script activity fails to execute.</description><version>0.000000</version><serveronly>0</serveronly></exception><exception><exceptioncode>EXP0025</exceptioncode><processmapid /><processmapname /><description>Invoked when a Data Access activity fails to execute.</description><version>0.000000</version><serveronly>0</serveronly></exception><exception><exceptioncode>EXP0036</exceptioncode><processmapid /><processmapname /><description>Invoked when the transfer of documents to another server fails to execute.</description><version>0.000000</version><serveronly>0</serveronly></exception><exception><exceptioncode>EXP0038</exceptioncode><processmapid /><processmapname /><description>Invoked when any automatic activity fails to execute.</description><version>0.000000</version><serveronly>0</serveronly></exception></exceptions><states /><milestones /><bpescalations /><serverid>DEA07961EADA1F4D8B0404878BF548C7</serverid><xmlexpressionlist /><ragstatus><amberthreshold>0</amberthreshold><redthreshold>0</redthreshold><blackthreshold>0</blackthreshold><purplethreshold>0</purplethreshold></ragstatus><casedefcomruntime_data /><archivetopi>0</archivetopi><runtime_settings>0</runtime_settings><process_owner_id></process_owner_id><score_rule></score_rule><map_valid_from /><map_valid_to /><captureenabled>0</captureenabled><iscaptureprocess>0</iscaptureprocess><reportingtag></reportingtag><settingsxml>&lt;?xml version="1.0" encoding="utf-16"?&gt;
&lt;BusinessProcessSettings xmlns:xsd="http://www.w3.org/2001/XMLSchema" xmlns:xsi="http://www.w3.org/2001/XMLSchema-instance"&gt;
  &lt;CaptureProcessSettings&gt;
    &lt;ClassificationGroup&gt;
      &lt;Id /&gt;
      &lt;AutomaticallyPopulate&gt;true&lt;/AutomaticallyPopulate&gt;
      &lt;Version&gt;0&lt;/Version&gt;
      &lt;Name /&gt;
    &lt;/ClassificationGroup&gt;
    &lt;ScanVrsProfiles&gt;
      &lt;ScanVrsProfileIdentity&gt;
        &lt;Id&gt;C525FA863EB74348961543C740ED00A0&lt;/Id&gt;
        &lt;Name&gt;Default&lt;/Name&gt;
      &lt;/ScanVrsProfileIdentity&gt;
    &lt;/ScanVrsProfiles&gt;
    &lt;SeparationProfile /&gt;
    &lt;BarcodePatchcodeProfile /&gt;
    &lt;DefaultScanVrsProfile&gt;
      &lt;Id&gt;C525FA863EB74348961543C740ED00A0&lt;/Id&gt;
      &lt;Name&gt;Default&lt;/Name&gt;
    &lt;/DefaultScanVrsProfile&gt;
    &lt;DocConversionProfiles /&gt;
    &lt;DefaultDocConversionProfile /&gt;
    &lt;SaveScannedImageAsPageRendition&gt;false&lt;/SaveScannedImageAsPageRendition&gt;
    &lt;PageRendition&gt;0&lt;/PageRendition&gt;
    &lt;PdfTextExtractionMode&gt;0&lt;/PdfTextExtractionMode&gt;
    &lt;AllowRotateReorderImportedImages&gt;true&lt;/AllowRotateReorderImportedImages&gt;
    &lt;AllowSplitMergeDeleteImportedDocument&gt;true&lt;/AllowSplitMergeDeleteImportedDocument&gt;
    &lt;PdfTextWordSeparationChars&gt;/:()-#&lt;/PdfTextWordSeparationChars&gt;
  &lt;/CaptureProcessSettings&gt;
  &lt;RetentionPolicySettings&gt;
    &lt;KeepForever&gt;false&lt;/KeepForever&gt;
    &lt;RetentionPolicyDuration&gt;
      &lt;Years&gt;0&lt;/Years&gt;
      &lt;Months&gt;6&lt;/Months&gt;
      &lt;Days&gt;0&lt;/Days&gt;
      &lt;Hours&gt;0&lt;/Hours&gt;
      &lt;Minutes&gt;0&lt;/Minutes&gt;
    &lt;/RetentionPolicyDuration&gt;
  &lt;/RetentionPolicySettings&gt;
  &lt;MaximumLoopCount&gt;0&lt;/MaximumLoopCount&gt;
  &lt;ShowSpecificOutputVariables&gt;true&lt;/ShowSpecificOutputVariables&gt;
  &lt;VariableDisplayPropertiesCollection&gt;
    &lt;VariableDisplayProperties&gt;
      &lt;VariableIdentity&gt;
        &lt;Id&gt;ANALYZEDON&lt;/Id&gt;
        &lt;Version&gt;0&lt;/Version&gt;
        &lt;OwnerId /&gt;
        &lt;DisplayName&gt;Analyzed on&lt;/DisplayName&gt;
        &lt;Name /&gt;
      &lt;/VariableIdentity&gt;
      &lt;StringVariableDisplayProperties&gt;
        &lt;VariableControlType&gt;Singleline&lt;/VariableControlType&gt;
        &lt;MaxNumberOfCharacters&gt;10000&lt;/MaxNumberOfCharacters&gt;
        &lt;LookupIdentity /&gt;
        &lt;StaticData /&gt;
        &lt;Mandatory&gt;false&lt;/Mandatory&gt;
      &lt;/StringVariableDisplayProperties&gt;
      &lt;MinDate xsi:nil="true" /&gt;
      &lt;MaxDate xsi:nil="true" /&gt;
      &lt;DecimalPrecision&gt;0&lt;/DecimalPrecision&gt;
      &lt;LabelText&gt;Analyzed on&lt;/LabelText&gt;
      &lt;ShowTime&gt;false&lt;/ShowTime&gt;
    &lt;/VariableDisplayProperties&gt;
    &lt;VariableDisplayProperties&gt;
      &lt;VariableIdentity&gt;
        &lt;Id&gt;BOXEDDOCUMENTID&lt;/Id&gt;
        &lt;Version&gt;0&lt;/Version&gt;
        &lt;OwnerId /&gt;
        &lt;DisplayName&gt;BoxedDocumentID&lt;/DisplayName&gt;
        &lt;Name /&gt;
      &lt;/VariableIdentity&gt;
      &lt;StringVariableDisplayProperties&gt;
        &lt;VariableControlType&gt;Singleline&lt;/VariableControlType&gt;
        &lt;MaxNumberOfCharacters&gt;10000&lt;/MaxNumberOfCharacters&gt;
        &lt;LookupIdentity /&gt;
        &lt;StaticData /&gt;
        &lt;Mandatory&gt;false&lt;/Mandatory&gt;
      &lt;/StringVariableDisplayProperties&gt;
      &lt;MinDate xsi:nil="true" /&gt;
      &lt;MaxDate xsi:nil="true" /&gt;
      &lt;DecimalPrecision&gt;0&lt;/DecimalPrecision&gt;
      &lt;LabelText&gt;BoxedDocumentID&lt;/LabelText&gt;
      &lt;ShowTime&gt;false&lt;/ShowTime&gt;
    &lt;/VariableDisplayProperties&gt;
    &lt;VariableDisplayProperties&gt;
      &lt;VariableIdentity&gt;
        &lt;Id&gt;RAIVIEWERURL&lt;/Id&gt;
        &lt;Version&gt;0&lt;/Version&gt;
        &lt;OwnerId /&gt;
        &lt;DisplayName&gt;RAI-Viewer-URL&lt;/DisplayName&gt;
        &lt;Name /&gt;
      &lt;/VariableIdentity&gt;
      &lt;StringVariableDisplayProperties&gt;
        &lt;VariableControlType&gt;Singleline&lt;/VariableControlType&gt;
        &lt;MaxNumberOfCharacters&gt;10000&lt;/MaxNumberOfCharacters&gt;
        &lt;LookupIdentity /&gt;
        &lt;StaticData /&gt;
        &lt;Mandatory&gt;false&lt;/Mandatory&gt;
      &lt;/StringVariableDisplayProperties&gt;
      &lt;MinDate xsi:nil="true" /&gt;
      &lt;MaxDate xsi:nil="true" /&gt;
      &lt;DecimalPrecision&gt;0&lt;/DecimalPrecision&gt;
      &lt;LabelText&gt;RAI-Viewer-URL&lt;/LabelText&gt;
      &lt;ShowTime&gt;false&lt;/ShowTime&gt;
    &lt;/VariableDisplayProperties&gt;
    &lt;VariableDisplayProperties&gt;
      &lt;VariableIdentity&gt;
        &lt;Id&gt;REQUESTJOBID&lt;/Id&gt;
        &lt;Version&gt;0&lt;/Version&gt;
        &lt;OwnerId /&gt;
        &lt;DisplayName&gt;RequestJobID&lt;/DisplayName&gt;
        &lt;Name /&gt;
      &lt;/VariableIdentity&gt;
      &lt;StringVariableDisplayProperties&gt;
        &lt;VariableControlType&gt;Singleline&lt;/VariableControlType&gt;
        &lt;MaxNumberOfCharacters&gt;10000&lt;/MaxNumberOfCharacters&gt;
        &lt;LookupIdentity /&gt;
        &lt;StaticData /&gt;
        &lt;Mandatory&gt;false&lt;/Mandatory&gt;
      &lt;/StringVariableDisplayProperties&gt;
      &lt;MinDate xsi:nil="true" /&gt;
      &lt;MaxDate xsi:nil="true" /&gt;
      &lt;DecimalPrecision&gt;0&lt;/DecimalPrecision&gt;
      &lt;LabelText&gt;RequestJobID&lt;/LabelText&gt;
      &lt;ShowTime&gt;false&lt;/ShowTime&gt;
    &lt;/VariableDisplayProperties&gt;
    &lt;VariableDisplayProperties&gt;
      &lt;VariableIdentity&gt;
        &lt;Id&gt;STATUS&lt;/Id&gt;
        &lt;Version&gt;0&lt;/Version&gt;
        &lt;OwnerId /&gt;
        &lt;DisplayName&gt;Status&lt;/DisplayName&gt;
        &lt;Name /&gt;
      &lt;/VariableIdentity&gt;
      &lt;StringVariableDisplayProperties&gt;
        &lt;VariableControlType&gt;Singleline&lt;/VariableControlType&gt;
        &lt;MaxNumberOfCharacters&gt;10000&lt;/MaxNumberOfCharacters&gt;
        &lt;LookupIdentity /&gt;
        &lt;StaticData /&gt;
        &lt;Mandatory&gt;false&lt;/Mandatory&gt;
      &lt;/StringVariableDisplayProperties&gt;
      &lt;MinDate xsi:nil="true" /&gt;
      &lt;MaxDate xsi:nil="true" /&gt;
      &lt;DecimalPrecision&gt;0&lt;/DecimalPrecision&gt;
      &lt;LabelText&gt;Status&lt;/LabelText&gt;
      &lt;ShowTime&gt;false&lt;/ShowTime&gt;
    &lt;/VariableDisplayProperties&gt;
    &lt;VariableDisplayProperties&gt;
      &lt;VariableIdentity&gt;
        &lt;Id&gt;SUBMISSIONID&lt;/Id&gt;
        &lt;Version&gt;0&lt;/Version&gt;
        &lt;OwnerId /&gt;
        &lt;DisplayName&gt;Submission ID&lt;/DisplayName&gt;
        &lt;Name /&gt;
      &lt;/VariableIdentity&gt;
      &lt;StringVariableDisplayProperties&gt;
        &lt;VariableControlType&gt;Singleline&lt;/VariableControlType&gt;
        &lt;MaxNumberOfCharacters&gt;10000&lt;/MaxNumberOfCharacters&gt;
        &lt;LookupIdentity /&gt;
        &lt;StaticData /&gt;
        &lt;Mandatory&gt;false&lt;/Mandatory&gt;
      &lt;/StringVariableDisplayProperties&gt;
      &lt;MinDate xsi:nil="true" /&gt;
      &lt;MaxDate xsi:nil="true" /&gt;
      &lt;DecimalPrecision&gt;0&lt;/DecimalPrecision&gt;
      &lt;LabelText&gt;Submission ID&lt;/LabelText&gt;
      &lt;ShowTime&gt;false&lt;/ShowTime&gt;
    &lt;/VariableDisplayProperties&gt;
    &lt;VariableDisplayProperties&gt;
      &lt;VariableIdentity&gt;
        &lt;Id&gt;TRUSTSCORE&lt;/Id&gt;
        &lt;Version&gt;0&lt;/Version&gt;
        &lt;OwnerId /&gt;
        &lt;DisplayName&gt;Trust Score&lt;/DisplayName&gt;
        &lt;Name /&gt;
      &lt;/VariableIdentity&gt;
      &lt;StringVariableDisplayProperties&gt;
        &lt;VariableControlType&gt;Singleline&lt;/VariableControlType&gt;
        &lt;MaxNumberOfCharacters&gt;10000&lt;/MaxNumberOfCharacters&gt;
        &lt;LookupIdentity /&gt;
        &lt;StaticData /&gt;
        &lt;Mandatory&gt;false&lt;/Mandatory&gt;
      &lt;/StringVariableDisplayProperties&gt;
      &lt;MinDate xsi:nil="true" /&gt;
      &lt;MaxDate xsi:nil="true" /&gt;
      &lt;DecimalPrecision&gt;0&lt;/DecimalPrecision&gt;
      &lt;LabelText&gt;Trust Score&lt;/LabelText&gt;
      &lt;ShowTime&gt;false&lt;/ShowTime&gt;
    &lt;/VariableDisplayProperties&gt;
  &lt;/VariableDisplayPropertiesCollection&gt;
  &lt;DataObjectVariableFieldMappingCollection /&gt;
&lt;/BusinessProcessSettings&gt;</settingsxml><associateddotnetreferences /><processnotes /><cnjformidentity><id /><name /></cnjformidentity><hasdocumentcontainer>0</hasdocumentcontainer><hasdocumentset>0</hasdocumentset><comments></comments></procdata><entitylist></entitylist><variableslist><variable><varname>ANALYZEDON</varname><vartype>32763</vartype><varvalue></varvalue><dynamic>0</dynamic><used_in_skin>0</used_in_skin><entityid>4FEE4E069417475DAC5D2C2E5C95CA49</entityid><entityname>Default Data Grouping</entityname><vardisplayname>Analyzed on</vardisplayname><variablemembers /></variable><variable><varname>BOXEDDOCUMENTID</varname><vartype>8</vartype><varvalue xml:space="preserve"></varvalue><dynamic>0</dynamic><used_in_skin>0</used_in_skin><entityid>4FEE4E069417475DAC5D2C2E5C95CA49</entityid><entityname>Default Data Grouping</entityname><vardisplayname>BoxedDocumentID</vardisplayname><variablemembers /></variable><variable><varname>DOCUMENT</varname><vartype>32760</vartype><varvalue>&lt;?xml version="1.0" encoding="utf-16"?&gt;&lt;DocumentVariableValue xmlns:xsi="http://www.w3.org/2001/XMLSchema-instance" xmlns:xsd="http://www.w3.org/2001/XMLSchema"&gt;&lt;DocumentType&gt;298D0A0CFE2342A4BB66E240E9E2967D&lt;/DocumentType&gt;&lt;DocumentName&gt;Default Document&lt;/DocumentName&gt;&lt;InstanceId/&gt;&lt;/DocumentVariableValue&gt;</varvalue><dynamic>0</dynamic><used_in_skin>0</used_in_skin><entityid>4FEE4E069417475DAC5D2C2E5C95CA49</entityid><entityname>Default Data Grouping</entityname><vardisplayname>Document</vardisplayname><variablemembers /></variable><variable><varname>FRAUDRESULT</varname><vartype>32748</vartype><varvalue>{"ModelIdentity":{"Id":"CFDD858D634BE46B22655CF8C5FB9EDB","Name":"RAI-FRAUD-RESULT-v2.0.0b"},"Fields":[]}</varvalue><dynamic>0</dynamic><used_in_skin>0</used_in_skin><entityid>4FEE4E069417475DAC5D2C2E5C95CA49</entityid><entityname>Default Data Grouping</entityname><vardisplayname>FraudResult</vardisplayname><variablemembers /></variable><variable><varname>RAIVIEWERURL</varname><vartype>8</vartype><varvalue xml:space="preserve"></varvalue><dynamic>0</dynamic><used_in_skin>0</used_in_skin><entityid>4FEE4E069417475DAC5D2C2E5C95CA49</entityid><entityname>Default Data Grouping</entityname><vardisplayname>RAI-Viewer-URL</vardisplayname><variablemembers /></variable><variable><varname>REQUESTJOBID</varname><vartype>8</vartype><varvalue xml:space="preserve"></varvalue><dynamic>0</dynamic><used_in_skin>0</used_in_skin><entityid>4FEE4E069417475DAC5D2C2E5C95CA49</entityid><entityname>Default Data Grouping</entityname><vardisplayname>RequestJobID</vardisplayname><variablemembers /></variable><variable><varname>STATUS</varname><vartype>8</vartype><varvalue xml:space="preserve"></varvalue><dynamic>0</dynamic><used_in_skin>0</used_in_skin><entityid>4FEE4E069417475DAC5D2C2E5C95CA49</entityid><entityname>Default Data Grouping</entityname><vardisplayname>Status</vardisplayname><variablemembers /></variable><variable><varname>SUBMISSIONID</varname><vartype>8</vartype><varvalue xml:space="preserve"></varvalue><dynamic>0</dynamic><used_in_skin>0</used_in_skin><entityid>4FEE4E069417475DAC5D2C2E5C95CA49</entityid><entityname>Default Data Grouping</entityname><vardisplayname>Submission ID</vardisplayname><variablemembers /></variable><variable><varname>TRUSTSCORE</varname><vartype>8</vartype><varvalue xml:space="preserve"></varvalue><dynamic>0</dynamic><used_in_skin>0</used_in_skin><entityid>4FEE4E069417475DAC5D2C2E5C95CA49</entityid><entityname>Default Data Grouping</entityname><vardisplayname>Trust Score</vardisplayname><variablemembers /></variable></variableslist><roleslist /><processeventlist /><nodelist><node><nodetype>1</nodetype><nodedata><processid>99ACDA9AAFD803FDD9B48E3A75B72A97</processid><version>1.000000</version><nodeid>1</nodeid><isstartnode>1</isstartnode><nodetype>1</nodetype><designtimetype>10</designtimetype><activationprobability>100</activationprobability><embeddedname></embeddedname><state /><statescope>0</statescope><activitymilestone></activitymilestone><activitymilestonescope>0</activitymilestonescope><activitypendmilestone></activitypendmilestone><activitypendmilestonescope>0</activitypendmilestonescope><activitydonemilestone></activitydonemilestone><activitydonemilestonescope>0</activitydonemilestonescope><nodependevent /><nodependeventscope>0</nodependeventscope><nodedoneevent /><nodedoneeventscope>0</nodedoneeventscope><titleposno>5</titleposno><embeddedproccount>0</embeddedproccount><iscustomnode>0</iscustomnode><designtimesettings>&lt;designtimesettings&gt;&lt;xposition&gt;235&lt;/xposition&gt;&lt;yposition&gt;250&lt;/yposition&gt;&lt;width&gt;90&lt;/width&gt;&lt;height&gt;60&lt;/height&gt;&lt;inheritcolorfromsystem&gt;True&lt;/inheritcolorfromsystem&gt;&lt;colour&gt;#FFE3EDF3&lt;/colour&gt;&lt;textposition&gt;Top&lt;/textposition&gt;&lt;conditionpathdescription /&gt;&lt;lane&gt;&lt;name /&gt;&lt;index&gt;0&lt;/index&gt;&lt;poolid /&gt;&lt;height&gt;0&lt;/height&gt;&lt;/lane&gt;&lt;annotations /&gt;&lt;attachments /&gt;&lt;resourcenotes /&gt;&lt;/designtimesettings&gt;</designtimesettings><attachments></attachments><annotations></annotations><dependants /><destinationnodes><destinationnode><nodeid>2</nodeid><nodetype>2</nodetype></destinationnode></destinationnodes><originnodes /><branchingrules /><runtimesettings>0</runtimesettings></nodedata><activitydata><inputvariables><inputvariable><varid>RAIURLTOKEN</varid></inputvariable><inputvariable><varid>RAIURLAPI</varid></inputvariable><inputvariable><varid>RAICLIENTID</varid></inputvariable><inputvariable><varid>RAICLIENTSECRET</varid></inputvariable><inputvariable><varid>DOCUMENT_F938266C4CC640FC8C289D1FE732CD3E</varid></inputvariable><inputvariable><varid>TASDKURL</varid></inputvariable><inputvariable><varid>SPP_SYSTEM_SESSION_ID</varid></inputvariable><inputvariable><varid>SUBMISSIONID</varid></inputvariable><inputvariable><varid>FRAUDRESULT</varid></inputvariable></inputvariables><outputvariables /><requiredresources /><usableresources /><dynamicresourcesdata><overwriteusableresources>0</overwriteusableresources><dynamicresourcesvariables /></dynamicresourcesdata><targettime>0</targettime><delaytime>0</delaytime><pendingdelayduration>0</pendingdelayduration><expectedcost>0.000000</expectedcost><securitylevel>10</securitylevel><skilllevel>10</skilllevel><useprevioususer>0</useprevioususer><tasktype>7</tasktype><priority>1</priority><automatic>1</automatic><trackstorejvh>0</trackstorejvh><usesameasprevious>0</usesameasprevious><taskid>0</taskid><usesameasprevioustype>0</usesameasprevioustype><fixedcost>0.000000</fixedcost><taskname>RAI - Submit &amp; Fetch</taskname><resourceid /><createdby>97F3B0DB52FA4AEDAA3C31A531E8E1A8</createdby><purpose></purpose><description></description><script></script><processid /><creationdate>2025-05-12T11:19:43.54286</creationdate><transactionalinfo /><createnewjobinfo><cnjprocessid></cnjprocessid><initparams></initparams><outputs></outputs><varid></varid><jobtype>0</jobtype><reftype>0</reftype></createnewjobinfo><scriptprogid></scriptprogid><preloadscript>1</preloadscript><assocfile></assocfile><designinfo></designinfo><sleepinfo>0</sleepinfo><jobowneridinfo></jobowneridinfo><jobownervaridinfo></jobownervaridinfo><negativelagtime>0</negativelagtime><dynduedate>0</dynduedate><dynduedatevar /><dyntargetdurationvar /><sendemail>0</sendemail><emailto>0</emailto><subjecttext></subjecttext><subjectvar></subjectvar><contenttext></contenttext><contentvar></contentvar><urltext></urltext><urlvar></urlvar><appendassocfile>0</appendassocfile><dotnet><dotnetactivity><assemblyid>tungstenlabs.integration.resistantai.dll</assemblyid><assemblyloadtype>3</assemblyloadtype><assemblyname>tungstenlabs.integration.resistantai.dll</assemblyname><classname>tungstenlabs.integration.resistantai.ResistantAIConnector</classname><methodname>UploadFileAndFetchResults</methodname><duplicatemethodno>1</duplicatemethodno><noofparams>0</noofparams><paramsmappingxmltag>&lt;parameters&gt;&lt;param direction="in" source="RAIURLTOKEN" field="RAIURLTOKEN" datatype="System.String" value="RAIURLTOKEN" name="AuthenticationURL" selection="false" documentmappingtype="0" documentfiletype="-1" /&gt;&lt;param direction="in" source="RAIURLAPI" field="RAIURLAPI" datatype="System.String" value="RAIURLAPI" name="SubmissionURL" selection="false" documentmappingtype="0" documentfiletype="-1" /&gt;&lt;param direction="in" source="RAICLIENTID" field="RAICLIENTID" datatype="System.String" value="RAICLIENTID" name="ClientID" selection="false" documentmappingtype="0" documentfiletype="-1" /&gt;&lt;param direction="in" source="RAICLIENTSECRET" field="RAICLIENTSECRET" datatype="System.String" value="RAICLIENTSECRET" name="ClientSecret" selection="false" documentmappingtype="0" documentfiletype="-1" /&gt;&lt;param direction="in" source="DOCUMENT_F938266C4CC640FC8C289D1FE732CD3E" field="DOCUMENT_F938266C4CC640FC8C289D1FE732CD3E" datatype="System.String" value="DOCUMENT_F938266C4CC640FC8C289D1FE732CD3E" name="DocID" selection="false" documentmappingtype="0" documentfiletype="-1" /&gt;&lt;param direction="in" source="TASDKURL" field="TASDKURL" datatype="System.String" value="TASDKURL" name="TASDKURL" selection="false" documentmappingtype="0" documentfiletype="-1" /&gt;&lt;param direction="in" source="SPP_SYSTEM_SESSION_ID" field="SPP_SYSTEM_SESSION_ID" datatype="System.String" value="SPP_SYSTEM_SESSION_ID" name="TASession" selection="false" documentmappingtype="0" documentfiletype="-1" /&gt;&lt;param direction="ret" source="" field="" datatype="System.String[]" value="" name="Return Parameter" selection="false" documentmappingtype="0" documentfiletype="-1"&gt;&lt;member source="SUBMISSIONID" type="System.String" value="SUBMISSIONID" field="SUBMISSIONID" selection="false" index="0" documentmappingtype="0" documentfiletype="-1" /&gt;&lt;member source="FRAUDRESULT" type="System.String" value="FRAUDRESULT" field="FRAUDRESULT" selection="false" index="0" documentmappingtype="0" documentfiletype="-1" /&gt;&lt;/param&gt;&lt;/parameters&gt;</paramsmappingxmltag></dotnetactivity></dotnet><webservice /><activityinfo><useadvworkflowrules>0</useadvworkflowrules><seqactivityassignment>0</seqactivityassignment><concuractivityaccess>0</concuractivityaccess><noofusableresourcesreq>0</noofusableresourcesreq><exitcondition></exitcondition><expandgroups>0</expandgroups><noofusableresourcesreqvarid /></activityinfo><categoryid>206FAD6AB6D2445DB99411432EDF54D4</categoryid><poolid>0</poolid><activityruntimesettings>0</activityruntimesettings><activityragamberthreshold>0</activityragamberthreshold><activityragredthreshold>0</activityragredthreshold><activityragblackthreshold>0</activityragblackthreshold><activityragpurplethreshold>0</activityragpurplethreshold><form /><xmldata /><dataaccess /><getresourceinfo /><jobvariableinfo /><baminfo /><bpescalations /><preconditionslist /><preconditiontext></preconditiontext><startmethod></startmethod><classnamespace></classnamespace><resetlimit>-1</resetlimit><activitytimedoutaction>0</activitytimedoutaction><suspendreasontext></suspendreasontext><suspendreasonvarid></suspendreasonvarid></activitydata></node><node><nodetype>2</nodetype><nodedata><processid>99ACDA9AAFD803FDD9B48E3A75B72A97</processid><version>1.000000</version><nodeid>2</nodeid><isstartnode>0</isstartnode><nodetype>2</nodetype><designtimetype>0</designtimetype><activationprobability>100</activationprobability><embeddedname></embeddedname><state /><statescope>0</statescope><activitymilestone /><activitymilestonescope>0</activitymilestonescope><activitypendmilestone></activitypendmilestone><activitypendmilestonescope>0</activitypendmilestonescope><activitydonemilestone></activitydonemilestone><activitydonemilestonescope>0</activitydonemilestonescope><nodependevent /><nodependeventscope>0</nodependeventscope><nodedoneevent /><nodedoneeventscope>0</nodedoneeventscope><titleposno>5</titleposno><embeddedproccount>0</embeddedproccount><iscustomnode>0</iscustomnode><designtimesettings>&lt;designtimesettings&gt;&lt;xposition&gt;400&lt;/xposition&gt;&lt;yposition&gt;250&lt;/yposition&gt;&lt;width&gt;60&lt;/width&gt;&lt;height&gt;60&lt;/height&gt;&lt;inheritcolorfromsystem&gt;True&lt;/inheritcolorfromsystem&gt;&lt;colour&gt;#FFD5DC43&lt;/colour&gt;&lt;textposition&gt;Top&lt;/textposition&gt;&lt;conditionpathdescription /&gt;&lt;lane&gt;&lt;name /&gt;&lt;index&gt;0&lt;/index&gt;&lt;poolid /&gt;&lt;height&gt;0&lt;/height&gt;&lt;/lane&gt;&lt;annotations /&gt;&lt;attachments /&gt;&lt;/designtimesettings&gt;</designtimesettings><attachments></attachments><annotations></annotations><dependants /><destinationnodes><destinationnode><nodeid>3</nodeid><nodetype>1</nodetype></destinationnode><destinationnode><nodeid>4</nodeid><nodetype>6</nodetype></destinationnode></destinationnodes><originnodes><originnode><nodeid>1</nodeid><nodetype>2</nodetype></originnode></originnodes><branchingrules /><runtimesettings>0</runtimesettings></nodedata><decisiondata><decisionname>Success?</decisionname><description></description><decisiontext>&lt;Rule xmlns:xsd="http://www.w3.org/2001/XMLSchema" xmlns:xsi="http://www.w3.org/2001/XMLSchema-instance"&gt;&lt;RuleInputs&gt;&lt;RuleInput&gt;&lt;Id&gt;FRAUDRESULT_6A8D7A5A4ECF46E9B943F7F4BF350B61&lt;/Id&gt;&lt;Scope&gt;None&lt;/Scope&gt;&lt;VariableType&gt;String&lt;/VariableType&gt;&lt;/RuleInput&gt;&lt;/RuleInputs&gt;&lt;Script&gt;¬FRAUDRESULT_6A8D7A5A4ECF46E9B943F7F4BF350B61¬= "SUCCESS"&lt;/Script&gt;&lt;RuleType&gt;Decision&lt;/RuleType&gt;&lt;/Rule&gt;</decisiontext><trueid>3</trueid><trackstorejvh>0</trackstorejvh><casesensetive>1</casesensetive><inputvariables><inputvariable><varid>FRAUDRESULT_6A8D7A5A4ECF46E9B943F7F4BF350B61</varid></inputvariable></inputvariables></decisiondata></node><node><nodetype>1</nodetype><nodedata><processid>99ACDA9AAFD803FDD9B48E3A75B72A97</processid><version>1.000000</version><nodeid>3</nodeid><isstartnode>0</isstartnode><nodetype>1</nodetype><designtimetype>33</designtimetype><activationprobability>100</activationprobability><embeddedname></embeddedname><state /><statescope>0</statescope><activitymilestone></activitymilestone><activitymilestonescope>0</activitymilestonescope><activitypendmilestone></activitypendmilestone><activitypendmilestonescope>0</activitypendmilestonescope><activitydonemilestone></activitydonemilestone><activitydonemilestonescope>0</activitydonemilestonescope><nodependevent /><nodependeventscope>0</nodependeventscope><nodedoneevent /><nodedoneeventscope>0</nodedoneeventscope><titleposno>5</titleposno><embeddedproccount>0</embeddedproccount><iscustomnode>0</iscustomnode><designtimesettings>&lt;designtimesettings&gt;&lt;xposition&gt;550&lt;/xposition&gt;&lt;yposition&gt;149&lt;/yposition&gt;&lt;width&gt;90&lt;/width&gt;&lt;height&gt;60&lt;/height&gt;&lt;inheritcolorfromsystem&gt;True&lt;/inheritcolorfromsystem&gt;&lt;colour&gt;#FFE3EDF3&lt;/colour&gt;&lt;textposition&gt;Top&lt;/textposition&gt;&lt;conditionpathdescription /&gt;&lt;lane&gt;&lt;name /&gt;&lt;index&gt;0&lt;/index&gt;&lt;poolid /&gt;&lt;height&gt;0&lt;/height&gt;&lt;/lane&gt;&lt;annotations /&gt;&lt;attachments /&gt;&lt;resourcenotes /&gt;&lt;/designtimesettings&gt;</designtimesettings><attachments></attachments><annotations></annotations><dependants /><destinationnodes><destinationnode><nodeid>5</nodeid><nodetype>1</nodetype></destinationnode></destinationnodes><originnodes><originnode><nodeid>2</nodeid><nodetype>1</nodetype></originnode></originnodes><branchingrules /><runtimesettings>0</runtimesettings></nodedata><activitydata><inputvariables><inputvariable><varid>SPP_SYSTEM_SESSION_ID</varid></inputvariable><inputvariable><varid>STATUS</varid></inputvariable><inputvariable><varid>FRAUDRESULT_6A8D7A5A4ECF46E9B943F7F4BF350B61</varid></inputvariable><inputvariable><varid>TRUSTSCORE</varid></inputvariable><inputvariable><varid>FRAUDRESULT_F201240EB1944A89A33F1F563EC15074</varid></inputvariable><inputvariable><varid>ANALYZEDON</varid></inputvariable><inputvariable><varid>FRAUDRESULT_F9C7289E81A243D3BD50D4A83F681F69</varid></inputvariable><inputvariable><varid>RAIVIEWERURL</varid></inputvariable><inputvariable><varid>RAIURLVIEWER</varid></inputvariable><inputvariable><varid>SUBMISSIONID</varid></inputvariable></inputvariables><outputvariables /><requiredresources /><usableresources /><dynamicresourcesdata><overwriteusableresources>0</overwriteusableresources><dynamicresourcesvariables /></dynamicresourcesdata><targettime>0</targettime><delaytime>0</delaytime><pendingdelayduration>0</pendingdelayduration><expectedcost>0.000000</expectedcost><securitylevel>10</securitylevel><skilllevel>10</skilllevel><useprevioususer>0</useprevioususer><tasktype>7</tasktype><priority>1</priority><automatic>1</automatic><trackstorejvh>0</trackstorejvh><usesameasprevious>0</usesameasprevious><taskid>0</taskid><usesameasprevioustype>0</usesameasprevioustype><fixedcost>0.000000</fixedcost><taskname>Analyze Results</taskname><resourceid /><createdby>97F3B0DB52FA4AEDAA3C31A531E8E1A8</createdby><purpose></purpose><description></description><script></script><processid /><creationdate>2025-05-12T11:19:43.54386</creationdate><transactionalinfo /><createnewjobinfo><cnjprocessid></cnjprocessid><initparams></initparams><outputs></outputs><varid></varid><jobtype>0</jobtype><reftype>0</reftype></createnewjobinfo><scriptprogid></scriptprogid><preloadscript>1</preloadscript><assocfile></assocfile><designinfo></designinfo><sleepinfo>0</sleepinfo><jobowneridinfo></jobowneridinfo><jobownervaridinfo></jobownervaridinfo><negativelagtime>0</negativelagtime><dynduedate>0</dynduedate><dynduedatevar /><dyntargetdurationvar /><sendemail>0</sendemail><emailto>0</emailto><subjecttext></subjecttext><subjectvar></subjectvar><contenttext></contenttext><contentvar></contentvar><urltext></urltext><urlvar></urlvar><appendassocfile>0</appendassocfile><dotnet><dotnetactivity><assemblyid>TotalAgility.Sdk.dll</assemblyid><assemblyloadtype>0</assemblyloadtype><assemblyname>TotalAgility.Sdk.dll</assemblyname><classname>TotalAgility.Sdk.ServerService</classname><methodname>ExecuteCalculationNode</methodname><duplicatemethodno>1</duplicatemethodno><noofparams>0</noofparams><paramsmappingxmltag>&lt;parameters&gt;&lt;param direction="in" source="SPP_SYSTEM_SESSION_ID" field="SPP_SYSTEM_SESSION_ID" datatype="System.String" value="SPP_SYSTEM_SESSION_ID" name="sessionId" selection="false" documentmappingtype="0" documentfiletype="-1" /&gt;&lt;param direction="in" source="" field="" datatype="Agility.Sdk.Model.Calculations.CalculationNode" value="" name="CalculationNode" selection="false" documentmappingtype="0" documentfiletype="-1"&gt;&lt;member name="ProcessActivityIdentity" source="" type="Agility.Sdk.Model.Activities.ProcessActivityIdentity" value="" field="" selection="false" index="0" documentmappingtype="0" documentfiletype="-1"&gt;&lt;member name="ProcessIdentity" source="" type="Agility.Sdk.Model.Processes.ProcessIdentity" value="" field="" selection="false" index="0" documentmappingtype="0" documentfiletype="-1"&gt;&lt;member name="Id" source="inline" type="System.String" value="99ACDA9AAFD803FDD9B48E3A75B72A97" field="" selection="false" index="0" documentmappingtype="0" documentfiletype="-1" /&gt;&lt;member name="Name" source="inline" type="System.String" value="RAI Document Workflow" field="" selection="false" index="0" documentmappingtype="0" documentfiletype="-1" /&gt;&lt;member name="Version" source="inline" type="System.Double" value="1" field="" selection="false" index="0" documentmappingtype="0" documentfiletype="-1" /&gt;&lt;/member&gt;&lt;member name="NodeId" source="inline" type="System.Int16" value="3" field="" selection="false" index="0" documentmappingtype="0" documentfiletype="-1" /&gt;&lt;member name="ActivityName" source="inline" type="System.String" value="Analyze Results" field="" selection="false" index="0" documentmappingtype="0" documentfiletype="-1" /&gt;&lt;/member&gt;&lt;member name="InputVariables" source="" type="Agility.Sdk.Model.Variables.InputVariable[]" value="" field="" selection="false" index="0" documentmappingtype="0" documentfiletype="-1"&gt;&lt;member name="" source="" type="Agility.Sdk.Model.Variables.InputVariable" value="" field="" selection="false" index="0" documentmappingtype="0" documentfiletype="-1"&gt;&lt;member name="Id" source="inline" type="System.String" value="SPP_SYSTEM_SESSION_ID" field="" selection="false" index="0" documentmappingtype="0" documentfiletype="-1" /&gt;&lt;member name="Value" source="SPP_SYSTEM_SESSION_ID" type="System.Object" value="SPP_SYSTEM_SESSION_ID" field="SPP_SYSTEM_SESSION_ID" selection="false" index="0" documentmappingtype="0" documentfiletype="-1" /&gt;&lt;/member&gt;&lt;member name="" source="" type="Agility.Sdk.Model.Variables.InputVariable" value="" field="" selection="false" index="0" documentmappingtype="0" documentfiletype="-1"&gt;&lt;member name="Id" source="inline" type="System.String" value="STATUS" field="" selection="false" index="0" documentmappingtype="0" documentfiletype="-1" /&gt;&lt;member name="Value" source="STATUS" type="System.Object" value="STATUS" field="STATUS" selection="false" index="0" documentmappingtype="0" documentfiletype="-1" /&gt;&lt;/member&gt;&lt;member name="" source="" type="Agility.Sdk.Model.Variables.InputVariable" value="" field="" selection="false" index="0" documentmappingtype="0" documentfiletype="-1"&gt;&lt;member name="Id" source="inline" type="System.String" value="FRAUDRESULT_6A8D7A5A4ECF46E9B943F7F4BF350B61" field="" selection="false" index="0" documentmappingtype="0" documentfiletype="-1" /&gt;&lt;member name="Value" source="DataObject" type="System.Object" value="FRAUDRESULT_6A8D7A5A4ECF46E9B943F7F4BF350B61" field="FRAUDRESULT_6A8D7A5A4ECF46E9B943F7F4BF350B61" selection="false" index="0" documentmappingtype="0" documentfiletype="-1" /&gt;&lt;/member&gt;&lt;member name="" source="" type="Agility.Sdk.Model.Variables.InputVariable" value="" field="" selection="false" index="0" documentmappingtype="0" documentfiletype="-1"&gt;&lt;member name="Id" source="inline" type="System.String" value="TRUSTSCORE" field="" selection="false" index="0" documentmappingtype="0" documentfiletype="-1" /&gt;&lt;member name="Value" source="TRUSTSCORE" type="System.Object" value="TRUSTSCORE" field="TRUSTSCORE" selection="false" index="0" documentmappingtype="0" documentfiletype="-1" /&gt;&lt;/member&gt;&lt;member name="" source="" type="Agility.Sdk.Model.Variables.InputVariable" value="" field="" selection="false" index="0" documentmappingtype="0" documentfiletype="-1"&gt;&lt;member name="Id" source="inline" type="System.String" value="FRAUDRESULT_F201240EB1944A89A33F1F563EC15074" field="" selection="false" index="0" documentmappingtype="0" documentfiletype="-1" /&gt;&lt;member name="Value" source="DataObject" type="System.Object" value="FRAUDRESULT_F201240EB1944A89A33F1F563EC15074" field="FRAUDRESULT_F201240EB1944A89A33F1F563EC15074" selection="false" index="0" documentmappingtype="0" documentfiletype="-1" /&gt;&lt;/member&gt;&lt;member name="" source="" type="Agility.Sdk.Model.Variables.InputVariable" value="" field="" selection="false" index="0" documentmappingtype="0" documentfiletype="-1"&gt;&lt;member name="Id" source="inline" type="System.String" value="ANALYZEDON" field="" selection="false" index="0" documentmappingtype="0" documentfiletype="-1" /&gt;&lt;member name="Value" source="ANALYZEDON" type="System.Object" value="ANALYZEDON" field="ANALYZEDON" selection="false" index="0" documentmappingtype="0" documentfiletype="-1" /&gt;&lt;/member&gt;&lt;member name="" source="" type="Agility.Sdk.Model.Variables.InputVariable" value="" field="" selection="false" index="0" documentmappingtype="0" documentfiletype="-1"&gt;&lt;member name="Id" source="inline" type="System.String" value="FRAUDRESULT_F9C7289E81A243D3BD50D4A83F681F69" field="" selection="false" index="0" documentmappingtype="0" documentfiletype="-1" /&gt;&lt;member name="Value" source="DataObject" type="System.Object" value="FRAUDRESULT_F9C7289E81A243D3BD50D4A83F681F69" field="FRAUDRESULT_F9C7289E81A243D3BD50D4A83F681F69" selection="false" index="0" documentmappingtype="0" documentfiletype="-1" /&gt;&lt;/member&gt;&lt;member name="" source="" type="Agility.Sdk.Model.Variables.InputVariable" value="" field="" selection="false" index="0" documentmappingtype="0" documentfiletype="-1"&gt;&lt;member name="Id" source="inline" type="System.String" value="RAIVIEWERURL" field="" selection="false" index="0" documentmappingtype="0" documentfiletype="-1" /&gt;&lt;member name="Value" source="RAIVIEWERURL" type="System.Object" value="RAIVIEWERURL" field="RAIVIEWERURL" selection="false" index="0" documentmappingtype="0" documentfiletype="-1" /&gt;&lt;/member&gt;&lt;member name="" source="" type="Agility.Sdk.Model.Variables.InputVariable" value="" field="" selection="false" index="0" documentmappingtype="0" documentfiletype="-1"&gt;&lt;member name="Id" source="inline" type="System.String" value="RAIURLVIEWER" field="" selection="false" index="0" documentmappingtype="0" documentfiletype="-1" /&gt;&lt;member name="Value" source="RAIURLVIEWER" type="System.Object" value="RAIURLVIEWER" field="RAIURLVIEWER" selection="false" index="0" documentmappingtype="0" documentfiletype="-1" /&gt;&lt;/member&gt;&lt;member name="" source="" type="Agility.Sdk.Model.Variables.InputVariable" value="" field="" selection="false" index="0" documentmappingtype="0" documentfiletype="-1"&gt;&lt;member name="Id" source="inline" type="System.String" value="SUBMISSIONID" field="" selection="false" index="0" documentmappingtype="0" documentfiletype="-1" /&gt;&lt;member name="Value" source="SUBMISSIONID" type="System.Object" value="SUBMISSIONID" field="SUBMISSIONID" selection="false" index="0" documentmappingtype="0" documentfiletype="-1" /&gt;&lt;/member&gt;&lt;/member&gt;&lt;member name="CalculationScriptCollection" source="" type="Agility.Sdk.Model.Calculations.CalculationScript[]" value="" field="" selection="false" index="0" documentmappingtype="0" documentfiletype="-1"&gt;&lt;member name="" source="" type="Agility.Sdk.Model.Calculations.CalculationScript" value="" field="" selection="false" index="0" documentmappingtype="0" documentfiletype="-1"&gt;&lt;member name="Script" source="inline" type="System.String" value="&amp;lt;?xml version=&amp;quot;1.0&amp;quot; encoding=&amp;quot;utf-16&amp;quot;?&amp;gt;&amp;lt;Rule xmlns:xsd=&amp;quot;http://www.w3.org/2001/XMLSchema&amp;quot; xmlns:xsi=&amp;quot;http://www.w3.org/2001/XMLSchema-instance&amp;quot;&amp;gt;&amp;lt;RuleInputs&amp;gt;&amp;lt;RuleInput&amp;gt;&amp;lt;Id&amp;gt;FRAUDRESULT_6A8D7A5A4ECF46E9B943F7F4BF350B61&amp;lt;/Id&amp;gt;&amp;lt;Scope&amp;gt;None&amp;lt;/Scope&amp;gt;&amp;lt;VariableType&amp;gt;String&amp;lt;/VariableType&amp;gt;&amp;lt;/RuleInput&amp;gt;&amp;lt;/RuleInputs&amp;gt;&amp;lt;Script&amp;gt;¬FRAUDRESULT_6A8D7A5A4ECF46E9B943F7F4BF350B61¬&amp;lt;/Script&amp;gt;&amp;lt;RuleType&amp;gt;Expression&amp;lt;/RuleType&amp;gt;&amp;lt;/Rule&amp;gt;" field="" selection="false" index="0" documentmappingtype="0" documentfiletype="-1" /&gt;&lt;member name="Description" source="inline" type="System.String" value="" field="" selection="false" index="0" documentmappingtype="0" documentfiletype="-1" /&gt;&lt;member name="TargetVariable" source="" type="Agility.Sdk.Model.Variables.OutputVariable" value="" field="" selection="false" index="0" documentmappingtype="0" documentfiletype="-1"&gt;&lt;member name="Id" source="inline" type="System.String" value="STATUS" field="" selection="false" index="0" documentmappingtype="0" documentfiletype="-1" /&gt;&lt;member name="Value" source="STATUS" type="System.Object" value="STATUS" field="STATUS" selection="false" index="0" documentmappingtype="0" documentfiletype="-1" /&gt;&lt;/member&gt;&lt;member name="UseBusinessCalendar" source="inline" type="System.Boolean" value="False" field="" selection="false" index="0" documentmappingtype="0" documentfiletype="-1" /&gt;&lt;/member&gt;&lt;member name="" source="" type="Agility.Sdk.Model.Calculations.CalculationScript" value="" field="" selection="false" index="0" documentmappingtype="0" documentfiletype="-1"&gt;&lt;member name="Script" source="inline" type="System.String" value="&amp;lt;?xml version=&amp;quot;1.0&amp;quot; encoding=&amp;quot;utf-16&amp;quot;?&amp;gt;&amp;lt;Rule xmlns:xsd=&amp;quot;http://www.w3.org/2001/XMLSchema&amp;quot; xmlns:xsi=&amp;quot;http://www.w3.org/2001/XMLSchema-instance&amp;quot;&amp;gt;&amp;lt;RuleInputs&amp;gt;&amp;lt;RuleInput&amp;gt;&amp;lt;Id&amp;gt;FRAUDRESULT_F201240EB1944A89A33F1F563EC15074&amp;lt;/Id&amp;gt;&amp;lt;Scope&amp;gt;None&amp;lt;/Scope&amp;gt;&amp;lt;VariableType&amp;gt;String&amp;lt;/VariableType&amp;gt;&amp;lt;/RuleInput&amp;gt;&amp;lt;/RuleInputs&amp;gt;&amp;lt;Script&amp;gt;¬FRAUDRESULT_F201240EB1944A89A33F1F563EC15074¬&amp;lt;/Script&amp;gt;&amp;lt;RuleType&amp;gt;Expression&amp;lt;/RuleType&amp;gt;&amp;lt;/Rule&amp;gt;" field="" selection="false" index="0" documentmappingtype="0" documentfiletype="-1" /&gt;&lt;member name="Description" source="inline" type="System.String" value="" field="" selection="false" index="0" documentmappingtype="0" documentfiletype="-1" /&gt;&lt;member name="TargetVariable" source="" type="Agility.Sdk.Model.Variables.OutputVariable" value="" field="" selection="false" index="0" documentmappingtype="0" documentfiletype="-1"&gt;&lt;member name="Id" source="inline" type="System.String" value="TRUSTSCORE" field="" selection="false" index="0" documentmappingtype="0" documentfiletype="-1" /&gt;&lt;member name="Value" source="TRUSTSCORE" type="System.Object" value="TRUSTSCORE" field="TRUSTSCORE" selection="false" index="0" documentmappingtype="0" documentfiletype="-1" /&gt;&lt;/member&gt;&lt;member name="UseBusinessCalendar" source="inline" type="System.Boolean" value="False" field="" selection="false" index="0" documentmappingtype="0" documentfiletype="-1" /&gt;&lt;/member&gt;&lt;member name="" source="" type="Agility.Sdk.Model.Calculations.CalculationScript" value="" field="" selection="false" index="0" documentmappingtype="0" documentfiletype="-1"&gt;&lt;member name="Script" source="inline" type="System.String" value="&amp;lt;?xml version=&amp;quot;1.0&amp;quot; encoding=&amp;quot;utf-16&amp;quot;?&amp;gt;&amp;lt;Rule xmlns:xsd=&amp;quot;http://www.w3.org/2001/XMLSchema&amp;quot; xmlns:xsi=&amp;quot;http://www.w3.org/2001/XMLSchema-instance&amp;quot;&amp;gt;&amp;lt;RuleInputs&amp;gt;&amp;lt;RuleInput&amp;gt;&amp;lt;Id&amp;gt;FRAUDRESULT_F9C7289E81A243D3BD50D4A83F681F69&amp;lt;/Id&amp;gt;&amp;lt;Scope&amp;gt;None&amp;lt;/Scope&amp;gt;&amp;lt;VariableType&amp;gt;Date&amp;lt;/VariableType&amp;gt;&amp;lt;/RuleInput&amp;gt;&amp;lt;/RuleInputs&amp;gt;&amp;lt;Script&amp;gt;¬FRAUDRESULT_F9C7289E81A243D3BD50D4A83F681F69¬ &amp;lt;/Script&amp;gt;&amp;lt;RuleType&amp;gt;Expression&amp;lt;/RuleType&amp;gt;&amp;lt;/Rule&amp;gt;" field="" selection="false" index="0" documentmappingtype="0" documentfiletype="-1" /&gt;&lt;member name="Description" source="inline" type="System.String" value="" field="" selection="false" index="0" documentmappingtype="0" documentfiletype="-1" /&gt;&lt;member name="TargetVariable" source="" type="Agility.Sdk.Model.Variables.OutputVariable" value="" field="" selection="false" index="0" documentmappingtype="0" documentfiletype="-1"&gt;&lt;member name="Id" source="inline" type="System.String" value="ANALYZEDON" field="" selection="false" index="0" documentmappingtype="0" documentfiletype="-1" /&gt;&lt;member name="Value" source="ANALYZEDON" type="System.Object" value="ANALYZEDON" field="ANALYZEDON" selection="false" index="0" documentmappingtype="0" documentfiletype="-1" /&gt;&lt;/member&gt;&lt;member name="UseBusinessCalendar" source="inline" type="System.Boolean" value="False" field="" selection="false" index="0" documentmappingtype="0" documentfiletype="-1" /&gt;&lt;/member&gt;&lt;member name="" source="" type="Agility.Sdk.Model.Calculations.CalculationScript" value="" field="" selection="false" index="0" documentmappingtype="0" documentfiletype="-1"&gt;&lt;member name="Script" source="inline" type="System.String" value="&amp;lt;?xml version=&amp;quot;1.0&amp;quot; encoding=&amp;quot;utf-16&amp;quot;?&amp;gt;&amp;lt;Rule xmlns:xsd=&amp;quot;http://www.w3.org/2001/XMLSchema&amp;quot; xmlns:xsi=&amp;quot;http://www.w3.org/2001/XMLSchema-instance&amp;quot;&amp;gt;&amp;lt;RuleInputs&amp;gt;&amp;lt;RuleInput&amp;gt;&amp;lt;Id&amp;gt;RAIURLVIEWER&amp;lt;/Id&amp;gt;&amp;lt;Scope&amp;gt;None&amp;lt;/Scope&amp;gt;&amp;lt;VariableType&amp;gt;String&amp;lt;/VariableType&amp;gt;&amp;lt;/RuleInput&amp;gt;&amp;lt;RuleInput&amp;gt;&amp;lt;Id&amp;gt;SUBMISSIONID&amp;lt;/Id&amp;gt;&amp;lt;Scope&amp;gt;None&amp;lt;/Scope&amp;gt;&amp;lt;VariableType&amp;gt;String&amp;lt;/VariableType&amp;gt;&amp;lt;/RuleInput&amp;gt;&amp;lt;/RuleInputs&amp;gt;&amp;lt;Script&amp;gt;¬RAIURLVIEWER¬ + ¬SUBMISSIONID¬&amp;lt;/Script&amp;gt;&amp;lt;RuleType&amp;gt;Expression&amp;lt;/RuleType&amp;gt;&amp;lt;/Rule&amp;gt;" field="" selection="false" index="0" documentmappingtype="0" documentfiletype="-1" /&gt;&lt;member name="Description" source="inline" type="System.String" value="" field="" selection="false" index="0" documentmappingtype="0" documentfiletype="-1" /&gt;&lt;member name="TargetVariable" source="" type="Agility.Sdk.Model.Variables.OutputVariable" value="" field="" selection="false" index="0" documentmappingtype="0" documentfiletype="-1"&gt;&lt;member name="Id" source="inline" type="System.String" value="RAIVIEWERURL" field="" selection="false" index="0" documentmappingtype="0" documentfiletype="-1" /&gt;&lt;member name="Value" source="RAIVIEWERURL" type="System.Object" value="RAIVIEWERURL" field="RAIVIEWERURL" selection="false" index="0" documentmappingtype="0" documentfiletype="-1" /&gt;&lt;/member&gt;&lt;member name="UseBusinessCalendar" source="inline" type="System.Boolean" value="False" field="" selection="false" index="0" documentmappingtype="0" documentfiletype="-1" /&gt;&lt;/member&gt;&lt;/member&gt;&lt;/param&gt;&lt;param direction="ret" source="" field="" datatype="Agility.Sdk.Model.Variables.OutputVariable[]" value="" name="Return Parameter" selection="false" documentmappingtype="0" documentfiletype="-1"&gt;&lt;member name="" source="" type="Agility.Sdk.Model.Variables.OutputVariable" value="" field="" selection="false" index="0" documentmappingtype="0" documentfiletype="-1"&gt;&lt;member name="Id" source="inline" type="System.String" value="STATUS" field="" selection="false" index="0" documentmappingtype="0" documentfiletype="-1" /&gt;&lt;member name="Value" source="STATUS" type="System.Object" value="STATUS" field="STATUS" selection="false" index="0" documentmappingtype="0" documentfiletype="-1" /&gt;&lt;/member&gt;&lt;member name="" source="" type="Agility.Sdk.Model.Variables.OutputVariable" value="" field="" selection="false" index="0" documentmappingtype="0" documentfiletype="-1"&gt;&lt;member name="Id" source="inline" type="System.String" value="TRUSTSCORE" field="" selection="false" index="0" documentmappingtype="0" documentfiletype="-1" /&gt;&lt;member name="Value" source="TRUSTSCORE" type="System.Object" value="TRUSTSCORE" field="TRUSTSCORE" selection="false" index="0" documentmappingtype="0" documentfiletype="-1" /&gt;&lt;/member&gt;&lt;member name="" source="" type="Agility.Sdk.Model.Variables.OutputVariable" value="" field="" selection="false" index="0" documentmappingtype="0" documentfiletype="-1"&gt;&lt;member name="Id" source="inline" type="System.String" value="ANALYZEDON" field="" selection="false" index="0" documentmappingtype="0" documentfiletype="-1" /&gt;&lt;member name="Value" source="ANALYZEDON" type="System.Object" value="ANALYZEDON" field="ANALYZEDON" selection="false" index="0" documentmappingtype="0" documentfiletype="-1" /&gt;&lt;/member&gt;&lt;member name="" source="" type="Agility.Sdk.Model.Variables.OutputVariable" value="" field="" selection="false" index="0" documentmappingtype="0" documentfiletype="-1"&gt;&lt;member name="Id" source="inline" type="System.String" value="RAIVIEWERURL" field="" selection="false" index="0" documentmappingtype="0" documentfiletype="-1" /&gt;&lt;member name="Value" source="RAIVIEWERURL" type="System.Object" value="RAIVIEWERURL" field="RAIVIEWERURL" selection="false" index="0" documentmappingtype="0" documentfiletype="-1" /&gt;&lt;/member&gt;&lt;/param&gt;&lt;/parameters&gt;</paramsmappingxmltag></dotnetactivity></dotnet><webservice /><activityinfo><useadvworkflowrules>0</useadvworkflowrules><seqactivityassignment>0</seqactivityassignment><concuractivityaccess>0</concuractivityaccess><noofusableresourcesreq>0</noofusableresourcesreq><exitcondition></exitcondition><expandgroups>0</expandgroups><noofusableresourcesreqvarid /></activityinfo><categoryid>206FAD6AB6D2445DB99411432EDF54D4</categoryid><poolid>0</poolid><activityruntimesettings>0</activityruntimesettings><activityragamberthreshold>0</activityragamberthreshold><activityragredthreshold>0</activityragredthreshold><activityragblackthreshold>0</activityragblackthreshold><activityragpurplethreshold>0</activityragpurplethreshold><form /><xmldata /><dataaccess /><getresourceinfo /><jobvariableinfo /><baminfo /><bpescalations /><preconditionslist /><preconditiontext></preconditiontext><startmethod></startmethod><classnamespace></classnamespace><resetlimit>-1</resetlimit><activitytimedoutaction>0</activitytimedoutaction><suspendreasontext></suspendreasontext><suspendreasonvarid></suspendreasonvarid></activitydata></node><node><nodetype>6</nodetype><nodedata><processid>99ACDA9AAFD803FDD9B48E3A75B72A97</processid><version>1.000000</version><nodeid>4</nodeid><isstartnode>0</isstartnode><nodetype>6</nodetype><designtimetype>0</designtimetype><activationprobability>100</activationprobability><embeddedname></embeddedname><state /><statescope>0</statescope><activitymilestone /><activitymilestonescope>0</activitymilestonescope><activitypendmilestone></activitypendmilestone><activitypendmilestonescope>0</activitypendmilestonescope><activitydonemilestone></activitydonemilestone><activitydonemilestonescope>0</activitydonemilestonescope><nodependevent /><nodependeventscope>0</nodependeventscope><nodedoneevent /><nodedoneeventscope>0</nodedoneeventscope><titleposno>5</titleposno><embeddedproccount>0</embeddedproccount><iscustomnode>0</iscustomnode><designtimesettings>&lt;designtimesettings&gt;&lt;xposition&gt;550&lt;/xposition&gt;&lt;yposition&gt;350&lt;/yposition&gt;&lt;width&gt;30&lt;/width&gt;&lt;height&gt;30&lt;/height&gt;&lt;inheritcolorfromsystem&gt;True&lt;/inheritcolorfromsystem&gt;&lt;colour&gt;#FF9B0000&lt;/colour&gt;&lt;eventtype&gt;Default&lt;/eventtype&gt;&lt;name&gt;End&lt;/name&gt;&lt;textposition&gt;Top&lt;/textposition&gt;&lt;conditionpathdescription /&gt;&lt;lane&gt;&lt;name /&gt;&lt;index&gt;0&lt;/index&gt;&lt;poolid /&gt;&lt;height&gt;0&lt;/height&gt;&lt;/lane&gt;&lt;annotations /&gt;&lt;attachments /&gt;&lt;/designtimesettings&gt;</designtimesettings><attachments></attachments><annotations></annotations><dependants /><destinationnodes /><originnodes><originnode><nodeid>2</nodeid><nodetype>6</nodetype></originnode></originnodes><branchingrules /><runtimesettings>0</runtimesettings></nodedata></node><node><nodetype>1</nodetype><nodedata><processid>99ACDA9AAFD803FDD9B48E3A75B72A97</processid><version>1.000000</version><nodeid>5</nodeid><isstartnode>0</isstartnode><nodetype>1</nodetype><designtimetype>10</designtimetype><activationprobability>100</activationprobability><embeddedname></embeddedname><state /><statescope>0</statescope><activitymilestone></activitymilestone><activitymilestonescope>0</activitymilestonescope><activitypendmilestone></activitypendmilestone><activitypendmilestonescope>0</activitypendmilestonescope><activitydonemilestone></activitydonemilestone><activitydonemilestonescope>0</activitydonemilestonescope><nodependevent /><nodependeventscope>0</nodependeventscope><nodedoneevent /><nodedoneeventscope>0</nodedoneeventscope><titleposno>5</titleposno><embeddedproccount>0</embeddedproccount><iscustomnode>0</iscustomnode><designtimesettings>&lt;designtimesettings&gt;&lt;xposition&gt;715&lt;/xposition&gt;&lt;yposition&gt;149&lt;/yposition&gt;&lt;width&gt;90&lt;/width&gt;&lt;height&gt;60&lt;/height&gt;&lt;inheritcolorfromsystem&gt;True&lt;/inheritcolorfromsystem&gt;&lt;colour&gt;#FFE3EDF3&lt;/colour&gt;&lt;textposition&gt;Top&lt;/textposition&gt;&lt;conditionpathdescription /&gt;&lt;lane&gt;&lt;name /&gt;&lt;index&gt;0&lt;/index&gt;&lt;poolid /&gt;&lt;height&gt;0&lt;/height&gt;&lt;/lane&gt;&lt;annotations /&gt;&lt;attachments /&gt;&lt;resourcenotes /&gt;&lt;/designtimesettings&gt;</designtimesettings><attachments></attachments><annotations></annotations><dependants /><destinationnodes><destinationnode><nodeid>6</nodeid><nodetype>1</nodetype></destinationnode></destinationnodes><originnodes><originnode><nodeid>3</nodeid><nodetype>1</nodetype></originnode></originnodes><branchingrules /><runtimesettings>0</runtimesettings></nodedata><activitydata><inputvariables><inputvariable><varid>RAIURLTOKEN</varid></inputvariable><inputvariable><varid>RAIURLAPI</varid></inputvariable><inputvariable><varid>RAICLIENTID</varid></inputvariable><inputvariable><varid>RAICLIENTSECRET</varid></inputvariable><inputvariable><varid>DOCUMENT_F938266C4CC640FC8C289D1FE732CD3E</varid></inputvariable><inputvariable><varid>TASDKURL</varid></inputvariable><inputvariable><varid>SPP_SYSTEM_SESSION_ID</varid></inputvariable><inputvariable><varid>SUBMISSIONID</varid></inputvariable><inputvariable><varid>RAIANALYSISCATEGORY</varid></inputvariable><inputvariable><varid>BOXEDDOCUMENTID</varid></inputvariable></inputvariables><outputvariables /><requiredresources /><usableresources /><dynamicresourcesdata><overwriteusableresources>0</overwriteusableresources><dynamicresourcesvariables /></dynamicresourcesdata><targettime>0</targettime><delaytime>0</delaytime><pendingdelayduration>0</pendingdelayduration><expectedcost>0.000000</expectedcost><securitylevel>10</securitylevel><skilllevel>10</skilllevel><useprevioususer>0</useprevioususer><tasktype>7</tasktype><priority>1</priority><automatic>1</automatic><trackstorejvh>0</trackstorejvh><usesameasprevious>0</usesameasprevious><taskid>0</taskid><usesameasprevioustype>0</usesameasprevioustype><fixedcost>0.000000</fixedcost><taskname>Get Boxed Doc ID</taskname><resourceid /><createdby>97F3B0DB52FA4AEDAA3C31A531E8E1A8</createdby><purpose></purpose><description></description><script></script><processid /><creationdate>2025-05-12T11:19:43.54486</creationdate><transactionalinfo /><createnewjobinfo><cnjprocessid></cnjprocessid><initparams></initparams><outputs></outputs><varid></varid><jobtype>0</jobtype><reftype>0</reftype></createnewjobinfo><scriptprogid></scriptprogid><preloadscript>1</preloadscript><assocfile></assocfile><designinfo></designinfo><sleepinfo>0</sleepinfo><jobowneridinfo></jobowneridinfo><jobownervaridinfo></jobownervaridinfo><negativelagtime>0</negativelagtime><dynduedate>0</dynduedate><dynduedatevar /><dyntargetdurationvar /><sendemail>0</sendemail><emailto>0</emailto><subjecttext></subjecttext><subjectvar></subjectvar><contenttext></contenttext><contentvar></contentvar><urltext></urltext><urlvar></urlvar><appendassocfile>0</appendassocfile><dotnet><dotnetactivity><assemblyid>tungstenlabs.integration.resistantai.dll</assemblyid><assemblyloadtype>3</assemblyloadtype><assemblyname>tungstenlabs.integration.resistantai.dll</assemblyname><classname>tungstenlabs.integration.resistantai.DocumentAnalysis</classname><methodname>GetDocumentWithBoundingBoxes</methodname><duplicatemethodno>1</duplicatemethodno><noofparams>0</noofparams><paramsmappingxmltag>&lt;parameters&gt;&lt;param direction="in" source="RAIURLTOKEN" field="RAIURLTOKEN" datatype="System.String" value="RAIURLTOKEN" name="AuthenticationURL" selection="false" documentmappingtype="0" documentfiletype="-1" /&gt;&lt;param direction="in" source="RAIURLAPI" field="RAIURLAPI" datatype="System.String" value="RAIURLAPI" name="SubmissionURL" selection="false" documentmappingtype="0" documentfiletype="-1" /&gt;&lt;param direction="in" source="RAICLIENTID" field="RAICLIENTID" datatype="System.String" value="RAICLIENTID" name="ClientID" selection="false" documentmappingtype="0" documentfiletype="-1" /&gt;&lt;param direction="in" source="RAICLIENTSECRET" field="RAICLIENTSECRET" datatype="System.String" value="RAICLIENTSECRET" name="ClientSecret" selection="false" documentmappingtype="0" documentfiletype="-1" /&gt;&lt;param direction="in" source="DOCUMENT_F938266C4CC640FC8C289D1FE732CD3E" field="DOCUMENT_F938266C4CC640FC8C289D1FE732CD3E" datatype="System.String" value="DOCUMENT_F938266C4CC640FC8C289D1FE732CD3E" name="DocID" selection="false" documentmappingtype="0" documentfiletype="-1" /&gt;&lt;param direction="in" source="TASDKURL" field="TASDKURL" datatype="System.String" value="TASDKURL" name="TASDKURL" selection="false" documentmappingtype="0" documentfiletype="-1" /&gt;&lt;param direction="in" source="SPP_SYSTEM_SESSION_ID" field="SPP_SYSTEM_SESSION_ID" datatype="System.String" value="SPP_SYSTEM_SESSION_ID" name="TASession" selection="false" documentmappingtype="0" documentfiletype="-1" /&gt;&lt;param direction="in" source="SUBMISSIONID" field="SUBMISSIONID" datatype="System.String" value="SUBMISSIONID" name="SubmissionID" selection="false" documentmappingtype="0" documentfiletype="-1" /&gt;&lt;param direction="in" source="RAIANALYSISCATEGORY" field="RAIANALYSISCATEGORY" datatype="System.String" value="RAIANALYSISCATEGORY" name="Category" selection="false" documentmappingtype="0" documentfiletype="-1" /&gt;&lt;param direction="ret" source="BOXEDDOCUMENTID" field="BOXEDDOCUMENTID" datatype="System.String" value="BOXEDDOCUMENTID" name="Return Parameter" selection="false" documentmappingtype="0" documentfiletype="-1" /&gt;&lt;/parameters&gt;</paramsmappingxmltag></dotnetactivity></dotnet><webservice /><activityinfo><useadvworkflowrules>0</useadvworkflowrules><seqactivityassignment>0</seqactivityassignment><concuractivityaccess>0</concuractivityaccess><noofusableresourcesreq>0</noofusableresourcesreq><exitcondition></exitcondition><expandgroups>0</expandgroups><noofusableresourcesreqvarid /></activityinfo><categoryid>206FAD6AB6D2445DB99411432EDF54D4</categoryid><poolid>0</poolid><activityruntimesettings>0</activityruntimesettings><activityragamberthreshold>0</activityragamberthreshold><activityragredthreshold>0</activityragredthreshold><activityragblackthreshold>0</activityragblackthreshold><activityragpurplethreshold>0</activityragpurplethreshold><form /><xmldata /><dataaccess /><getresourceinfo /><jobvariableinfo /><baminfo /><bpescalations /><preconditionslist /><preconditiontext></preconditiontext><startmethod></startmethod><classnamespace></classnamespace><resetlimit>-1</resetlimit><activitytimedoutaction>0</activitytimedoutaction><suspendreasontext></suspendreasontext><suspendreasonvarid></suspendreasonvarid></activitydata></node><node><nodetype>1</nodetype><nodedata><processid>99ACDA9AAFD803FDD9B48E3A75B72A97</processid><version>1.000000</version><nodeid>6</nodeid><isstartnode>0</isstartnode><nodetype>1</nodetype><designtimetype>1</designtimetype><activationprobability>100</activationprobability><embeddedname></embeddedname><state /><statescope>0</statescope><activitymilestone></activitymilestone><activitymilestonescope>0</activitymilestonescope><activitypendmilestone></activitypendmilestone><activitypendmilestonescope>0</activitypendmilestonescope><activitydonemilestone></activitydonemilestone><activitydonemilestonescope>0</activitydonemilestonescope><nodependevent /><nodependeventscope>0</nodependeventscope><nodedoneevent /><nodedoneeventscope>0</nodedoneeventscope><titleposno>5</titleposno><embeddedproccount>0</embeddedproccount><iscustomnode>0</iscustomnode><designtimesettings>&lt;designtimesettings&gt;&lt;xposition&gt;880&lt;/xposition&gt;&lt;yposition&gt;149&lt;/yposition&gt;&lt;width&gt;90&lt;/width&gt;&lt;height&gt;60&lt;/height&gt;&lt;inheritcolorfromsystem&gt;True&lt;/inheritcolorfromsystem&gt;&lt;colour&gt;#FFE3EDF3&lt;/colour&gt;&lt;textposition&gt;Top&lt;/textposition&gt;&lt;conditionpathdescription /&gt;&lt;lane&gt;&lt;name /&gt;&lt;index&gt;0&lt;/index&gt;&lt;poolid /&gt;&lt;height&gt;0&lt;/height&gt;&lt;/lane&gt;&lt;annotations /&gt;&lt;attachments /&gt;&lt;resourcenotes /&gt;&lt;/designtimesettings&gt;</designtimesettings><attachments></attachments><annotations></annotations><dependants /><destinationnodes><destinationnode><nodeid>7</nodeid><nodetype>6</nodetype></destinationnode></destinationnodes><originnodes><originnode><nodeid>5</nodeid><nodetype>1</nodetype></originnode></originnodes><branchingrules /><runtimesettings>0</runtimesettings></nodedata><activitydata><inputvariables><inputvariable><varid>DOCUMENT</varid></inputvariable><inputvariable><varid>FRAUDRESULT</varid></inputvariable><inputvariable><varid>RAIVIEWERURL</varid></inputvariable><inputvariable><varid>STATUS</varid></inputvariable><inputvariable><varid>TRUSTSCORE</varid></inputvariable><inputvariable><varid>BOXEDDOCUMENTID</varid></inputvariable></inputvariables><outputvariables /><requiredresources /><usableresources><resource><resourcetype>3</resourcetype><resourcename>Everyone</resourcename><resourceid>7DF43CCDF24611D2804B00104B71BD15</resourceid><serverid>DEA07961EADA1F4D8B0404878BF548C7</serverid><unavailability>Default</unavailability><accesstype>0</accesstype><seqassignorder>1</seqassignorder><excluded>0</excluded></resource></usableresources><dynamicresourcesdata><overwriteusableresources>0</overwriteusableresources><dynamicresourcesvariables /></dynamicresourcesdata><targettime>0</targettime><delaytime>0</delaytime><pendingdelayduration>0</pendingdelayduration><expectedcost>0.000000</expectedcost><securitylevel>10</securitylevel><skilllevel>10</skilllevel><useprevioususer>0</useprevioususer><tasktype>2</tasktype><priority>1</priority><automatic>0</automatic><trackstorejvh>0</trackstorejvh><usesameasprevious>0</usesameasprevious><taskid>0</taskid><usesameasprevioustype>0</usesameasprevioustype><fixedcost>0.000000</fixedcost><taskname>Ordinary Activity</taskname><resourceid /><createdby>97F3B0DB52FA4AEDAA3C31A531E8E1A8</createdby><purpose></purpose><description></description><script></script><processid /><creationdate>2025-05-12T11:19:43.54586</creationdate><transactionalinfo /><createnewjobinfo><cnjprocessid></cnjprocessid><initparams></initparams><outputs></outputs><varid></varid><jobtype>0</jobtype><reftype>0</reftype></createnewjobinfo><scriptprogid></scriptprogid><preloadscript>1</preloadscript><assocfile>RAI Document WorkflowOrdinary Activity.form</assocfile><designinfo></designinfo><sleepinfo>0</sleepinfo><jobowneridinfo></jobowneridinfo><jobownervaridinfo></jobownervaridinfo><negativelagtime>0</negativelagtime><dynduedate>0</dynduedate><dynduedatevar /><dyntargetdurationvar /><sendemail>0</sendemail><emailto>0</emailto><subjecttext></subjecttext><subjectvar></subjectvar><contenttext></contenttext><contentvar></contentvar><urltext></urltext><urlvar></urlvar><appendassocfile>0</appendassocfile><dotnet /><webservice /><activityinfo><useadvworkflowrules>0</useadvworkflowrules><seqactivityassignment>0</seqactivityassignment><concuractivityaccess>0</concuractivityaccess><noofusableresourcesreq>0</noofusableresourcesreq><exitcondition></exitcondition><expandgroups>0</expandgroups><noofusableresourcesreqvarid /></activityinfo><categoryid>206FAD6AB6D2445DB99411432EDF54D4</categoryid><poolid>0</poolid><activityruntimesettings>0</activityruntimesettings><activityragamberthreshold>0</activityragamberthreshold><activityragredthreshold>0</activityragredthreshold><activityragblackthreshold>0</activityragblackthreshold><activityragpurplethreshold>0</activityragpurplethreshold><form /><xmldata /><dataaccess /><getresourceinfo /><jobvariableinfo /><baminfo /><bpescalations /><preconditionslist /><preconditiontext></preconditiontext><startmethod></startmethod><classnamespace></classnamespace><resetlimit>-1</resetlimit><activitytimedoutaction>0</activitytimedoutaction><suspendreasontext></suspendreasontext><suspendreasonvarid></suspendreasonvarid></activitydata></node><node><nodetype>6</nodetype><nodedata><processid>99ACDA9AAFD803FDD9B48E3A75B72A97</processid><version>1.000000</version><nodeid>7</nodeid><isstartnode>0</isstartnode><nodetype>6</nodetype><designtimetype>0</designtimetype><activationprobability>100</activationprobability><embeddedname></embeddedname><state /><statescope>0</statescope><activitymilestone /><activitymilestonescope>0</activitymilestonescope><activitypendmilestone></activitypendmilestone><activitypendmilestonescope>0</activitypendmilestonescope><activitydonemilestone></activitydonemilestone><activitydonemilestonescope>0</activitydonemilestonescope><nodependevent /><nodependeventscope>0</nodependeventscope><nodedoneevent /><nodedoneeventscope>0</nodedoneeventscope><titleposno>5</titleposno><embeddedproccount>0</embeddedproccount><iscustomnode>0</iscustomnode><designtimesettings>&lt;designtimesettings&gt;&lt;xposition&gt;1045&lt;/xposition&gt;&lt;yposition&gt;149&lt;/yposition&gt;&lt;width&gt;30&lt;/width&gt;&lt;height&gt;30&lt;/height&gt;&lt;inheritcolorfromsystem&gt;True&lt;/inheritcolorfromsystem&gt;&lt;colour&gt;#FF9B0000&lt;/colour&gt;&lt;eventtype&gt;Default&lt;/eventtype&gt;&lt;name&gt;End&lt;/name&gt;&lt;textposition&gt;Top&lt;/textposition&gt;&lt;conditionpathdescription /&gt;&lt;lane&gt;&lt;name /&gt;&lt;index&gt;0&lt;/index&gt;&lt;poolid /&gt;&lt;height&gt;0&lt;/height&gt;&lt;/lane&gt;&lt;annotations /&gt;&lt;attachments /&gt;&lt;/designtimesettings&gt;</designtimesettings><attachments></attachments><annotations></annotations><dependants /><destinationnodes /><originnodes><originnode><nodeid>6</nodeid><nodetype>6</nodetype></originnode></originnodes><branchingrules /><runtimesettings>0</runtimesettings></nodedata></node></nodelist><documentprocessrulecollection /></processmap></processmaps>