<?xml version="1.0" encoding="utf-16"?>
<ArrayOfSite xmlns:xsd="http://www.w3.org/2001/XMLSchema" xmlns:xsi="http://www.w3.org/2001/XMLSchema-instance">
  <Site>
    <SiteIdentity>
      <Id>31A0B1B3034848BC8C72BDFC66EBEE60</Id>
      <AutomaticallyPopulate>true</AutomaticallyPopulate>
      <Name>rai</Name>
    </SiteIdentity>
    <CategoryIdentity>
      <Id>A08C5B14E0A64A3DB33CE9AB312D2D18</Id>
      <AutomaticallyPopulate>true</AutomaticallyPopulate>
      <Name>Resistant.ai</Name>
      <Description />
    </CategoryIdentity>
    <LastModifiedUser>
      <Id>DAAAD76834F749B790469E31371AB497</Id>
      <AutomaticallyPopulate>true</AutomaticallyPopulate>
      <ResourceType>Worker</ResourceType>
      <EmailAddress />
      <UserId />
      <ManagerialLevel>0</ManagerialLevel>
    </LastModifiedUser>
    <LastModifiedTime>2024-08-27T09:04:47.703</LastModifiedTime>
    <Settings>
      <DesktopSite>
        <DefaultForm>
          <Id>28CBA0D91C704F60B803E4F8E64B85FF</Id>
          <AutomaticallyPopulate>true</AutomaticallyPopulate>
          <Name>rai-login</Name>
          <Version>62</Version>
        </DefaultForm>
        <HeaderForm>
          <Id>967672C9D09D480A9D02DD88D076FE64</Id>
          <AutomaticallyPopulate>true</AutomaticallyPopulate>
          <Name>rai-header</Name>
          <Version>2</Version>
        </HeaderForm>
        <HorizontalNavigationMenu>
          <Id>B0AA433698FCFA709DA9B460E647A2A1</Id>
          <Name>rai-navigation</Name>
          <LastModifiedDate>2024-08-27T00:00:59.765+00:00</LastModifiedDate>
        </HorizontalNavigationMenu>
        <VerticalNavigationMenu>
          <Id />
          <Name />
          <LastModifiedDate>2024-08-26T23:58:59.927+00:00</LastModifiedDate>
        </VerticalNavigationMenu>
        <ThemeIdentity>
          <Id>E2892F864235645CB20DF48C87D7D339</Id>
          <AutomaticallyPopulate>true</AutomaticallyPopulate>
          <Name>ResistantAI</Name>
        </ThemeIdentity>
        <IsVerticalNavMenuCollapsible>false</IsVerticalNavMenuCollapsible>
        <IsVerticalNavMenuCollapsed>false</IsVerticalNavMenuCollapsed>
      </DesktopSite>
      <TabletSite>
        <DefaultForm>
          <Id>28CBA0D91C704F60B803E4F8E64B85FF</Id>
          <AutomaticallyPopulate>true</AutomaticallyPopulate>
          <Name>rai-login</Name>
          <Version>78</Version>
        </DefaultForm>
        <HeaderForm>
          <Id>967672C9D09D480A9D02DD88D076FE64</Id>
          <AutomaticallyPopulate>true</AutomaticallyPopulate>
          <Name>rai-header</Name>
          <Version>12</Version>
        </HeaderForm>
        <HorizontalNavigationMenu>
          <Id>B0AA433698FCFA709DA9B460E647A2A1</Id>
          <Name>rai-navigation</Name>
          <LastModifiedDate>2024-08-27T08:32:23.035+00:00</LastModifiedDate>
        </HorizontalNavigationMenu>
        <VerticalNavigationMenu>
          <Id />
          <Name />
          <LastModifiedDate>2024-08-26T23:58:59.927+00:00</LastModifiedDate>
        </VerticalNavigationMenu>
        <ThemeIdentity>
          <Id>E2892F864235645CB20DF48C87D7D339</Id>
          <AutomaticallyPopulate>true</AutomaticallyPopulate>
          <Name>ResistantAI</Name>
        </ThemeIdentity>
        <IsVerticalNavMenuCollapsible>false</IsVerticalNavMenuCollapsible>
        <IsVerticalNavMenuCollapsed>false</IsVerticalNavMenuCollapsed>
      </TabletSite>
      <MobileSite>
        <DefaultForm>
          <Id>28CBA0D91C704F60B803E4F8E64B85FF</Id>
          <AutomaticallyPopulate>true</AutomaticallyPopulate>
          <Name>rai-login</Name>
          <Version>78</Version>
        </DefaultForm>
        <HeaderForm>
          <Id>967672C9D09D480A9D02DD88D076FE64</Id>
          <AutomaticallyPopulate>true</AutomaticallyPopulate>
          <Name>rai-header</Name>
          <Version>12</Version>
        </HeaderForm>
        <HorizontalNavigationMenu>
          <Id>B0AA433698FCFA709DA9B460E647A2A1</Id>
          <Name>rai-navigation</Name>
          <LastModifiedDate>2024-08-27T08:32:32.448+00:00</LastModifiedDate>
        </HorizontalNavigationMenu>
        <VerticalNavigationMenu>
          <Id />
          <Name />
          <LastModifiedDate>2024-08-26T23:58:59.927+00:00</LastModifiedDate>
        </VerticalNavigationMenu>
        <ThemeIdentity>
          <Id>E2892F864235645CB20DF48C87D7D339</Id>
          <AutomaticallyPopulate>true</AutomaticallyPopulate>
          <Name>ResistantAI</Name>
        </ThemeIdentity>
        <IsVerticalNavMenuCollapsible>false</IsVerticalNavMenuCollapsible>
        <IsVerticalNavMenuCollapsed>false</IsVerticalNavMenuCollapsed>
      </MobileSite>
      <SiteLanguages />
    </Settings>
    <LockedBy>
      <Id>DAAAD76834F749B790469E31371AB497</Id>
      <AutomaticallyPopulate>true</AutomaticallyPopulate>
      <Name />
      <ResourceType>Worker</ResourceType>
      <EmailAddress />
      <UserId />
      <ManagerialLevel>0</ManagerialLevel>
    </LockedBy>
  </Site>
</ArrayOfSite>