<?xml version="1.0" encoding="utf-16"?><SpaPackageImportExportData xmlns:xsd="http://www.w3.org/2001/XMLSchema" xmlns:xsi="http://www.w3.org/2001/XMLSchema-instance" dbversion="8.1"><PackageSummary><SpaPackageIdentity><Id>E8CC434805054385986B6DD13E5E8106</Id><Name>ResistantAI v3.0</Name><Version>6</Version></SpaPackageIdentity><Description /><CategoryIdentity><Id>A08C5B14E0A64A3DB33CE9AB312D2D18</Id><AutomaticallyPopulate>true</AutomaticallyPopulate><Name>Resistant.ai</Name><Description /></CategoryIdentity><LastModifiedDateTime>2025-01-17T17:17:28.107</LastModifiedDateTime><LastModifiedResource><Id>C13E87D165A945399B1E6A40F637B5C1</Id><AutomaticallyPopulate>true</AutomaticallyPopulate><Name>Rafael Castro</Name><ResourceType>Worker</ResourceType><EmailAddress /><UserId /><ManagerialLevel>0</ManagerialLevel></LastModifiedResource><Comments /><ResourceAccessTokens><ResourceAccess><ResourceIdentity><Id>7DF43CCDF24611D2804B00104B71BD15</Id><AutomaticallyPopulate>true</AutomaticallyPopulate><Name>Everyone</Name><ResourceType>GroupOfWorkers</ResourceType><EmailAddress /><UserId /><ManagerialLevel>0</ManagerialLevel></ResourceIdentity><AccessType>MaintenanceAccess</AccessType><PermissionType>FullControl</PermissionType></ResourceAccess></ResourceAccessTokens><PermissionType>FullControl</PermissionType><SourceControlStatus>NotInSourceControl</SourceControlStatus><SpaPackageType>Default</SpaPackageType></PackageSummary><Processes><ImportExportPackageSummaryOfProcessIdentity><Identity><Id>C86B1509BFAA19EC0E7457ECE5B9F2BB</Id><AutomaticallyPopulate>true</AutomaticallyPopulate><Version>7</Version><Name>RAI Document Workflow</Name></Identity><LastModifiedBy><Id>C13E87D165A945399B1E6A40F637B5C1</Id><AutomaticallyPopulate>true</AutomaticallyPopulate><ResourceType>Worker</ResourceType><EmailAddress /><UserId /><ManagerialLevel>0</ManagerialLevel></LastModifiedBy><LastModified>2024-08-30T17:18:15.133</LastModified></ImportExportPackageSummaryOfProcessIdentity><ImportExportPackageSummaryOfProcessIdentity><Identity><Id>D93F0F6EA33F7B46DD5C7B4795B65D5F</Id><AutomaticallyPopulate>true</AutomaticallyPopulate><Version>3</Version><Name>RAI New Request</Name></Identity><LastModifiedBy><Id>DAAAD76834F749B790469E31371AB497</Id><AutomaticallyPopulate>true</AutomaticallyPopulate><ResourceType>Worker</ResourceType><EmailAddress /><UserId /><ManagerialLevel>0</ManagerialLevel></LastModifiedBy><LastModified>2024-08-28T19:15:09.963</LastModified></ImportExportPackageSummaryOfProcessIdentity></Processes><ProcessExportOption><ExportResources>false</ExportResources><ExportGroupResourceMembers>false</ExportGroupResourceMembers><ExportResourcesExtensions>false</ExportResourcesExtensions><ExportCategories>false</ExportCategories><WithCategoryParentage>false</WithCategoryParentage><GeneralizedExport>false</GeneralizedExport><ExportDotNetReferencesWithPath>true</ExportDotNetReferencesWithPath><ExportCaseFragments>false</ExportCaseFragments><ExportTemplateSkins>true</ExportTemplateSkins><ExportExtractionClassificationData>true</ExportExtractionClassificationData><ExportGlobalDataModels>false</ExportGlobalDataModels><ExportProcessDataModels>false</ExportProcessDataModels><ExportType>CombineAssociatedMaps</ExportType><Version>0</Version><ExportServerVariables>true</ExportServerVariables><PreloadScript>1</PreloadScript><SleepDuration>0</SleepDuration><CategoryIds /><ProcessDocument>false</ProcessDocument><ProcessViewer>false</ProcessViewer><DotNetActivityType>0</DotNetActivityType><Projects /><AllProcessVariables /><ExportOnlyDocumentGroupIdentityDetails>false</ExportOnlyDocumentGroupIdentityDetails><SiteDetailsRequired>false</SiteDetailsRequired><CmisSiteDetailsRequired>false</CmisSiteDetailsRequired><Assets /><PerceptiveSiteDetailsRequired>false</PerceptiveSiteDetailsRequired><IncludeExportConnectorMappings>false</IncludeExportConnectorMappings><IncludeDocumentTypeRetentionPolicy>false</IncludeDocumentTypeRetentionPolicy><IsSpaExport>false</IsSpaExport><ProcessType>BusinessProcess</ProcessType><ProtectedItems /><ExportPageRenditions>false</ExportPageRenditions><ExportReportingTags>false</ExportReportingTags><ExportTestPlans>false</ExportTestPlans><IncludeProcessAssociationsInPackage>false</IncludeProcessAssociationsInPackage><IsGitExport>false</IsGitExport><ExcludeCaptureProjectTrainingSets>false</ExcludeCaptureProjectTrainingSets></ProcessExportOption><WorkAllocationRules /><Skins /><BusinessRules><ImportExportPackageSummaryOfBusinessRuleIdentity><Identity><AutomaticallyPopulate>true</AutomaticallyPopulate><Id>36E4613694FD4BA8951B8F442679743B</Id><Name>wqaApproveAllNormal</Name><Version>2</Version><ProcessId /></Identity><LastModifiedBy><Id>C13E87D165A945399B1E6A40F637B5C1</Id><AutomaticallyPopulate>true</AutomaticallyPopulate><ResourceType>Worker</ResourceType><EmailAddress /><UserId /><ManagerialLevel>0</ManagerialLevel></LastModifiedBy><LastModified>2024-08-30T16:38:43.68</LastModified></ImportExportPackageSummaryOfBusinessRuleIdentity></BusinessRules><CustomServices /><CustomServiceGroups /><Assets><ImportExportPackageSummaryOfAssetIdentity><Identity><Id>D5F2C29A33AB4D5DBA1D0BF470A54C33</Id><Name>ResistantAI.css</Name><AssetType>StyleSheet</AssetType><AutomaticallyPopulate>true</AutomaticallyPopulate><StorageId>1</StorageId></Identity><LastModifiedBy><Id /><AutomaticallyPopulate>true</AutomaticallyPopulate><ResourceType>Worker</ResourceType><EmailAddress /><UserId /><ManagerialLevel>0</ManagerialLevel></LastModifiedBy><LastModified>2024-08-27T10:18:46.783</LastModified></ImportExportPackageSummaryOfAssetIdentity><ImportExportPackageSummaryOfAssetIdentity><Identity><Id>AB65A3A1C1CF402683F0DCF6DF76A3AA</Id><Name>tungstenlabs.integration.resistantai.dll</Name><AssetType>DotNetAssembly</AssetType><AutomaticallyPopulate>true</AutomaticallyPopulate><StorageId>1</StorageId></Identity><LastModifiedBy><Id /><AutomaticallyPopulate>true</AutomaticallyPopulate><ResourceType>Worker</ResourceType><EmailAddress /><UserId /><ManagerialLevel>0</ManagerialLevel></LastModifiedBy><LastModified>2024-09-13T01:15:59.703</LastModified></ImportExportPackageSummaryOfAssetIdentity><ImportExportPackageSummaryOfAssetIdentity><Identity><Id>21ABE64B28334E3587597220E63F6264</Id><Name>rai-overview.svg</Name><AssetType>Image</AssetType><AutomaticallyPopulate>true</AutomaticallyPopulate><StorageId>1</StorageId></Identity><LastModifiedBy><Id /><AutomaticallyPopulate>true</AutomaticallyPopulate><ResourceType>Worker</ResourceType><EmailAddress /><UserId /><ManagerialLevel>0</ManagerialLevel></LastModifiedBy><LastModified>2024-08-27T06:30:09.5</LastModified></ImportExportPackageSummaryOfAssetIdentity><ImportExportPackageSummaryOfAssetIdentity><Identity><Id>38029A6F254C427DBFBCAA9D022E662B</Id><Name>rai-pattern-newrequest.svg</Name><AssetType>Image</AssetType><AutomaticallyPopulate>true</AutomaticallyPopulate><StorageId>1</StorageId></Identity><LastModifiedBy><Id /><AutomaticallyPopulate>true</AutomaticallyPopulate><ResourceType>Worker</ResourceType><EmailAddress /><UserId /><ManagerialLevel>0</ManagerialLevel></LastModifiedBy><LastModified>2024-08-27T06:47:54.447</LastModified></ImportExportPackageSummaryOfAssetIdentity><ImportExportPackageSummaryOfAssetIdentity><Identity><Id>08B8578C11C5473B99117741791D949F</Id><Name>rai-header.png</Name><AssetType>Image</AssetType><AutomaticallyPopulate>true</AutomaticallyPopulate><StorageId>1</StorageId></Identity><LastModifiedBy><Id /><AutomaticallyPopulate>true</AutomaticallyPopulate><ResourceType>Worker</ResourceType><EmailAddress /><UserId /><ManagerialLevel>0</ManagerialLevel></LastModifiedBy><LastModified>2024-08-27T05:44:24.843</LastModified></ImportExportPackageSummaryOfAssetIdentity><ImportExportPackageSummaryOfAssetIdentity><Identity><Id>D4D0F32154434ECCAFDD02B2455C634E</Id><Name>home.png</Name><AssetType>Image</AssetType><AutomaticallyPopulate>true</AutomaticallyPopulate><StorageId>1</StorageId></Identity><LastModifiedBy><Id /><AutomaticallyPopulate>true</AutomaticallyPopulate><ResourceType>Worker</ResourceType><EmailAddress /><UserId /><ManagerialLevel>0</ManagerialLevel></LastModifiedBy><LastModified>2017-12-21T17:08:03.93</LastModified></ImportExportPackageSummaryOfAssetIdentity><ImportExportPackageSummaryOfAssetIdentity><Identity><Id>3FDC685D66B04A9485668CA8B1A7F61C</Id><Name>mail_open.png</Name><AssetType>Image</AssetType><AutomaticallyPopulate>true</AutomaticallyPopulate><StorageId>1</StorageId></Identity><LastModifiedBy><Id /><AutomaticallyPopulate>true</AutomaticallyPopulate><ResourceType>Worker</ResourceType><EmailAddress /><UserId /><ManagerialLevel>0</ManagerialLevel></LastModifiedBy><LastModified>2017-12-21T17:08:03.93</LastModified></ImportExportPackageSummaryOfAssetIdentity><ImportExportPackageSummaryOfAssetIdentity><Identity><Id>766B32376B9543A1A4189CA8FB874725</Id><Name>mail_closed.png</Name><AssetType>Image</AssetType><AutomaticallyPopulate>true</AutomaticallyPopulate><StorageId>1</StorageId></Identity><LastModifiedBy><Id /><AutomaticallyPopulate>true</AutomaticallyPopulate><ResourceType>Worker</ResourceType><EmailAddress /><UserId /><ManagerialLevel>0</ManagerialLevel></LastModifiedBy><LastModified>2017-12-21T17:08:03.93</LastModified></ImportExportPackageSummaryOfAssetIdentity><ImportExportPackageSummaryOfAssetIdentity><Identity><Id>72FE14D14AD04EB48F9D91BE7987B38F</Id><Name>help_icon.png</Name><AssetType>Image</AssetType><AutomaticallyPopulate>true</AutomaticallyPopulate><StorageId>1</StorageId></Identity><LastModifiedBy><Id /><AutomaticallyPopulate>true</AutomaticallyPopulate><ResourceType>Worker</ResourceType><EmailAddress /><UserId /><ManagerialLevel>0</ManagerialLevel></LastModifiedBy><LastModified>2018-03-01T17:45:37.3</LastModified></ImportExportPackageSummaryOfAssetIdentity><ImportExportPackageSummaryOfAssetIdentity><Identity><Id>1D186161C6DB420DBE0F90ED725B7C32</Id><Name>add_icon.png</Name><AssetType>Image</AssetType><AutomaticallyPopulate>true</AutomaticallyPopulate><StorageId>1</StorageId></Identity><LastModifiedBy><Id /><AutomaticallyPopulate>true</AutomaticallyPopulate><ResourceType>Worker</ResourceType><EmailAddress /><UserId /><ManagerialLevel>0</ManagerialLevel></LastModifiedBy><LastModified>2018-04-02T16:21:31</LastModified></ImportExportPackageSummaryOfAssetIdentity><ImportExportPackageSummaryOfAssetIdentity><Identity><Id>B67FED985F3E45519EA0FFDC735CD0A4</Id><Name>delete_icon.png</Name><AssetType>Image</AssetType><AutomaticallyPopulate>true</AutomaticallyPopulate><StorageId>1</StorageId></Identity><LastModifiedBy><Id /><AutomaticallyPopulate>true</AutomaticallyPopulate><ResourceType>Worker</ResourceType><EmailAddress /><UserId /><ManagerialLevel>0</ManagerialLevel></LastModifiedBy><LastModified>2018-02-27T18:45:07.363</LastModified></ImportExportPackageSummaryOfAssetIdentity><ImportExportPackageSummaryOfAssetIdentity><Identity><Id>D5E2227D4204423F82B82DFDECE14684</Id><Name>Mail-read.gif</Name><AssetType>Image</AssetType><AutomaticallyPopulate>true</AutomaticallyPopulate><StorageId>1</StorageId></Identity><LastModifiedBy><Id /><AutomaticallyPopulate>true</AutomaticallyPopulate><ResourceType>Worker</ResourceType><EmailAddress /><UserId /><ManagerialLevel>0</ManagerialLevel></LastModifiedBy><LastModified>2016-11-02T17:22:53.393</LastModified></ImportExportPackageSummaryOfAssetIdentity><ImportExportPackageSummaryOfAssetIdentity><Identity><Id>159C91BCCD1C46C082FE86613DC06F8E</Id><Name>Tungsten-TotalAgility-logo.svg</Name><AssetType>Image</AssetType><AutomaticallyPopulate>true</AutomaticallyPopulate><StorageId>1</StorageId></Identity><LastModifiedBy><Id /><AutomaticallyPopulate>true</AutomaticallyPopulate><ResourceType>Worker</ResourceType><EmailAddress /><UserId /><ManagerialLevel>0</ManagerialLevel></LastModifiedBy><LastModified>2024-09-26T08:37:59.6</LastModified></ImportExportPackageSummaryOfAssetIdentity><ImportExportPackageSummaryOfAssetIdentity><Identity><Id>809E489A332B4138893496FCAE0155CA</Id><Name>rai-logo-light.svg</Name><AssetType>Image</AssetType><AutomaticallyPopulate>true</AutomaticallyPopulate><StorageId>1</StorageId></Identity><LastModifiedBy><Id /><AutomaticallyPopulate>true</AutomaticallyPopulate><ResourceType>Worker</ResourceType><EmailAddress /><UserId /><ManagerialLevel>0</ManagerialLevel></LastModifiedBy><LastModified>2024-08-27T06:19:20.86</LastModified></ImportExportPackageSummaryOfAssetIdentity><ImportExportPackageSummaryOfAssetIdentity><Identity><Id>0E3CA1D8C600459FB2A4E7891D3BE830</Id><Name>rai-login-carousel.gif</Name><AssetType>Image</AssetType><AutomaticallyPopulate>true</AutomaticallyPopulate><StorageId>1</StorageId></Identity><LastModifiedBy><Id /><AutomaticallyPopulate>true</AutomaticallyPopulate><ResourceType>Worker</ResourceType><EmailAddress /><UserId /><ManagerialLevel>0</ManagerialLevel></LastModifiedBy><LastModified>2024-08-27T06:53:36.69</LastModified></ImportExportPackageSummaryOfAssetIdentity><ImportExportPackageSummaryOfAssetIdentity><Identity><Id>3E864E354A724E13B55EF12A30EAC6A8</Id><Name>rai-pattern-login.svg</Name><AssetType>Image</AssetType><AutomaticallyPopulate>true</AutomaticallyPopulate><StorageId>1</StorageId></Identity><LastModifiedBy><Id /><AutomaticallyPopulate>true</AutomaticallyPopulate><ResourceType>Worker</ResourceType><EmailAddress /><UserId /><ManagerialLevel>0</ManagerialLevel></LastModifiedBy><LastModified>2024-08-27T06:52:10.733</LastModified></ImportExportPackageSummaryOfAssetIdentity><ImportExportPackageSummaryOfAssetIdentity><Identity><Id>9769612194A54AF2A492999438A7614B</Id><Name>rai-drag-drop-zone.svg</Name><AssetType>Image</AssetType><AutomaticallyPopulate>true</AutomaticallyPopulate><StorageId>1</StorageId></Identity><LastModifiedBy><Id /><AutomaticallyPopulate>true</AutomaticallyPopulate><ResourceType>Worker</ResourceType><EmailAddress /><UserId /><ManagerialLevel>0</ManagerialLevel></LastModifiedBy><LastModified>2024-08-27T07:39:52.563</LastModified></ImportExportPackageSummaryOfAssetIdentity><ImportExportPackageSummaryOfAssetIdentity><Identity><Id>2D170847E58A430CB9D3C90CC54DF261</Id><Name>rai-logo-dark.svg</Name><AssetType>Image</AssetType><AutomaticallyPopulate>true</AutomaticallyPopulate><StorageId>1</StorageId></Identity><LastModifiedBy><Id /><AutomaticallyPopulate>true</AutomaticallyPopulate><ResourceType>Worker</ResourceType><EmailAddress /><UserId /><ManagerialLevel>0</ManagerialLevel></LastModifiedBy><LastModified>2024-08-27T06:20:38.977</LastModified></ImportExportPackageSummaryOfAssetIdentity></Assets><Forms><ImportExportPackageSummaryOfFormIdentity><Identity><Id>967672C9D09D480A9D02DD88D076FE64</Id><AutomaticallyPopulate>false</AutomaticallyPopulate><Name>rai-header</Name><Version>13</Version></Identity><LastModifiedBy><Id>DAAAD76834F749B790469E31371AB497</Id><AutomaticallyPopulate>false</AutomaticallyPopulate><ResourceType>Worker</ResourceType><EmailAddress /><UserId /><ManagerialLevel>0</ManagerialLevel></LastModifiedBy><LastModified>2024-08-27T10:44:43.963</LastModified></ImportExportPackageSummaryOfFormIdentity><ImportExportPackageSummaryOfFormIdentity><Identity><Id>28CBA0D91C704F60B803E4F8E64B85FF</Id><AutomaticallyPopulate>false</AutomaticallyPopulate><Name>rai-login</Name><Version>79</Version></Identity><LastModifiedBy><Id>DAAAD76834F749B790469E31371AB497</Id><AutomaticallyPopulate>false</AutomaticallyPopulate><ResourceType>Worker</ResourceType><EmailAddress /><UserId /><ManagerialLevel>0</ManagerialLevel></LastModifiedBy><LastModified>2024-08-27T08:58:41.8</LastModified></ImportExportPackageSummaryOfFormIdentity><ImportExportPackageSummaryOfFormIdentity><Identity><Id>B027A27EA4DA49AA9FC99A9802C87142</Id><AutomaticallyPopulate>false</AutomaticallyPopulate><Name>rai-home</Name><Version>16</Version></Identity><LastModifiedBy><Id>DAAAD76834F749B790469E31371AB497</Id><AutomaticallyPopulate>false</AutomaticallyPopulate><ResourceType>Worker</ResourceType><EmailAddress /><UserId /><ManagerialLevel>0</ManagerialLevel></LastModifiedBy><LastModified>2024-08-27T08:32:07.387</LastModified></ImportExportPackageSummaryOfFormIdentity><ImportExportPackageSummaryOfFormIdentity><Identity><Id>30CC4F8764F14CC3BF6868A58D7E7999</Id><AutomaticallyPopulate>false</AutomaticallyPopulate><Name>rai-newrequest</Name><Version>67</Version></Identity><LastModifiedBy><Id>C13E87D165A945399B1E6A40F637B5C1</Id><AutomaticallyPopulate>false</AutomaticallyPopulate><ResourceType>Worker</ResourceType><EmailAddress /><UserId /><ManagerialLevel>0</ManagerialLevel></LastModifiedBy><LastModified>2024-08-28T19:29:00.377</LastModified></ImportExportPackageSummaryOfFormIdentity><ImportExportPackageSummaryOfFormIdentity><Identity><Id>1317643364974AEF9319E09B1D1473FF</Id><AutomaticallyPopulate>false</AutomaticallyPopulate><Name>rai-workqueue</Name><Version>26</Version></Identity><LastModifiedBy><Id>DAAAD76834F749B790469E31371AB497</Id><AutomaticallyPopulate>false</AutomaticallyPopulate><ResourceType>Worker</ResourceType><EmailAddress /><UserId /><ManagerialLevel>0</ManagerialLevel></LastModifiedBy><LastModified>2024-08-30T05:27:47.827</LastModified></ImportExportPackageSummaryOfFormIdentity><ImportExportPackageSummaryOfFormIdentity><Identity><Id>EF422536915A4112A2D9223D7FFBFDBE</Id><AutomaticallyPopulate>false</AutomaticallyPopulate><Name>rai-fraudreview</Name><Version>12</Version></Identity><LastModifiedBy><Id>DAAAD76834F749B790469E31371AB497</Id><AutomaticallyPopulate>false</AutomaticallyPopulate><ResourceType>Worker</ResourceType><EmailAddress /><UserId /><ManagerialLevel>0</ManagerialLevel></LastModifiedBy><LastModified>2024-08-30T05:21:42.503</LastModified></ImportExportPackageSummaryOfFormIdentity><ImportExportPackageSummaryOfFormIdentity><Identity><Id>9DB3D0CCAA4A418FA3DB77272EAB74F6</Id><AutomaticallyPopulate>false</AutomaticallyPopulate><Name>AutomationRequest</Name><Version>37</Version></Identity><LastModifiedBy><Id>DC6B6C7016584FF5B13CFAB9924C6577</Id><AutomaticallyPopulate>false</AutomaticallyPopulate><ResourceType>Worker</ResourceType><EmailAddress /><UserId /><ManagerialLevel>0</ManagerialLevel></LastModifiedBy><LastModified>2022-10-13T16:14:16.903</LastModified></ImportExportPackageSummaryOfFormIdentity><ImportExportPackageSummaryOfFormIdentity><Identity><Id>0909869BE6A943A08316857158E25E08</Id><AutomaticallyPopulate>true</AutomaticallyPopulate><Name>MailBox</Name><Version>14</Version></Identity><LastModifiedBy><Id>B234A7D4F2F74C738EBCDF6DE4F0FBF3</Id><AutomaticallyPopulate>false</AutomaticallyPopulate><ResourceType>Worker</ResourceType><EmailAddress /><UserId /><ManagerialLevel>0</ManagerialLevel></LastModifiedBy><LastModified>2019-09-12T15:56:23.913</LastModified></ImportExportPackageSummaryOfFormIdentity><ImportExportPackageSummaryOfFormIdentity><Identity><Id>0909869BE6A943A0B31685715FE25E08</Id><AutomaticallyPopulate>true</AutomaticallyPopulate><Name>AddNote</Name><Version>18</Version></Identity><LastModifiedBy><Id>49A0CCD423084998839001DB0B6C93C9</Id><AutomaticallyPopulate>false</AutomaticallyPopulate><ResourceType>Worker</ResourceType><EmailAddress /><UserId /><ManagerialLevel>0</ManagerialLevel></LastModifiedBy><LastModified>2021-08-17T11:25:33.423</LastModified></ImportExportPackageSummaryOfFormIdentity><ImportExportPackageSummaryOfFormIdentity><Identity><Id>1F84BE5525B14DE1B9B95A44C57C0CF3</Id><AutomaticallyPopulate>true</AutomaticallyPopulate><Name>Profile</Name><Version>45</Version></Identity><LastModifiedBy><Id>0042A1B552724E24A546FD7710E4A282</Id><AutomaticallyPopulate>false</AutomaticallyPopulate><ResourceType>Worker</ResourceType><EmailAddress /><UserId /><ManagerialLevel>0</ManagerialLevel></LastModifiedBy><LastModified>2019-09-10T18:31:11.893</LastModified></ImportExportPackageSummaryOfFormIdentity><ImportExportPackageSummaryOfFormIdentity><Identity><Id>4BECEB69F3214DD2A1DC1DBC247BCA4E</Id><AutomaticallyPopulate>true</AutomaticallyPopulate><Name>WorkAllocationRule</Name><Version>7</Version></Identity><LastModifiedBy><Id>B234A7D4F2F74C738EBCDF6DE4F0FBF3</Id><AutomaticallyPopulate>false</AutomaticallyPopulate><ResourceType>Worker</ResourceType><EmailAddress /><UserId /><ManagerialLevel>0</ManagerialLevel></LastModifiedBy><LastModified>2019-09-12T16:20:36.797</LastModified></ImportExportPackageSummaryOfFormIdentity><ImportExportPackageSummaryOfFormIdentity><Identity><Id>868FA53E24504D2AB8AF17D1476B7D6D</Id><AutomaticallyPopulate>true</AutomaticallyPopulate><Name>ChangePassword</Name><Version>14</Version></Identity><LastModifiedBy><Id>65C8ED37BFA74E3284FDF15392E1E126</Id><AutomaticallyPopulate>false</AutomaticallyPopulate><ResourceType>Worker</ResourceType><EmailAddress /><UserId /><ManagerialLevel>0</ManagerialLevel></LastModifiedBy><LastModified>2018-05-07T17:23:06.507</LastModified></ImportExportPackageSummaryOfFormIdentity></Forms><FormExportOptions><ExportHeader>false</ExportHeader><ExportNavigation>false</ExportNavigation><ExportGlobalVariables>true</ExportGlobalVariables><ExportWebServices>false</ExportWebServices><ExportBusinessRules>false</ExportBusinessRules><ExportSecurityTokens>false</ExportSecurityTokens><ExportSecurityRoles>false</ExportSecurityRoles><ExportRoleMembers>false</ExportRoleMembers><IsSpaExport>false</IsSpaExport></FormExportOptions><Navigations><ImportExportPackageSummaryOfNavigationMenuIdentity><Identity><Id>B0AA433698FCFA709DA9B460E647A2A1</Id><Name>rai-navigation</Name><LastModifiedDate>2024-08-29T21:50:18.253</LastModifiedDate></Identity><LastModifiedBy><Id /><AutomaticallyPopulate>false</AutomaticallyPopulate><ResourceType>Worker</ResourceType><EmailAddress /><UserId /><ManagerialLevel>0</ManagerialLevel></LastModifiedBy><LastModified>2024-08-29T21:50:18.253</LastModified></ImportExportPackageSummaryOfNavigationMenuIdentity></Navigations><DeviceSettings /><Sites><ImportExportPackageSummaryOfSiteIdentity><Identity><Id>31A0B1B3034848BC8C72BDFC66EBEE60</Id><AutomaticallyPopulate>true</AutomaticallyPopulate><Name>rai</Name></Identity><LastModifiedBy><Id>DAAAD76834F749B790469E31371AB497</Id><AutomaticallyPopulate>true</AutomaticallyPopulate><ResourceType>Worker</ResourceType><EmailAddress /><UserId /><ManagerialLevel>0</ManagerialLevel></LastModifiedBy><LastModified>2024-08-27T09:04:47.703</LastModified></ImportExportPackageSummaryOfSiteIdentity></Sites><Themes><ImportExportPackageSummaryOfThemeIdentity><Identity><Id>E2892F864235645CB20DF48C87D7D339</Id><AutomaticallyPopulate>true</AutomaticallyPopulate><Name>ResistantAI</Name></Identity><LastModifiedBy><Id /><AutomaticallyPopulate>false</AutomaticallyPopulate><ResourceType>Worker</ResourceType><EmailAddress /><UserId /><ManagerialLevel>0</ManagerialLevel></LastModifiedBy><LastModified>2024-08-27T09:04:30.29</LastModified></ImportExportPackageSummaryOfThemeIdentity></Themes><Languages /><Lookups /><Resources /><Entities /><WorkTypes><ImportExportPackageSummaryOfWorkQueueDefinitionIdentity><Identity><Id>B0DC1C17A2B4465FB6FA4490C20E7B75</Id><AutomaticallyPopulate>true</AutomaticallyPopulate><Name>RAI</Name><LastModifiedOn>0001-01-01T00:00:00</LastModifiedOn></Identity><LastModifiedBy><Id /><AutomaticallyPopulate>true</AutomaticallyPopulate><ResourceType>Worker</ResourceType><EmailAddress /><UserId /><ManagerialLevel>0</ManagerialLevel></LastModifiedBy><LastModified>2024-08-27T03:35:26.167</LastModified></ImportExportPackageSummaryOfWorkQueueDefinitionIdentity></WorkTypes><Checklists /><Folders /><ExtractionGroups /><ClassificationGroups /><Formatters /><FieldValidators /><ChecklistItems /><Events /><Targets /><Alerts /><AlertExportOption><ExportAssociatedProcess>false</ExportAssociatedProcess></AlertExportOption><Categories><ImportExportPackageSummaryOfCategoryIdentity><Identity><Id>201F370CA5164F76ADDD8EEEFF666AF7</Id><AutomaticallyPopulate>true</AutomaticallyPopulate><Name>Default Category</Name><Description /></Identity><LastModifiedBy><Id>7DF43CCDF24611D2804B00104B71BD10</Id><AutomaticallyPopulate>true</AutomaticallyPopulate><ResourceType>Worker</ResourceType><EmailAddress /><UserId /><ManagerialLevel>0</ManagerialLevel></LastModifiedBy><LastModified>2022-12-02T21:12:00</LastModified></ImportExportPackageSummaryOfCategoryIdentity><ImportExportPackageSummaryOfCategoryIdentity><Identity><Id>A08C5B14E0A64A3DB33CE9AB312D2D18</Id><AutomaticallyPopulate>true</AutomaticallyPopulate><Name>Resistant.ai</Name><Description /></Identity><LastModifiedBy><Id>1449EC114C3BC751B5F5D73608203364</Id><AutomaticallyPopulate>true</AutomaticallyPopulate><ResourceType>Worker</ResourceType><EmailAddress /><UserId /><ManagerialLevel>0</ManagerialLevel></LastModifiedBy><LastModified>2024-08-27T01:57:04.783</LastModified></ImportExportPackageSummaryOfCategoryIdentity><ImportExportPackageSummaryOfCategoryIdentity><Identity><Id>E2A1706B60424707B39A1BDDDC8DB69C</Id><AutomaticallyPopulate>true</AutomaticallyPopulate><Name>TotalAgility Forms</Name><Description /></Identity><LastModifiedBy><Id>7DF43CCDF24611D2804B00104B71BD10</Id><AutomaticallyPopulate>true</AutomaticallyPopulate><ResourceType>Worker</ResourceType><EmailAddress /><UserId /><ManagerialLevel>0</ManagerialLevel></LastModifiedBy><LastModified>2024-08-21T15:00:23.423</LastModified></ImportExportPackageSummaryOfCategoryIdentity></Categories><ScanVrsProfiles /><SeparationProfiles /><BarcodePatchcodeProfiles /><PdfGenerationProfiles /><DocConversionProfiles><ImportExportPackageSummaryOfDocumentConversionProfileIdentity><Identity><Id>70524F38E409C62A6CB02E29B183DBFD</Id><Name>TIFF Conversion</Name></Identity><LastModifiedBy><Id /><AutomaticallyPopulate>true</AutomaticallyPopulate><ResourceType>Worker</ResourceType><EmailAddress /><UserId /><ManagerialLevel>0</ManagerialLevel></LastModifiedBy><LastModified>0001-01-01T00:00:00</LastModified></ImportExportPackageSummaryOfDocumentConversionProfileIdentity></DocConversionProfiles><JobSchedules /><CaptureControlLayouts /><RegularExpressions /><Personas /><ServerVariables /><ServerVariablesCollection><ImportExportPackageSummaryOfVariable><Identity><VariableType>String</VariableType><Value xsi:type="xsd:string">0oa4oy1pr05JNfPBQ417</Value><Identity><Id>RAICLIENTID</Id><Version>0</Version><OwnerId /><DisplayName>RAI-CLIENT-ID</DisplayName><Name /></Identity><Dynamic>false</Dynamic><Category><Id>A08C5B14E0A64A3DB33CE9AB312D2D18</Id><AutomaticallyPopulate>true</AutomaticallyPopulate><Name /><Description /></Category><Grouping><Identity><Id>4FEE4E069417475DAC5D2C2E5C95CA49</Id></Identity><Variables /></Grouping><UseInSkin>false</UseInSkin><Found>false</Found><IsSecure>false</IsSecure><VariableScope>Process</VariableScope><IsDateExpression>false</IsDateExpression><DerivedExpression /><ErrorCodeMappingType>Static</ErrorCodeMappingType><VariableDisplayProperties><VariableIdentity><Id /><Version>0</Version><OwnerId /><DisplayName /><Name /></VariableIdentity><StringVariableDisplayProperties><VariableControlType>Singleline</VariableControlType><MaxNumberOfCharacters>0</MaxNumberOfCharacters><LookupIdentity /><StaticData /><Mandatory>false</Mandatory></StringVariableDisplayProperties><MinDate xsi:nil="true" /><MaxDate xsi:nil="true" /><DecimalPrecision>0</DecimalPrecision><ShowTime>false</ShowTime></VariableDisplayProperties><VariableAccessScope>Public</VariableAccessScope><IsResourceExpression>false</IsResourceExpression><IsDataObjectField>false</IsDataObjectField><IsDataObjectFieldOfTypeObject>false</IsDataObjectFieldOfTypeObject><BaseVariableType>String</BaseVariableType><BaseVariableId /></Identity><LastModifiedBy><Id /><AutomaticallyPopulate>true</AutomaticallyPopulate><ResourceType>Worker</ResourceType><EmailAddress /><UserId /><ManagerialLevel>0</ManagerialLevel></LastModifiedBy><LastModified>0001-01-01T00:00:00</LastModified></ImportExportPackageSummaryOfVariable><ImportExportPackageSummaryOfVariable><Identity><VariableType>String</VariableType><Value xsi:type="xsd:string" /><Identity><Id>RAICLIENTSECRET</Id><Version>0</Version><OwnerId /><DisplayName>RAI-CLIENT-SECRET</DisplayName><Name /></Identity><Dynamic>false</Dynamic><Category><Id>A08C5B14E0A64A3DB33CE9AB312D2D18</Id><AutomaticallyPopulate>true</AutomaticallyPopulate><Name /><Description /></Category><Grouping><Identity><Id>4FEE4E069417475DAC5D2C2E5C95CA49</Id></Identity><Variables /></Grouping><UseInSkin>false</UseInSkin><Found>false</Found><IsSecure>true</IsSecure><VariableScope>Process</VariableScope><IsDateExpression>false</IsDateExpression><DerivedExpression /><ErrorCodeMappingType>Static</ErrorCodeMappingType><VariableDisplayProperties><VariableIdentity><Id /><Version>0</Version><OwnerId /><DisplayName /><Name /></VariableIdentity><StringVariableDisplayProperties><VariableControlType>Singleline</VariableControlType><MaxNumberOfCharacters>0</MaxNumberOfCharacters><LookupIdentity /><StaticData /><Mandatory>false</Mandatory></StringVariableDisplayProperties><MinDate xsi:nil="true" /><MaxDate xsi:nil="true" /><DecimalPrecision>0</DecimalPrecision><ShowTime>false</ShowTime></VariableDisplayProperties><VariableAccessScope>Public</VariableAccessScope><IsResourceExpression>false</IsResourceExpression><IsDataObjectField>false</IsDataObjectField><IsDataObjectFieldOfTypeObject>false</IsDataObjectFieldOfTypeObject><BaseVariableType>String</BaseVariableType><BaseVariableId /></Identity><LastModifiedBy><Id /><AutomaticallyPopulate>true</AutomaticallyPopulate><ResourceType>Worker</ResourceType><EmailAddress /><UserId /><ManagerialLevel>0</ManagerialLevel></LastModifiedBy><LastModified>0001-01-01T00:00:00</LastModified></ImportExportPackageSummaryOfVariable><ImportExportPackageSummaryOfVariable><Identity><VariableType>String</VariableType><Value xsi:type="xsd:string">https://api.documents.resistant.ai/v2/submission</Value><Identity><Id>RAIURLAPI</Id><Version>0</Version><OwnerId /><DisplayName>RAI-URL-API</DisplayName><Name /></Identity><Dynamic>false</Dynamic><Category><Id>A08C5B14E0A64A3DB33CE9AB312D2D18</Id><AutomaticallyPopulate>true</AutomaticallyPopulate><Name /><Description /></Category><Grouping><Identity><Id>4FEE4E069417475DAC5D2C2E5C95CA49</Id></Identity><Variables /></Grouping><UseInSkin>false</UseInSkin><Found>false</Found><IsSecure>false</IsSecure><VariableScope>Process</VariableScope><IsDateExpression>false</IsDateExpression><DerivedExpression /><ErrorCodeMappingType>Static</ErrorCodeMappingType><VariableDisplayProperties><VariableIdentity><Id /><Version>0</Version><OwnerId /><DisplayName /><Name /></VariableIdentity><StringVariableDisplayProperties><VariableControlType>Singleline</VariableControlType><MaxNumberOfCharacters>0</MaxNumberOfCharacters><LookupIdentity /><StaticData /><Mandatory>false</Mandatory></StringVariableDisplayProperties><MinDate xsi:nil="true" /><MaxDate xsi:nil="true" /><DecimalPrecision>0</DecimalPrecision><ShowTime>false</ShowTime></VariableDisplayProperties><VariableAccessScope>Public</VariableAccessScope><IsResourceExpression>false</IsResourceExpression><IsDataObjectField>false</IsDataObjectField><IsDataObjectFieldOfTypeObject>false</IsDataObjectFieldOfTypeObject><BaseVariableType>String</BaseVariableType><BaseVariableId /></Identity><LastModifiedBy><Id /><AutomaticallyPopulate>true</AutomaticallyPopulate><ResourceType>Worker</ResourceType><EmailAddress /><UserId /><ManagerialLevel>0</ManagerialLevel></LastModifiedBy><LastModified>0001-01-01T00:00:00</LastModified></ImportExportPackageSummaryOfVariable><ImportExportPackageSummaryOfVariable><Identity><VariableType>String</VariableType><Value xsi:type="xsd:string">https://eu.id.resistant.ai/oauth2/aus2un1hkrKhPjir4417/v1/token</Value><Identity><Id>RAIURLTOKEN</Id><Version>0</Version><OwnerId /><DisplayName>RAI-URL-TOKEN</DisplayName><Name /></Identity><Dynamic>false</Dynamic><Category><Id>A08C5B14E0A64A3DB33CE9AB312D2D18</Id><AutomaticallyPopulate>true</AutomaticallyPopulate><Name /><Description /></Category><Grouping><Identity><Id>4FEE4E069417475DAC5D2C2E5C95CA49</Id></Identity><Variables /></Grouping><UseInSkin>false</UseInSkin><Found>false</Found><IsSecure>false</IsSecure><VariableScope>Process</VariableScope><IsDateExpression>false</IsDateExpression><DerivedExpression /><ErrorCodeMappingType>Static</ErrorCodeMappingType><VariableDisplayProperties><VariableIdentity><Id /><Version>0</Version><OwnerId /><DisplayName /><Name /></VariableIdentity><StringVariableDisplayProperties><VariableControlType>Singleline</VariableControlType><MaxNumberOfCharacters>0</MaxNumberOfCharacters><LookupIdentity /><StaticData /><Mandatory>false</Mandatory></StringVariableDisplayProperties><MinDate xsi:nil="true" /><MaxDate xsi:nil="true" /><DecimalPrecision>0</DecimalPrecision><ShowTime>false</ShowTime></VariableDisplayProperties><VariableAccessScope>Public</VariableAccessScope><IsResourceExpression>false</IsResourceExpression><IsDataObjectField>false</IsDataObjectField><IsDataObjectFieldOfTypeObject>false</IsDataObjectFieldOfTypeObject><BaseVariableType>String</BaseVariableType><BaseVariableId /></Identity><LastModifiedBy><Id /><AutomaticallyPopulate>true</AutomaticallyPopulate><ResourceType>Worker</ResourceType><EmailAddress /><UserId /><ManagerialLevel>0</ManagerialLevel></LastModifiedBy><LastModified>0001-01-01T00:00:00</LastModified></ImportExportPackageSummaryOfVariable><ImportExportPackageSummaryOfVariable><Identity><VariableType>System</VariableType><Value xsi:type="xsd:string" /><Identity><Id>SPP_SYSTEM_SESSION_ID</Id><Version>0</Version><OwnerId /><DisplayName>SPP_SYSTEM_SESSION_ID</DisplayName><Name /></Identity><Dynamic>true</Dynamic><Category><Id>FBCB88103B4D414FAE8E38058F46CCF4</Id><AutomaticallyPopulate>true</AutomaticallyPopulate><Name /><Description /></Category><Grouping><Identity><Id>4FEE4E069417475DAC5D2C2E5C95CA49</Id></Identity><Variables /></Grouping><UseInSkin>false</UseInSkin><Found>false</Found><IsSecure>false</IsSecure><VariableScope>Process</VariableScope><IsDateExpression>false</IsDateExpression><DerivedExpression /><ErrorCodeMappingType>Static</ErrorCodeMappingType><VariableDisplayProperties><VariableIdentity><Id /><Version>0</Version><OwnerId /><DisplayName /><Name /></VariableIdentity><StringVariableDisplayProperties><VariableControlType>Singleline</VariableControlType><MaxNumberOfCharacters>0</MaxNumberOfCharacters><LookupIdentity /><StaticData /><Mandatory>false</Mandatory></StringVariableDisplayProperties><MinDate xsi:nil="true" /><MaxDate xsi:nil="true" /><DecimalPrecision>0</DecimalPrecision><ShowTime>false</ShowTime></VariableDisplayProperties><VariableAccessScope>Public</VariableAccessScope><IsResourceExpression>false</IsResourceExpression><IsDataObjectField>false</IsDataObjectField><IsDataObjectFieldOfTypeObject>false</IsDataObjectFieldOfTypeObject><BaseVariableType>System</BaseVariableType><BaseVariableId /></Identity><LastModifiedBy><Id /><AutomaticallyPopulate>true</AutomaticallyPopulate><ResourceType>Worker</ResourceType><EmailAddress /><UserId /><ManagerialLevel>0</ManagerialLevel></LastModifiedBy><LastModified>0001-01-01T00:00:00</LastModified></ImportExportPackageSummaryOfVariable><ImportExportPackageSummaryOfVariable><Identity><VariableType>String</VariableType><Value xsi:type="xsd:string">https://ktacloudeco-dev.ktaprt.dev.kofaxcloud.com/Services/Sdk</Value><Identity><Id>TOTALAGILITYURLAPI</Id><Version>0</Version><OwnerId /><DisplayName>TOTALAGILITY-URL-API</DisplayName><Name /></Identity><Dynamic>false</Dynamic><Category><Id>A08C5B14E0A64A3DB33CE9AB312D2D18</Id><AutomaticallyPopulate>true</AutomaticallyPopulate><Name /><Description /></Category><Grouping><Identity><Id>4FEE4E069417475DAC5D2C2E5C95CA49</Id></Identity><Variables /></Grouping><UseInSkin>false</UseInSkin><Found>false</Found><IsSecure>false</IsSecure><VariableScope>Process</VariableScope><IsDateExpression>false</IsDateExpression><DerivedExpression /><ErrorCodeMappingType>Static</ErrorCodeMappingType><VariableDisplayProperties><VariableIdentity><Id /><Version>0</Version><OwnerId /><DisplayName /><Name /></VariableIdentity><StringVariableDisplayProperties><VariableControlType>Singleline</VariableControlType><MaxNumberOfCharacters>0</MaxNumberOfCharacters><LookupIdentity /><StaticData /><Mandatory>false</Mandatory></StringVariableDisplayProperties><MinDate xsi:nil="true" /><MaxDate xsi:nil="true" /><DecimalPrecision>0</DecimalPrecision><ShowTime>false</ShowTime></VariableDisplayProperties><VariableAccessScope>Public</VariableAccessScope><IsResourceExpression>false</IsResourceExpression><IsDataObjectField>false</IsDataObjectField><IsDataObjectFieldOfTypeObject>false</IsDataObjectFieldOfTypeObject><BaseVariableType>String</BaseVariableType><BaseVariableId /></Identity><LastModifiedBy><Id /><AutomaticallyPopulate>true</AutomaticallyPopulate><ResourceType>Worker</ResourceType><EmailAddress /><UserId /><ManagerialLevel>0</ManagerialLevel></LastModifiedBy><LastModified>0001-01-01T00:00:00</LastModified></ImportExportPackageSummaryOfVariable><ImportExportPackageSummaryOfVariable><Identity><VariableType>String</VariableType><Value xsi:type="xsd:string">https://demo-kofax.documents.resistant.ai/ui/analysis/</Value><Identity><Id>RAIURLVIEWER</Id><Version>0</Version><OwnerId /><DisplayName>RAI-URL-VIEWER</DisplayName><Name /></Identity><Dynamic>false</Dynamic><Category><Id>A08C5B14E0A64A3DB33CE9AB312D2D18</Id><AutomaticallyPopulate>true</AutomaticallyPopulate><Name /><Description /></Category><Grouping><Identity><Id>4FEE4E069417475DAC5D2C2E5C95CA49</Id></Identity><Variables /></Grouping><UseInSkin>false</UseInSkin><Found>false</Found><IsSecure>false</IsSecure><VariableScope>Process</VariableScope><IsDateExpression>false</IsDateExpression><DerivedExpression /><ErrorCodeMappingType>Static</ErrorCodeMappingType><VariableDisplayProperties><VariableIdentity><Id /><Version>0</Version><OwnerId /><DisplayName /><Name /></VariableIdentity><StringVariableDisplayProperties><VariableControlType>Singleline</VariableControlType><MaxNumberOfCharacters>0</MaxNumberOfCharacters><LookupIdentity /><StaticData /><Mandatory>false</Mandatory></StringVariableDisplayProperties><MinDate xsi:nil="true" /><MaxDate xsi:nil="true" /><DecimalPrecision>0</DecimalPrecision><ShowTime>false</ShowTime></VariableDisplayProperties><VariableAccessScope>Public</VariableAccessScope><IsResourceExpression>false</IsResourceExpression><IsDataObjectField>false</IsDataObjectField><IsDataObjectFieldOfTypeObject>false</IsDataObjectFieldOfTypeObject><BaseVariableType>String</BaseVariableType><BaseVariableId /></Identity><LastModifiedBy><Id /><AutomaticallyPopulate>true</AutomaticallyPopulate><ResourceType>Worker</ResourceType><EmailAddress /><UserId /><ManagerialLevel>0</ManagerialLevel></LastModifiedBy><LastModified>0001-01-01T00:00:00</LastModified></ImportExportPackageSummaryOfVariable></ServerVariablesCollection><ThreadPools><ImportExportPackageSummaryOfThreadPoolIdentity><Identity><Id>0</Id><Name>Default Thread Pool</Name></Identity><LastModifiedBy><Id /><AutomaticallyPopulate>true</AutomaticallyPopulate><ResourceType>Worker</ResourceType><EmailAddress /><UserId /><ManagerialLevel>0</ManagerialLevel></LastModifiedBy><LastModified>0001-01-01T00:00:00</LastModified></ImportExportPackageSummaryOfThreadPoolIdentity></ThreadPools><Tags /><GlobalVariables /><GlobalVariablesCollection><ImportExportPackageSummaryOfSessionVariable><Identity><Identity><Name>SESSION_ID</Name><Id>161F8F818093437482D2886B7B6756BB</Id><AutomaticallyPopulate>true</AutomaticallyPopulate></Identity><Description>The current Session Identifer.</Description><Value /><IsLocalizable>false</IsLocalizable><Category><Id>201F370CA5164F76ADDD8EEEFF666AF7</Id><AutomaticallyPopulate>true</AutomaticallyPopulate><Name>Default Category</Name><Description /></Category><LastModifiedDateTime>2021-05-10T11:26:22</LastModifiedDateTime><IsSecure>false</IsSecure></Identity><LastModifiedBy><Id /><AutomaticallyPopulate>true</AutomaticallyPopulate><ResourceType>Worker</ResourceType><EmailAddress /><UserId /><ManagerialLevel>0</ManagerialLevel></LastModifiedBy><LastModified>2021-05-10T11:26:22</LastModified></ImportExportPackageSummaryOfSessionVariable><ImportExportPackageSummaryOfSessionVariable><Identity><Identity><Name>RESOURCE_ID</Name><Id>3FE35DDD709A422588F9C8FE908C6393</Id><AutomaticallyPopulate>true</AutomaticallyPopulate></Identity><Description>The current Resource Identifer.</Description><Value /><IsLocalizable>false</IsLocalizable><Category><Id>201F370CA5164F76ADDD8EEEFF666AF7</Id><AutomaticallyPopulate>true</AutomaticallyPopulate><Name>Default Category</Name><Description /></Category><LastModifiedDateTime>2022-12-02T21:12:52.377</LastModifiedDateTime><IsSecure>false</IsSecure></Identity><LastModifiedBy><Id /><AutomaticallyPopulate>true</AutomaticallyPopulate><ResourceType>Worker</ResourceType><EmailAddress /><UserId /><ManagerialLevel>0</ManagerialLevel></LastModifiedBy><LastModified>2022-12-02T21:12:52.377</LastModified></ImportExportPackageSummaryOfSessionVariable><ImportExportPackageSummaryOfSessionVariable><Identity><Identity><Name>RESOURCE_NAME</Name><Id>E6C90ACEAF974035B52AFE50012F84D6</Id><AutomaticallyPopulate>true</AutomaticallyPopulate></Identity><Description>The current Resource Name.</Description><Value /><IsLocalizable>false</IsLocalizable><Category><Id>201F370CA5164F76ADDD8EEEFF666AF7</Id><AutomaticallyPopulate>true</AutomaticallyPopulate><Name>Default Category</Name><Description /></Category><LastModifiedDateTime>2022-12-02T21:12:52.38</LastModifiedDateTime><IsSecure>false</IsSecure></Identity><LastModifiedBy><Id /><AutomaticallyPopulate>true</AutomaticallyPopulate><ResourceType>Worker</ResourceType><EmailAddress /><UserId /><ManagerialLevel>0</ManagerialLevel></LastModifiedBy><LastModified>2022-12-02T21:12:52.38</LastModified></ImportExportPackageSummaryOfSessionVariable><ImportExportPackageSummaryOfSessionVariable><Identity><Identity><Name>WORKQUEUE_FORM</Name><Id>1E70BD400456422DBFA431767DC6CB0F</Id><AutomaticallyPopulate>true</AutomaticallyPopulate></Identity><Description>The Workqueue Form.</Description><Value /><IsLocalizable>false</IsLocalizable><Category><Id>201F370CA5164F76ADDD8EEEFF666AF7</Id><AutomaticallyPopulate>true</AutomaticallyPopulate><Name>Default Category</Name><Description /></Category><LastModifiedDateTime>2021-05-10T11:26:22</LastModifiedDateTime><IsSecure>false</IsSecure></Identity><LastModifiedBy><Id /><AutomaticallyPopulate>true</AutomaticallyPopulate><ResourceType>Worker</ResourceType><EmailAddress /><UserId /><ManagerialLevel>0</ManagerialLevel></LastModifiedBy><LastModified>2021-05-10T11:26:22</LastModified></ImportExportPackageSummaryOfSessionVariable><ImportExportPackageSummaryOfSessionVariable><Identity><Identity><Name>EPC</Name><Id>5E0F01E4914A48D08009FFC40C130EFF</Id><AutomaticallyPopulate>true</AutomaticallyPopulate></Identity><Description>The EPC.</Description><Value /><IsLocalizable>false</IsLocalizable><Category><Id>201F370CA5164F76ADDD8EEEFF666AF7</Id><AutomaticallyPopulate>true</AutomaticallyPopulate><Name>Default Category</Name><Description /></Category><LastModifiedDateTime>2018-07-27T09:47:05.64</LastModifiedDateTime><IsSecure>false</IsSecure></Identity><LastModifiedBy><Id /><AutomaticallyPopulate>true</AutomaticallyPopulate><ResourceType>Worker</ResourceType><EmailAddress /><UserId /><ManagerialLevel>0</ManagerialLevel></LastModifiedBy><LastModified>2018-07-27T09:47:05.64</LastModified></ImportExportPackageSummaryOfSessionVariable><ImportExportPackageSummaryOfSessionVariable><Identity><Identity><Name>JOB_ID</Name><Id>8A1DD88A21124A98A51B5679DE7FDCB4</Id><AutomaticallyPopulate>true</AutomaticallyPopulate></Identity><Description>The Job ID.</Description><Value /><IsLocalizable>false</IsLocalizable><Category><Id>201F370CA5164F76ADDD8EEEFF666AF7</Id><AutomaticallyPopulate>true</AutomaticallyPopulate><Name>Default Category</Name><Description /></Category><LastModifiedDateTime>2018-07-27T09:47:05.64</LastModifiedDateTime><IsSecure>false</IsSecure></Identity><LastModifiedBy><Id /><AutomaticallyPopulate>true</AutomaticallyPopulate><ResourceType>Worker</ResourceType><EmailAddress /><UserId /><ManagerialLevel>0</ManagerialLevel></LastModifiedBy><LastModified>2018-07-27T09:47:05.64</LastModified></ImportExportPackageSummaryOfSessionVariable><ImportExportPackageSummaryOfSessionVariable><Identity><Identity><Name>NODE_ID</Name><Id>AFBE96EA665E4F16A2FDA88044A23D0A</Id><AutomaticallyPopulate>true</AutomaticallyPopulate></Identity><Description>The Node ID.</Description><Value /><IsLocalizable>false</IsLocalizable><Category><Id>201F370CA5164F76ADDD8EEEFF666AF7</Id><AutomaticallyPopulate>true</AutomaticallyPopulate><Name>Default Category</Name><Description /></Category><LastModifiedDateTime>2018-07-27T09:47:05.64</LastModifiedDateTime><IsSecure>false</IsSecure></Identity><LastModifiedBy><Id /><AutomaticallyPopulate>true</AutomaticallyPopulate><ResourceType>Worker</ResourceType><EmailAddress /><UserId /><ManagerialLevel>0</ManagerialLevel></LastModifiedBy><LastModified>2018-07-27T09:47:05.64</LastModified></ImportExportPackageSummaryOfSessionVariable></GlobalVariablesCollection><ServerXmlExpressionVariables /><DotNetReferences /><MiscellaneousFiles /><Queries /><FormTemplates /><Localisations /><Packages /><ExportConnectorDeploymentProperties /><ShowProcessAssociations>false</ShowProcessAssociations><ShowFormAssociations>false</ShowFormAssociations><SystemExportOptions><IncludeNoteTypes>false</IncludeNoteTypes><IncludeHotKeys>false</IncludeHotKeys><IncludePageRenditions>false</IncludePageRenditions><IncludeNodeColors>false</IncludeNodeColors><IncludeReportingTags>false</IncludeReportingTags><IncludeErrorCodes>false</IncludeErrorCodes></SystemExportOptions><ShowCategoryAssociations>false</ShowCategoryAssociations><Version><Major>7</Major><Minor>3</Minor><Build>1</Build><Revision>0</Revision></Version><DocumentTypeVariants /><ProtectAllItems>false</ProtectAllItems><ProtectedItems /><IncludeRoleMembers>false</IncludeRoleMembers><IncludeDevices>false</IncludeDevices><IncludeDeviceProfiles>false</IncludeDeviceProfiles><IncludeDeviceSettings>false</IncludeDeviceSettings><ExportConnectorMappings>false</ExportConnectorMappings><WebServices /><ImportConnections /><ImportSources /><OAuthServers /><CaptureSolution><Id /><Name /><Version>0</Version><Description /><DocumentLanguage /><CategoryIdentity><Id /><AutomaticallyPopulate>true</AutomaticallyPopulate><Name /><Description /></CategoryIdentity><LastModified>2025-01-17T17:17:36.4559505+00:00</LastModified><LockedBy><Id /><AutomaticallyPopulate>true</AutomaticallyPopulate><Name /><ResourceType>Worker</ResourceType><EmailAddress /><UserId /><ManagerialLevel>0</ManagerialLevel></LockedBy><ProcessIdentity><Id /><AutomaticallyPopulate>true</AutomaticallyPopulate><Version>0</Version><Name /></ProcessIdentity><ClassificationGroupIdentity><Id /><AutomaticallyPopulate>true</AutomaticallyPopulate><Version>0</Version><Name /></ClassificationGroupIdentity><GenerateMFPForms>false</GenerateMFPForms><ScanCNJFormLink /><ExpectedSolutionDuration>0</ExpectedSolutionDuration><UploadedDocsFolderId /><DownloadImagesAndData>false</DownloadImagesAndData><DeleteDocumentsWhenJobComplete>false</DeleteDocumentsWhenJobComplete><TrainingRequired>false</TrainingRequired><DownloadZipResources /><SeparationProfileIdentity /><MaintenanceAccessTokens /><FunctionalAccessResources /><ResourcePermissionType>FullControl</ResourcePermissionType><PackageId /></CaptureSolution><DataModels><ImportExportPackageSummaryOfDataModelIdentity><Identity><Id>54D5328782CABC461077F5A184476DA0</Id><Version>1</Version><Name>RAI-FRAUD-RESULT-v2.0.0b</Name></Identity><LastModifiedBy><Id>DAAAD76834F749B790469E31371AB497</Id><AutomaticallyPopulate>true</AutomaticallyPopulate><ResourceType>Worker</ResourceType><EmailAddress /><UserId /><ManagerialLevel>0</ManagerialLevel></LastModifiedBy><LastModified>2024-08-27T03:27:34.23</LastModified></ImportExportPackageSummaryOfDataModelIdentity></DataModels><QuickApp><Id /><Name /><Version>0</Version><AppType>QuickWorkflow</AppType></QuickApp><QuickAppType>QuickWorkflow</QuickAppType><QuickAppLastModified>0001-01-01T00:00:00</QuickAppLastModified><PackageItemAssociations><PackageItemAssociation><Id>70524F38E409C62A6CB02E29B183DBFD</Id><Name /><ItemType>34</ItemType><AssociatedItems /></PackageItemAssociation><PackageItemAssociation><Id>31A0B1B3034848BC8C72BDFC66EBEE60</Id><Name /><ItemType>8</ItemType><AssociatedItems><AssociatedItem><Id>21ABE64B28334E3587597220E63F6264</Id><ItemType>3</ItemType><Name>rai-overview.svg</Name></AssociatedItem><AssociatedItem><Id>38029A6F254C427DBFBCAA9D022E662B</Id><ItemType>3</ItemType><Name>rai-pattern-newrequest.svg</Name></AssociatedItem><AssociatedItem><Id>08B8578C11C5473B99117741791D949F</Id><ItemType>3</ItemType><Name>rai-header.png</Name></AssociatedItem><AssociatedItem><Id>D4D0F32154434ECCAFDD02B2455C634E</Id><ItemType>3</ItemType><Name>home.png</Name></AssociatedItem><AssociatedItem><Id>3FDC685D66B04A9485668CA8B1A7F61C</Id><ItemType>3</ItemType><Name>mail_open.png</Name></AssociatedItem><AssociatedItem><Id>766B32376B9543A1A4189CA8FB874725</Id><ItemType>3</ItemType><Name>mail_closed.png</Name></AssociatedItem><AssociatedItem><Id>72FE14D14AD04EB48F9D91BE7987B38F</Id><ItemType>3</ItemType><Name>help_icon.png</Name></AssociatedItem><AssociatedItem><Id>1D186161C6DB420DBE0F90ED725B7C32</Id><ItemType>3</ItemType><Name>add_icon.png</Name></AssociatedItem><AssociatedItem><Id>B67FED985F3E45519EA0FFDC735CD0A4</Id><ItemType>3</ItemType><Name>delete_icon.png</Name></AssociatedItem><AssociatedItem><Id>D5E2227D4204423F82B82DFDECE14684</Id><ItemType>3</ItemType><Name>Mail-read.gif</Name></AssociatedItem><AssociatedItem><Id>159C91BCCD1C46C082FE86613DC06F8E</Id><ItemType>3</ItemType><Name>Tungsten-TotalAgility-logo.svg</Name></AssociatedItem><AssociatedItem><Id>809E489A332B4138893496FCAE0155CA</Id><ItemType>3</ItemType><Name>rai-logo-light.svg</Name></AssociatedItem><AssociatedItem><Id>0E3CA1D8C600459FB2A4E7891D3BE830</Id><ItemType>3</ItemType><Name>rai-login-carousel.gif</Name></AssociatedItem><AssociatedItem><Id>3E864E354A724E13B55EF12A30EAC6A8</Id><ItemType>3</ItemType><Name>rai-pattern-login.svg</Name></AssociatedItem><AssociatedItem><Id>D5F2C29A33AB4D5DBA1D0BF470A54C33</Id><ItemType>3</ItemType><Name>ResistantAI.css</Name></AssociatedItem><AssociatedItem><Id>36E4613694FD4BA8951B8F442679743B</Id><ItemType>1</ItemType><Name>wqaApproveAllNormal</Name></AssociatedItem><AssociatedItem><Id>A08C5B14E0A64A3DB33CE9AB312D2D18</Id><ItemType>28</ItemType><Name>Resistant.ai</Name></AssociatedItem><AssociatedItem><Id>E2A1706B60424707B39A1BDDDC8DB69C</Id><ItemType>28</ItemType><Name>TotalAgility Forms</Name></AssociatedItem><AssociatedItem><Id>201F370CA5164F76ADDD8EEEFF666AF7</Id><ItemType>28</ItemType><Name>Default Category</Name></AssociatedItem><AssociatedItem><Id>54D5328782CABC461077F5A184476DA0</Id><ItemType>44</ItemType><Name>RAI-FRAUD-RESULT-v2.0.0b</Name></AssociatedItem><AssociatedItem><Id>161F8F818093437482D2886B7B6756BB</Id><ItemType>36</ItemType><Name>SESSION_ID</Name></AssociatedItem><AssociatedItem><Id>1E70BD400456422DBFA431767DC6CB0F</Id><ItemType>36</ItemType><Name>WORKQUEUE_FORM</Name></AssociatedItem><AssociatedItem><Id>5E0F01E4914A48D08009FFC40C130EFF</Id><ItemType>36</ItemType><Name>EPC</Name></AssociatedItem><AssociatedItem><Id>8A1DD88A21124A98A51B5679DE7FDCB4</Id><ItemType>36</ItemType><Name>JOB_ID</Name></AssociatedItem><AssociatedItem><Id>AFBE96EA665E4F16A2FDA88044A23D0A</Id><ItemType>36</ItemType><Name>NODE_ID</Name></AssociatedItem><AssociatedItem><Id>3FE35DDD709A422588F9C8FE908C6393</Id><ItemType>36</ItemType><Name>RESOURCE_ID</Name></AssociatedItem><AssociatedItem><Id>E6C90ACEAF974035B52AFE50012F84D6</Id><ItemType>36</ItemType><Name>RESOURCE_NAME</Name></AssociatedItem><AssociatedItem><Id>967672C9D09D480A9D02DD88D076FE64</Id><ItemType>6</ItemType><Name>rai-header</Name></AssociatedItem><AssociatedItem><Id>28CBA0D91C704F60B803E4F8E64B85FF</Id><ItemType>6</ItemType><Name>rai-login</Name></AssociatedItem><AssociatedItem><Id>967672C9D09D480A9D02DD88D076FE64</Id><ItemType>6</ItemType><Name>rai-header</Name></AssociatedItem><AssociatedItem><Id>28CBA0D91C704F60B803E4F8E64B85FF</Id><ItemType>6</ItemType><Name>rai-login</Name></AssociatedItem><AssociatedItem><Id>B027A27EA4DA49AA9FC99A9802C87142</Id><ItemType>6</ItemType><Name>rai-home</Name></AssociatedItem><AssociatedItem><Id>30CC4F8764F14CC3BF6868A58D7E7999</Id><ItemType>6</ItemType><Name>rai-newrequest</Name></AssociatedItem><AssociatedItem><Id>1317643364974AEF9319E09B1D1473FF</Id><ItemType>6</ItemType><Name>rai-workqueue</Name></AssociatedItem><AssociatedItem><Id>EF422536915A4112A2D9223D7FFBFDBE</Id><ItemType>6</ItemType><Name>rai-fraudreview</Name></AssociatedItem><AssociatedItem><Id>9DB3D0CCAA4A418FA3DB77272EAB74F6</Id><ItemType>6</ItemType><Name>AutomationRequest</Name></AssociatedItem><AssociatedItem><Id>967672C9D09D480A9D02DD88D076FE64</Id><ItemType>6</ItemType><Name>rai-header</Name></AssociatedItem><AssociatedItem><Id>0909869BE6A943A08316857158E25E08</Id><ItemType>6</ItemType><Name>MailBox</Name></AssociatedItem><AssociatedItem><Id>0909869BE6A943A0B31685715FE25E08</Id><ItemType>6</ItemType><Name>AddNote</Name></AssociatedItem><AssociatedItem><Id>1F84BE5525B14DE1B9B95A44C57C0CF3</Id><ItemType>6</ItemType><Name>Profile</Name></AssociatedItem><AssociatedItem><Id>4BECEB69F3214DD2A1DC1DBC247BCA4E</Id><ItemType>6</ItemType><Name>WorkAllocationRule</Name></AssociatedItem><AssociatedItem><Id>868FA53E24504D2AB8AF17D1476B7D6D</Id><ItemType>6</ItemType><Name>ChangePassword</Name></AssociatedItem><AssociatedItem><Id>28CBA0D91C704F60B803E4F8E64B85FF</Id><ItemType>6</ItemType><Name>rai-login</Name></AssociatedItem><AssociatedItem><Id>B0AA433698FCFA709DA9B460E647A2A1</Id><ItemType>7</ItemType><Name>rai-navigation</Name></AssociatedItem><AssociatedItem><Id>C86B1509BFAA19EC0E7457ECE5B9F2BB</Id><ItemType>0</ItemType><Name>RAI Document Workflow</Name></AssociatedItem><AssociatedItem><Id>31A0B1B3034848BC8C72BDFC66EBEE60</Id><ItemType>8</ItemType><Name>rai</Name></AssociatedItem><AssociatedItem><Id>E2892F864235645CB20DF48C87D7D339</Id><ItemType>9</ItemType><Name>ResistantAI</Name></AssociatedItem><AssociatedItem><Id>B0DC1C17A2B4465FB6FA4490C20E7B75</Id><ItemType>23</ItemType><Name>RAIWorkType</Name></AssociatedItem><AssociatedItem><Id>RAICLIENTID</Id><ItemType>35</ItemType><Name /></AssociatedItem><AssociatedItem><Id>RAICLIENTSECRET</Id><ItemType>35</ItemType><Name /></AssociatedItem><AssociatedItem><Id>RAIURLAPI</Id><ItemType>35</ItemType><Name /></AssociatedItem><AssociatedItem><Id>RAIURLTOKEN</Id><ItemType>35</ItemType><Name /></AssociatedItem><AssociatedItem><Id>SPP_SYSTEM_SESSION_ID</Id><ItemType>35</ItemType><Name /></AssociatedItem><AssociatedItem><Id>TOTALAGILITYURLAPI</Id><ItemType>35</ItemType><Name /></AssociatedItem><AssociatedItem><Id>RAIURLVIEWER</Id><ItemType>35</ItemType><Name /></AssociatedItem></AssociatedItems></PackageItemAssociation><PackageItemAssociation><Id>C86B1509BFAA19EC0E7457ECE5B9F2BB</Id><Name /><ItemType>0</ItemType><AssociatedItems /></PackageItemAssociation><PackageItemAssociation><Id>D93F0F6EA33F7B46DD5C7B4795B65D5F</Id><Name /><ItemType>0</ItemType><AssociatedItems><AssociatedItem><Id>36E4613694FD4BA8951B8F442679743B</Id><ItemType>1</ItemType><Name>wqaApproveAllNormal</Name></AssociatedItem><AssociatedItem><Id>A08C5B14E0A64A3DB33CE9AB312D2D18</Id><ItemType>28</ItemType><Name>Resistant.ai</Name></AssociatedItem><AssociatedItem><Id>70524F38E409C62A6CB02E29B183DBFD</Id><ItemType>34</ItemType><Name>RAI PDF to TIFF Conversion</Name></AssociatedItem><AssociatedItem><Id>D93F0F6EA33F7B46DD5C7B4795B65D5F</Id><ItemType>0</ItemType><Name>RAI New Request</Name></AssociatedItem><AssociatedItem><Id>SPP_SYSTEM_SESSION_ID</Id><ItemType>35</ItemType><Name /></AssociatedItem></AssociatedItems></PackageItemAssociation><PackageItemAssociation><Id>9769612194A54AF2A492999438A7614B</Id><Name /><ItemType>3</ItemType><AssociatedItems><AssociatedItem><Id>9769612194A54AF2A492999438A7614B</Id><ItemType>3</ItemType><Name>rai-drag-drop-zone.svg</Name></AssociatedItem><AssociatedItem><Id>A08C5B14E0A64A3DB33CE9AB312D2D18</Id><ItemType>28</ItemType><Name>Resistant.ai</Name></AssociatedItem></AssociatedItems></PackageItemAssociation><PackageItemAssociation><Id>08B8578C11C5473B99117741791D949F</Id><Name /><ItemType>3</ItemType><AssociatedItems /></PackageItemAssociation><PackageItemAssociation><Id>0E3CA1D8C600459FB2A4E7891D3BE830</Id><Name /><ItemType>3</ItemType><AssociatedItems /></PackageItemAssociation><PackageItemAssociation><Id>2D170847E58A430CB9D3C90CC54DF261</Id><Name /><ItemType>3</ItemType><AssociatedItems><AssociatedItem><Id>2D170847E58A430CB9D3C90CC54DF261</Id><ItemType>3</ItemType><Name>rai-logo-dark.svg</Name></AssociatedItem><AssociatedItem><Id>A08C5B14E0A64A3DB33CE9AB312D2D18</Id><ItemType>28</ItemType><Name>Resistant.ai</Name></AssociatedItem></AssociatedItems></PackageItemAssociation><PackageItemAssociation><Id>809E489A332B4138893496FCAE0155CA</Id><Name /><ItemType>3</ItemType><AssociatedItems /></PackageItemAssociation><PackageItemAssociation><Id>21ABE64B28334E3587597220E63F6264</Id><Name /><ItemType>3</ItemType><AssociatedItems /></PackageItemAssociation><PackageItemAssociation><Id>3E864E354A724E13B55EF12A30EAC6A8</Id><Name /><ItemType>3</ItemType><AssociatedItems /></PackageItemAssociation><PackageItemAssociation><Id>38029A6F254C427DBFBCAA9D022E662B</Id><Name /><ItemType>3</ItemType><AssociatedItems /></PackageItemAssociation><PackageItemAssociation><Id>D5F2C29A33AB4D5DBA1D0BF470A54C33</Id><Name /><ItemType>3</ItemType><AssociatedItems><AssociatedItem><Id>D5F2C29A33AB4D5DBA1D0BF470A54C33</Id><ItemType>3</ItemType><Name>ResistantAI.css</Name></AssociatedItem><AssociatedItem><Id>A08C5B14E0A64A3DB33CE9AB312D2D18</Id><ItemType>28</ItemType><Name>Resistant.ai</Name></AssociatedItem></AssociatedItems></PackageItemAssociation><PackageItemAssociation><Id>159C91BCCD1C46C082FE86613DC06F8E</Id><Name /><ItemType>3</ItemType><AssociatedItems /></PackageItemAssociation><PackageItemAssociation><Id>54D5328782CABC461077F5A184476DA0</Id><Name /><ItemType>44</ItemType><AssociatedItems><AssociatedItem><Id>A08C5B14E0A64A3DB33CE9AB312D2D18</Id><ItemType>28</ItemType><Name>Resistant.ai</Name></AssociatedItem><AssociatedItem><Id>54D5328782CABC461077F5A184476DA0</Id><ItemType>44</ItemType><Name /></AssociatedItem></AssociatedItems></PackageItemAssociation><PackageItemAssociation><Id>EF422536915A4112A2D9223D7FFBFDBE</Id><Name /><ItemType>6</ItemType><AssociatedItems /></PackageItemAssociation><PackageItemAssociation><Id>967672C9D09D480A9D02DD88D076FE64</Id><Name /><ItemType>6</ItemType><AssociatedItems /></PackageItemAssociation><PackageItemAssociation><Id>B027A27EA4DA49AA9FC99A9802C87142</Id><Name /><ItemType>6</ItemType><AssociatedItems /></PackageItemAssociation><PackageItemAssociation><Id>28CBA0D91C704F60B803E4F8E64B85FF</Id><Name /><ItemType>6</ItemType><AssociatedItems /></PackageItemAssociation><PackageItemAssociation><Id>30CC4F8764F14CC3BF6868A58D7E7999</Id><Name /><ItemType>6</ItemType><AssociatedItems /></PackageItemAssociation><PackageItemAssociation><Id>1317643364974AEF9319E09B1D1473FF</Id><Name /><ItemType>6</ItemType><AssociatedItems /></PackageItemAssociation><PackageItemAssociation><Id>B0AA433698FCFA709DA9B460E647A2A1</Id><Name /><ItemType>7</ItemType><AssociatedItems /></PackageItemAssociation><PackageItemAssociation><Id>E2892F864235645CB20DF48C87D7D339</Id><Name /><ItemType>9</ItemType><AssociatedItems><AssociatedItem><Id>A08C5B14E0A64A3DB33CE9AB312D2D18</Id><ItemType>28</ItemType><Name>Resistant.ai</Name></AssociatedItem><AssociatedItem><Id>E2892F864235645CB20DF48C87D7D339</Id><ItemType>9</ItemType><Name>ResistantAI</Name></AssociatedItem></AssociatedItems></PackageItemAssociation><PackageItemAssociation><Id>A0ACBB75FDBF455197DECDB631E32AFA</Id><Name /><ItemType>4</ItemType><AssociatedItems /></PackageItemAssociation><PackageItemAssociation><Id>AB65A3A1C1CF402683F0DCF6DF76A3AA</Id><Name /><ItemType>4</ItemType><AssociatedItems><AssociatedItem><Id>AB65A3A1C1CF402683F0DCF6DF76A3AA</Id><ItemType>3</ItemType><Name>tungstenlabs.integration.resistantai.dll</Name></AssociatedItem><AssociatedItem><Id>A08C5B14E0A64A3DB33CE9AB312D2D18</Id><ItemType>28</ItemType><Name>Resistant.ai</Name></AssociatedItem></AssociatedItems></PackageItemAssociation></PackageItemAssociations><CurrencyCodes /></SpaPackageImportExportData>