<processmaps xmlns:dt="urn:schemas-microsoft-com:datatypes" dbversion="8.1" parentprocessmapversion="6.000000" parentprocessmapid="A546CF02F73015A783797F397BFAA54B"><foldertypelist /><processmap><procdata><mapid>A546CF02F73015A783797F397BFAA54B</mapid><mapname>RAI-DocumentLoadTesting</mapname><mapauthor>Rafael Castro</mapauthor><mapauthorid>C13E87D165A945399B1E6A40F637B5C1</mapauthorid><maptrackstorejvh>0</maptrackstorejvh><helptext></helptext><lastmodified>C13E87D165A945399B1E6A40F637B5C1</lastmodified><allocationalgorithm>0</allocationalgorithm><arrowstyle>0</arrowstyle><arrowweighting>0</arrowweighting><designtimesettings>&lt;designtimesettings&gt;&lt;annotations /&gt;&lt;attachments /&gt;&lt;collaborationnodes /&gt;&lt;groupartifacts /&gt;&lt;pools&gt;&lt;pool&gt;&lt;xposition&gt;25&lt;/xposition&gt;&lt;yposition&gt;25&lt;/yposition&gt;&lt;width&gt;1400&lt;/width&gt;&lt;height&gt;600&lt;/height&gt;&lt;name&gt;New process&lt;/name&gt;&lt;id&gt;42966A664A39C7FEB752A2F3CC915AAF&lt;/id&gt;&lt;type&gt;0&lt;/type&gt;&lt;lanes&gt;&lt;lane&gt;&lt;name&gt;Lane1&lt;/name&gt;&lt;index&gt;0&lt;/index&gt;&lt;poolid&gt;42966A664A39C7FEB752A2F3CC915AAF&lt;/poolid&gt;&lt;height&gt;600&lt;/height&gt;&lt;/lane&gt;&lt;/lanes&gt;&lt;/pool&gt;&lt;/pools&gt;&lt;messageflows /&gt;&lt;layoutdirection&gt;Horizontal&lt;/layoutdirection&gt;&lt;layouttype&gt;ProcessTree&lt;/layouttype&gt;&lt;zoomfactor&gt;100&lt;/zoomfactor&gt;&lt;viewactivitycost&gt;False&lt;/viewactivitycost&gt;&lt;viewactivityduration&gt;False&lt;/viewactivityduration&gt;&lt;viewactivityresources&gt;False&lt;/viewactivityresources&gt;&lt;viewgroups&gt;False&lt;/viewgroups&gt;&lt;viewpools&gt;False&lt;/viewpools&gt;&lt;compatiblewithallcasedefversions&gt;0&lt;/compatiblewithallcasedefversions&gt;&lt;hasdocumentset&gt;False&lt;/hasdocumentset&gt;&lt;startnodes&gt;&lt;startnode&gt;&lt;designtimesettings&gt;&lt;xposition&gt;65&lt;/xposition&gt;&lt;yposition&gt;464.25&lt;/yposition&gt;&lt;width&gt;30&lt;/width&gt;&lt;height&gt;30&lt;/height&gt;&lt;inheritcolorfromsystem&gt;True&lt;/inheritcolorfromsystem&gt;&lt;colour&gt;#62A716&lt;/colour&gt;&lt;eventtype&gt;Default&lt;/eventtype&gt;&lt;name&gt;Start&lt;/name&gt;&lt;textposition&gt;Top&lt;/textposition&gt;&lt;conditionpathdescription /&gt;&lt;lane&gt;&lt;name /&gt;&lt;index&gt;0&lt;/index&gt;&lt;poolid /&gt;&lt;height&gt;0&lt;/height&gt;&lt;/lane&gt;&lt;annotations /&gt;&lt;attachments /&gt;&lt;/designtimesettings&gt;&lt;/startnode&gt;&lt;/startnodes&gt;&lt;redraw&gt;False&lt;/redraw&gt;&lt;/designtimesettings&gt;</designtimesettings><attachments></attachments><annotations></annotations><formsections></formsections><form></form><categoryid>A08C5B14E0A64A3DB33CE9AB312D2D18</categoryid><targetdays>0</targetdays><targethours>0</targethours><targetmins>0</targetmins><targetsecs>0</targetsecs><priority>1</priority><transactional>0</transactional><backgroundcolour>0</backgroundcolour><version>6.000000</version><cost>0.000000</cost><creationdate>2025-04-21T21:21:34</creationdate><changedate>2025-04-30T16:03:14</changedate><description></description><status>2</status><newmap>0</newmap><archivefinishedjobs>1</archivefinishedjobs><straightthrough>0</straightthrough><poolid>0</poolid><dynexpfinishtimevar></dynexpfinishtimevar><mapmilestonesrvstdtag /><mapmilestonescopetag>0</mapmilestonescopetag><mapmilestonetag /><dynamicbudget></dynamicbudget><budget>0.000000</budget><processtype>0</processtype><processtypestring>BusinessProcess</processtypestring><associatedcaseid></associatedcaseid><associatedcase></associatedcase><latestcaseversion>0.000000</latestcaseversion><prefixvariable>0</prefixvariable><completioneventmapid></completioneventmapid><completioneventmapname></completioneventmapname><assocjobsoncompletion>0</assocjobsoncompletion><sendemail>0</sendemail><emailto>0</emailto><subjecttext></subjecttext><subjectvar></subjectvar><contenttext></contenttext><contentvar></contentvar><urltext></urltext><urlvar></urlvar><appendassocfile>0</appendassocfile><initialisationvariables><initialisationvariable><varname>INPUTFOLDER</varname></initialisationvariable><initialisationvariable><varname>MAXCOUNTER</varname></initialisationvariable></initialisationvariables><outputvariables /><maintenanceaccess><resource><resourcetype>3</resourcetype><resourcename>Everyone</resourcename><resourceid>7DF43CCDF24611D2804B00104B71BD15</resourceid><serverid>19659C5AF012B24087A1C67CF35BBE60</serverid><unavailability>Default</unavailability><accesstype>0</accesstype><seqassignorder>0</seqassignorder><excluded>0</excluded></resource></maintenanceaccess><creationaccess><resource><resourcetype>3</resourcetype><resourcename>Everyone</resourcename><resourceid>7DF43CCDF24611D2804B00104B71BD15</resourceid><serverid>19659C5AF012B24087A1C67CF35BBE60</serverid><unavailability>Default</unavailability><accesstype>0</accesstype><seqassignorder>0</seqassignorder><excluded>0</excluded></resource></creationaccess><suspendaccess><resource><resourcetype>3</resourcetype><resourcename>Everyone</resourcename><resourceid>7DF43CCDF24611D2804B00104B71BD15</resourceid><serverid>19659C5AF012B24087A1C67CF35BBE60</serverid><unavailability>Default</unavailability><accesstype>0</accesstype><seqassignorder>0</seqassignorder><excluded>0</excluded></resource></suspendaccess><terminateaccess><resource><resourcetype>3</resourcetype><resourcename>Everyone</resourcename><resourceid>7DF43CCDF24611D2804B00104B71BD15</resourceid><serverid>19659C5AF012B24087A1C67CF35BBE60</serverid><unavailability>Default</unavailability><accesstype>0</accesstype><seqassignorder>0</seqassignorder><excluded>0</excluded></resource></terminateaccess><restartaccess><resource><resourcetype>3</resourcetype><resourcename>Everyone</resourcename><resourceid>7DF43CCDF24611D2804B00104B71BD15</resourceid><serverid>19659C5AF012B24087A1C67CF35BBE60</serverid><unavailability>Default</unavailability><accesstype>0</accesstype><seqassignorder>0</seqassignorder><excluded>0</excluded></resource></restartaccess><holdaccess><resource><resourcetype>3</resourcetype><resourcename>Everyone</resourcename><resourceid>7DF43CCDF24611D2804B00104B71BD15</resourceid><serverid>19659C5AF012B24087A1C67CF35BBE60</serverid><unavailability>Default</unavailability><accesstype>0</accesstype><seqassignorder>0</seqassignorder><excluded>0</excluded></resource></holdaccess><customiseaccess /><jobdetailviewaccess><resource><resourcetype>3</resourcetype><resourcename>Everyone</resourcename><resourceid>7DF43CCDF24611D2804B00104B71BD15</resourceid><serverid>19659C5AF012B24087A1C67CF35BBE60</serverid><unavailability>Default</unavailability><accesstype>0</accesstype><seqassignorder>0</seqassignorder><excluded>0</excluded></resource></jobdetailviewaccess><scanvrsprofileaccess><resource><resourcetype>3</resourcetype><resourcename>Everyone</resourcename><resourceid>7DF43CCDF24611D2804B00104B71BD15</resourceid><serverid>19659C5AF012B24087A1C67CF35BBE60</serverid><unavailability>Default</unavailability><accesstype>0</accesstype><seqassignorder>0</seqassignorder><excluded>0</excluded></resource></scanvrsprofileaccess><separationprofileaccess><resource><resourcetype>3</resourcetype><resourcename>Everyone</resourcename><resourceid>7DF43CCDF24611D2804B00104B71BD15</resourceid><serverid>19659C5AF012B24087A1C67CF35BBE60</serverid><unavailability>Default</unavailability><accesstype>0</accesstype><seqassignorder>0</seqassignorder><excluded>0</excluded></resource></separationprofileaccess><updatedocumentcontaineraccess /><editbusinessdataaccess /><defaultusableresources><resource><resourcetype>3</resourcetype><resourcename>Everyone</resourcename><resourceid>7DF43CCDF24611D2804B00104B71BD15</resourceid><serverid>19659C5AF012B24087A1C67CF35BBE60</serverid><unavailability>Default</unavailability><accesstype>0</accesstype><seqassignorder>0</seqassignorder><excluded>0</excluded></resource></defaultusableresources><exceptions><exception><exceptioncode>EXP0004</exceptioncode><processmapid /><processmapname /><description>Invoked when the cost of job exceeds the expected value.</description><version>0.000000</version><serveronly>0</serveronly></exception><exception><exceptioncode>EXP0005</exceptioncode><processmapid /><processmapname /><description>Invoked when a job exceeds its expected duration.</description><version>0.000000</version><serveronly>0</serveronly></exception><exception><exceptioncode>EXP0006</exceptioncode><processmapid /><processmapname /><description>Invoked when an activity exceeds its expected duration.</description><version>0.000000</version><serveronly>0</serveronly></exception><exception><exceptioncode>EXP0009</exceptioncode><processmapid /><processmapname /><description>Invoked when a Script Object fails to execute automatically.</description><version>0.000000</version><serveronly>0</serveronly></exception><exception><exceptioncode>EXP0010</exceptioncode><processmapid /><processmapname /><description>Invoked when a process is stalled.</description><version>0.000000</version><serveronly>0</serveronly></exception><exception><exceptioncode>EXP0013</exceptioncode><processmapid /><processmapname /><description>Invoked when an activity crosses the due date.</description><version>0.000000</version><serveronly>0</serveronly></exception><exception><exceptioncode>EXP0017</exceptioncode><processmapid /><processmapname /><description>Invoked when synchronous processing fails.</description><version>0.000000</version><serveronly>0</serveronly></exception><exception><exceptioncode>EXP0018</exceptioncode><processmapid /><processmapname /><description>Invoked when no usable resource is assigned to an activity.</description><version>0.000000</version><serveronly>0</serveronly></exception><exception><exceptioncode>EXP0019</exceptioncode><processmapid /><processmapname /><description>Invoked when a .NET object fails to execute.</description><version>0.000000</version><serveronly>0</serveronly></exception><exception><exceptioncode>EXP0020</exceptioncode><processmapid /><processmapname /><description>Invoked when a Web Service object fails to execute.</description><version>0.000000</version><serveronly>0</serveronly></exception><exception><exceptioncode>EXP0022</exceptioncode><processmapid /><processmapname /><description>Invoked when a C# Script activity fails to execute when running automatically.</description><version>0.000000</version><serveronly>0</serveronly></exception><exception><exceptioncode>EXP0023</exceptioncode><processmapid /><processmapname /><description>Invoked when a VB .NET Script activity fails to execute.</description><version>0.000000</version><serveronly>0</serveronly></exception><exception><exceptioncode>EXP0025</exceptioncode><processmapid /><processmapname /><description>Invoked when a Data Access activity fails to execute.</description><version>0.000000</version><serveronly>0</serveronly></exception><exception><exceptioncode>EXP0036</exceptioncode><processmapid /><processmapname /><description>Invoked when the transfer of documents to another server fails to execute.</description><version>0.000000</version><serveronly>0</serveronly></exception><exception><exceptioncode>EXP0038</exceptioncode><processmapid /><processmapname /><description>Invoked when any automatic activity fails to execute.</description><version>0.000000</version><serveronly>0</serveronly></exception></exceptions><states /><milestones /><bpescalations /><serverid>19659C5AF012B24087A1C67CF35BBE60</serverid><xmlexpressionlist /><ragstatus><amberthreshold>0</amberthreshold><redthreshold>0</redthreshold><blackthreshold>0</blackthreshold><purplethreshold>0</purplethreshold></ragstatus><casedefcomruntime_data /><archivetopi>0</archivetopi><runtime_settings>0</runtime_settings><process_owner_id></process_owner_id><score_rule></score_rule><map_valid_from /><map_valid_to /><captureenabled>0</captureenabled><iscaptureprocess>0</iscaptureprocess><reportingtag></reportingtag><settingsxml>&lt;?xml version="1.0" encoding="utf-16"?&gt;
&lt;BusinessProcessSettings xmlns:xsd="http://www.w3.org/2001/XMLSchema" xmlns:xsi="http://www.w3.org/2001/XMLSchema-instance"&gt;
  &lt;CaptureProcessSettings&gt;
    &lt;ClassificationGroup&gt;
      &lt;Id /&gt;
      &lt;AutomaticallyPopulate&gt;true&lt;/AutomaticallyPopulate&gt;
      &lt;Version&gt;0&lt;/Version&gt;
      &lt;Name /&gt;
    &lt;/ClassificationGroup&gt;
    &lt;ScanVrsProfiles&gt;
      &lt;ScanVrsProfileIdentity&gt;
        &lt;Id&gt;C525FA863EB74348961543C740ED00A0&lt;/Id&gt;
        &lt;Name&gt;Default&lt;/Name&gt;
      &lt;/ScanVrsProfileIdentity&gt;
    &lt;/ScanVrsProfiles&gt;
    &lt;SeparationProfile /&gt;
    &lt;BarcodePatchcodeProfile /&gt;
    &lt;DefaultScanVrsProfile&gt;
      &lt;Id&gt;C525FA863EB74348961543C740ED00A0&lt;/Id&gt;
      &lt;Name&gt;Default&lt;/Name&gt;
    &lt;/DefaultScanVrsProfile&gt;
    &lt;DocConversionProfiles /&gt;
    &lt;DefaultDocConversionProfile /&gt;
    &lt;SaveScannedImageAsPageRendition&gt;false&lt;/SaveScannedImageAsPageRendition&gt;
    &lt;PageRendition&gt;0&lt;/PageRendition&gt;
    &lt;PdfTextExtractionMode&gt;0&lt;/PdfTextExtractionMode&gt;
    &lt;AllowRotateReorderImportedImages&gt;true&lt;/AllowRotateReorderImportedImages&gt;
    &lt;AllowSplitMergeDeleteImportedDocument&gt;true&lt;/AllowSplitMergeDeleteImportedDocument&gt;
    &lt;PdfTextWordSeparationChars&gt;/:()-#&lt;/PdfTextWordSeparationChars&gt;
    &lt;PdfTextExtractionMaxNumberOfPages&gt;0&lt;/PdfTextExtractionMaxNumberOfPages&gt;
  &lt;/CaptureProcessSettings&gt;
  &lt;RetentionPolicySettings&gt;
    &lt;KeepForever&gt;false&lt;/KeepForever&gt;
    &lt;RetentionPolicyDuration&gt;
      &lt;Years&gt;0&lt;/Years&gt;
      &lt;Months&gt;6&lt;/Months&gt;
      &lt;Days&gt;0&lt;/Days&gt;
      &lt;Hours&gt;0&lt;/Hours&gt;
      &lt;Minutes&gt;0&lt;/Minutes&gt;
    &lt;/RetentionPolicyDuration&gt;
  &lt;/RetentionPolicySettings&gt;
  &lt;MaximumLoopCount&gt;0&lt;/MaximumLoopCount&gt;
  &lt;ShowSpecificOutputVariables&gt;true&lt;/ShowSpecificOutputVariables&gt;
  &lt;VariableDisplayPropertiesCollection&gt;
    &lt;VariableDisplayProperties&gt;
      &lt;VariableIdentity&gt;
        &lt;Id&gt;COUNTER&lt;/Id&gt;
        &lt;Version&gt;0&lt;/Version&gt;
        &lt;OwnerId /&gt;
        &lt;DisplayName&gt;Counter&lt;/DisplayName&gt;
        &lt;Name /&gt;
      &lt;/VariableIdentity&gt;
      &lt;StringVariableDisplayProperties&gt;
        &lt;VariableControlType&gt;Singleline&lt;/VariableControlType&gt;
        &lt;MaxNumberOfCharacters&gt;10000&lt;/MaxNumberOfCharacters&gt;
        &lt;LookupIdentity /&gt;
        &lt;StaticData /&gt;
        &lt;Mandatory&gt;false&lt;/Mandatory&gt;
      &lt;/StringVariableDisplayProperties&gt;
      &lt;MinValue&gt;-2147483648&lt;/MinValue&gt;
      &lt;MaxValue&gt;2147483647&lt;/MaxValue&gt;
      &lt;MinDate xsi:nil="true" /&gt;
      &lt;MaxDate xsi:nil="true" /&gt;
      &lt;DecimalPrecision&gt;0&lt;/DecimalPrecision&gt;
      &lt;LabelText&gt;Counter&lt;/LabelText&gt;
      &lt;ShowTime&gt;false&lt;/ShowTime&gt;
    &lt;/VariableDisplayProperties&gt;
    &lt;VariableDisplayProperties&gt;
      &lt;VariableIdentity&gt;
        &lt;Id&gt;FOUND&lt;/Id&gt;
        &lt;Version&gt;0&lt;/Version&gt;
        &lt;OwnerId /&gt;
        &lt;DisplayName&gt;Found&lt;/DisplayName&gt;
        &lt;Name /&gt;
      &lt;/VariableIdentity&gt;
      &lt;StringVariableDisplayProperties&gt;
        &lt;VariableControlType&gt;Singleline&lt;/VariableControlType&gt;
        &lt;MaxNumberOfCharacters&gt;10000&lt;/MaxNumberOfCharacters&gt;
        &lt;LookupIdentity /&gt;
        &lt;StaticData /&gt;
        &lt;Mandatory&gt;false&lt;/Mandatory&gt;
      &lt;/StringVariableDisplayProperties&gt;
      &lt;MinDate xsi:nil="true" /&gt;
      &lt;MaxDate xsi:nil="true" /&gt;
      &lt;DecimalPrecision&gt;0&lt;/DecimalPrecision&gt;
      &lt;LabelText&gt;Found&lt;/LabelText&gt;
      &lt;ShowTime&gt;false&lt;/ShowTime&gt;
    &lt;/VariableDisplayProperties&gt;
    &lt;VariableDisplayProperties&gt;
      &lt;VariableIdentity&gt;
        &lt;Id&gt;LOADCOUNTER&lt;/Id&gt;
        &lt;Version&gt;0&lt;/Version&gt;
        &lt;OwnerId /&gt;
        &lt;DisplayName&gt;LoadCounter&lt;/DisplayName&gt;
        &lt;Name /&gt;
      &lt;/VariableIdentity&gt;
      &lt;StringVariableDisplayProperties&gt;
        &lt;VariableControlType&gt;Singleline&lt;/VariableControlType&gt;
        &lt;MaxNumberOfCharacters&gt;10000&lt;/MaxNumberOfCharacters&gt;
        &lt;LookupIdentity /&gt;
        &lt;StaticData /&gt;
        &lt;Mandatory&gt;false&lt;/Mandatory&gt;
      &lt;/StringVariableDisplayProperties&gt;
      &lt;MinValue&gt;-2147483648&lt;/MinValue&gt;
      &lt;MaxValue&gt;2147483647&lt;/MaxValue&gt;
      &lt;MinDate xsi:nil="true" /&gt;
      &lt;MaxDate xsi:nil="true" /&gt;
      &lt;DecimalPrecision&gt;0&lt;/DecimalPrecision&gt;
      &lt;LabelText&gt;LoadCounter&lt;/LabelText&gt;
      &lt;ShowTime&gt;false&lt;/ShowTime&gt;
    &lt;/VariableDisplayProperties&gt;
    &lt;VariableDisplayProperties&gt;
      &lt;VariableIdentity&gt;
        &lt;Id&gt;MAXCOUNTER&lt;/Id&gt;
        &lt;Version&gt;0&lt;/Version&gt;
        &lt;OwnerId /&gt;
        &lt;DisplayName&gt;MaxCounter&lt;/DisplayName&gt;
        &lt;Name /&gt;
      &lt;/VariableIdentity&gt;
      &lt;StringVariableDisplayProperties&gt;
        &lt;VariableControlType&gt;Singleline&lt;/VariableControlType&gt;
        &lt;MaxNumberOfCharacters&gt;10000&lt;/MaxNumberOfCharacters&gt;
        &lt;LookupIdentity /&gt;
        &lt;StaticData /&gt;
        &lt;Mandatory&gt;false&lt;/Mandatory&gt;
      &lt;/StringVariableDisplayProperties&gt;
      &lt;MinValue&gt;-2147483648&lt;/MinValue&gt;
      &lt;MaxValue&gt;2147483647&lt;/MaxValue&gt;
      &lt;MinDate xsi:nil="true" /&gt;
      &lt;MaxDate xsi:nil="true" /&gt;
      &lt;DecimalPrecision&gt;0&lt;/DecimalPrecision&gt;
      &lt;LabelText&gt;MaxCounter&lt;/LabelText&gt;
      &lt;ShowTime&gt;false&lt;/ShowTime&gt;
    &lt;/VariableDisplayProperties&gt;
  &lt;/VariableDisplayPropertiesCollection&gt;
  &lt;DataObjectVariableFieldMappingCollection /&gt;
&lt;/BusinessProcessSettings&gt;</settingsxml><associateddotnetreferences /><processnotes /><cnjformidentity><id>752DA3440C5C4E6698E41398D9B3E3DF</id><name>RAI-DocumentLoadTestingCNJ</name></cnjformidentity><hasdocumentcontainer>0</hasdocumentcontainer><hasdocumentset>0</hasdocumentset><comments></comments></procdata><entitylist></entitylist><variableslist><variable><varname>AWF_JOBID</varname><vartype>1</vartype><varvalue></varvalue><dynamic>0</dynamic><used_in_skin>0</used_in_skin><entityid>4FEE4E069417475DAC5D2C2E5C95CA49</entityid><entityname>Default Data Grouping</entityname><vardisplayname>JOBID</vardisplayname><variablemembers /></variable><variable><varname>COUNTER</varname><vartype>3</vartype><varvalue>1</varvalue><dynamic>0</dynamic><used_in_skin>0</used_in_skin><entityid>4FEE4E069417475DAC5D2C2E5C95CA49</entityid><entityname>Default Data Grouping</entityname><vardisplayname>Counter</vardisplayname><variablemembers /></variable><variable><varname>DOCUMENT</varname><vartype>32760</vartype><varvalue>&lt;?xml version="1.0" encoding="utf-16"?&gt;
&lt;DocumentVariableValue xmlns:xsd="http://www.w3.org/2001/XMLSchema" xmlns:xsi="http://www.w3.org/2001/XMLSchema-instance"&gt;
  &lt;DocumentType&gt;298D0A0CFE2342A4BB66E240E9E2967D&lt;/DocumentType&gt;
  &lt;DocumentName&gt;Default Document&lt;/DocumentName&gt;
  &lt;InstanceId /&gt;
&lt;/DocumentVariableValue&gt;</varvalue><dynamic>0</dynamic><used_in_skin>0</used_in_skin><entityid>4FEE4E069417475DAC5D2C2E5C95CA49</entityid><entityname>Default Data Grouping</entityname><vardisplayname>Document</vardisplayname><variablemembers /></variable><variable><varname>FOUND</varname><vartype>11</vartype><varvalue>0</varvalue><dynamic>0</dynamic><used_in_skin>0</used_in_skin><entityid>4FEE4E069417475DAC5D2C2E5C95CA49</entityid><entityname>Default Data Grouping</entityname><vardisplayname>Found</vardisplayname><variablemembers /></variable><variable><varname>INPUTFOLDER</varname><vartype>32759</vartype><varvalue>&lt;?xml version="1.0" encoding="utf-16"?&gt;
&lt;FolderVariableValue xmlns:xsd="http://www.w3.org/2001/XMLSchema" xmlns:xsi="http://www.w3.org/2001/XMLSchema-instance"&gt;
  &lt;FolderType&gt;0BA56967F1FC42EC89758D4674149019&lt;/FolderType&gt;
  &lt;FolderName&gt;Default Folder&lt;/FolderName&gt;
  &lt;InstanceId /&gt;
&lt;/FolderVariableValue&gt;</varvalue><dynamic>0</dynamic><used_in_skin>0</used_in_skin><entityid>4FEE4E069417475DAC5D2C2E5C95CA49</entityid><entityname>Default Data Grouping</entityname><vardisplayname>InputFolder</vardisplayname><variablemembers /></variable><variable><varname>LOADCOUNTER</varname><vartype>3</vartype><varvalue>0</varvalue><dynamic>0</dynamic><used_in_skin>0</used_in_skin><entityid>4FEE4E069417475DAC5D2C2E5C95CA49</entityid><entityname>Default Data Grouping</entityname><vardisplayname>LoadCounter</vardisplayname><variablemembers /></variable><variable><varname>MAXCOUNTER</varname><vartype>3</vartype><varvalue>0</varvalue><dynamic>0</dynamic><used_in_skin>0</used_in_skin><entityid>4FEE4E069417475DAC5D2C2E5C95CA49</entityid><entityname>Default Data Grouping</entityname><vardisplayname>MaxCounter</vardisplayname><variablemembers /></variable></variableslist><roleslist /><processeventlist /><nodelist><node><nodetype>1</nodetype><nodedata><processid>A546CF02F73015A783797F397BFAA54B</processid><version>6.000000</version><nodeid>1</nodeid><isstartnode>1</isstartnode><nodetype>1</nodetype><designtimetype>32</designtimetype><activationprobability>100</activationprobability><embeddedname></embeddedname><state /><statescope>0</statescope><activitymilestone></activitymilestone><activitymilestonescope>0</activitymilestonescope><activitypendmilestone></activitypendmilestone><activitypendmilestonescope>0</activitypendmilestonescope><activitydonemilestone></activitydonemilestone><activitydonemilestonescope>0</activitydonemilestonescope><nodependevent /><nodependeventscope>0</nodependeventscope><nodedoneevent /><nodedoneeventscope>0</nodedoneeventscope><titleposno>5</titleposno><embeddedproccount>0</embeddedproccount><iscustomnode>0</iscustomnode><designtimesettings>&lt;designtimesettings&gt;&lt;xposition&gt;205&lt;/xposition&gt;&lt;yposition&gt;464.25&lt;/yposition&gt;&lt;width&gt;90&lt;/width&gt;&lt;height&gt;60&lt;/height&gt;&lt;inheritcolorfromsystem&gt;True&lt;/inheritcolorfromsystem&gt;&lt;colour&gt;#FFE3EDF3&lt;/colour&gt;&lt;textposition&gt;Top&lt;/textposition&gt;&lt;conditionpathdescription /&gt;&lt;lane&gt;&lt;name /&gt;&lt;index&gt;0&lt;/index&gt;&lt;poolid /&gt;&lt;height&gt;0&lt;/height&gt;&lt;/lane&gt;&lt;annotations /&gt;&lt;attachments /&gt;&lt;resourcenotes /&gt;&lt;/designtimesettings&gt;</designtimesettings><attachments></attachments><annotations></annotations><dependants /><destinationnodes><destinationnode><nodeid>7</nodeid><nodetype>1</nodetype></destinationnode></destinationnodes><originnodes><originnode><nodeid>4</nodeid><nodetype>1</nodetype></originnode></originnodes><branchingrules /><runtimesettings>0</runtimesettings></nodedata><activitydata><inputvariables><inputvariable><varid>SPP_SYSTEM_SESSION_ID</varid></inputvariable><inputvariable><varid>INPUTFOLDER_8A3DFE7947444402A4FB47BD0CA2ADD5</varid></inputvariable><inputvariable><varid>COUNTER</varid></inputvariable><inputvariable><varid>DOCUMENT</varid></inputvariable><inputvariable><varid>FOUND</varid></inputvariable></inputvariables><outputvariables /><requiredresources /><usableresources /><dynamicresourcesdata><overwriteusableresources>0</overwriteusableresources><dynamicresourcesvariables /></dynamicresourcesdata><targettime>0</targettime><delaytime>0</delaytime><pendingdelayduration>0</pendingdelayduration><expectedcost>0.000000</expectedcost><securitylevel>10</securitylevel><skilllevel>10</skilllevel><useprevioususer>0</useprevioususer><tasktype>7</tasktype><priority>1</priority><automatic>1</automatic><trackstorejvh>0</trackstorejvh><usesameasprevious>0</usesameasprevious><taskid>0</taskid><usesameasprevioustype>0</usesameasprevioustype><fixedcost>0.000000</fixedcost><taskname>Doc Loop</taskname><resourceid /><createdby>C13E87D165A945399B1E6A40F637B5C1</createdby><purpose></purpose><description></description><script></script><processid /><creationdate>2025-05-12T20:33:18.15921</creationdate><transactionalinfo /><createnewjobinfo><cnjprocessid></cnjprocessid><initparams></initparams><outputs></outputs><varid></varid><jobtype>0</jobtype><reftype>0</reftype></createnewjobinfo><scriptprogid></scriptprogid><preloadscript>1</preloadscript><assocfile></assocfile><designinfo></designinfo><sleepinfo>0</sleepinfo><jobowneridinfo></jobowneridinfo><jobownervaridinfo></jobownervaridinfo><negativelagtime>0</negativelagtime><dynduedate>0</dynduedate><dynduedatevar /><dyntargetdurationvar /><sendemail>0</sendemail><emailto>0</emailto><subjecttext></subjecttext><subjectvar></subjectvar><contenttext></contenttext><contentvar></contentvar><urltext></urltext><urlvar></urlvar><appendassocfile>0</appendassocfile><dotnet><dotnetactivity><assemblyid>TotalAgility.Sdk.dll</assemblyid><assemblyloadtype>0</assemblyloadtype><assemblyname>TotalAgility.Sdk.dll</assemblyname><classname>TotalAgility.Sdk.ServerService</classname><methodname>ExecuteLoop</methodname><duplicatemethodno>1</duplicatemethodno><noofparams>0</noofparams><paramsmappingxmltag>&lt;parameters&gt;&lt;param direction="in" source="SPP_SYSTEM_SESSION_ID" field="SPP_SYSTEM_SESSION_ID" datatype="System.String" value="SPP_SYSTEM_SESSION_ID" name="sessionId" selection="false" documentfiletype="-1" documentmappingtype="0" /&gt;&lt;param direction="in" source="INPUTFOLDER_8A3DFE7947444402A4FB47BD0CA2ADD5" field="INPUTFOLDER_8A3DFE7947444402A4FB47BD0CA2ADD5" datatype="System.Object" value="INPUTFOLDER_8A3DFE7947444402A4FB47BD0CA2ADD5" name="complexVariableValue" selection="false" documentfiletype="-1" documentmappingtype="0" /&gt;&lt;param direction="in" source="inline" field="" datatype="System.Int32" value="1" name="numberOfColumns" selection="false" documentfiletype="-1" documentmappingtype="0" /&gt;&lt;param direction="in" source="COUNTER" field="COUNTER" datatype="System.Int32" value="COUNTER" name="startIndex" selection="false" documentfiletype="-1" documentmappingtype="0" /&gt;&lt;param direction="in" source="" field="" datatype="Agility.Sdk.Model.Variables.ComplexVarColumnMapping[]" value="" name="varMembers" selection="false" documentfiletype="-1" documentmappingtype="0"&gt;&lt;member name="" source="" type="Agility.Sdk.Model.Variables.ComplexVarColumnMapping" value="" field="" selection="false" index="0" documentfiletype="-1" documentmappingtype="0"&gt;&lt;member name="ColumnIndex" source="inline" type="System.Int32" value="0" field="" selection="false" index="0" documentfiletype="-1" documentmappingtype="0" /&gt;&lt;member name="Value" source="DOCUMENT" type="System.Object" value="DOCUMENT" field="DOCUMENT" selection="false" index="0" documentfiletype="-1" documentmappingtype="0" /&gt;&lt;/member&gt;&lt;/param&gt;&lt;param direction="ret" source="" field="" datatype="Agility.Sdk.Model.Server.LoopOutput" value="" name="Return Parameter" selection="false" documentfiletype="-1" documentmappingtype="0"&gt;&lt;member name="UpdatedIndex" source="COUNTER" type="System.Int32" value="COUNTER" field="COUNTER" selection="false" index="0" documentfiletype="-1" documentmappingtype="0" /&gt;&lt;member name="RowFound" source="FOUND" type="System.Boolean" value="FOUND" field="FOUND" selection="false" index="0" documentfiletype="-1" documentmappingtype="0" /&gt;&lt;member name="VariableMappings" source="" type="Agility.Sdk.Model.Variables.ComplexVarColumnMapping[]" value="" field="" selection="false" index="0" documentfiletype="-1" documentmappingtype="0"&gt;&lt;member name="" source="" type="Agility.Sdk.Model.Variables.ComplexVarColumnMapping" value="" field="" selection="false" index="0" documentfiletype="-1" documentmappingtype="0"&gt;&lt;member name="Value" source="DOCUMENT" type="System.Object" value="DOCUMENT" field="DOCUMENT" selection="false" index="0" documentfiletype="-1" documentmappingtype="0" /&gt;&lt;/member&gt;&lt;/member&gt;&lt;/param&gt;&lt;/parameters&gt;</paramsmappingxmltag></dotnetactivity></dotnet><webservice /><activityinfo><useadvworkflowrules>0</useadvworkflowrules><seqactivityassignment>0</seqactivityassignment><concuractivityaccess>0</concuractivityaccess><noofusableresourcesreq>0</noofusableresourcesreq><exitcondition></exitcondition><expandgroups>0</expandgroups><noofusableresourcesreqvarid /></activityinfo><categoryid>A08C5B14E0A64A3DB33CE9AB312D2D18</categoryid><poolid>0</poolid><activityruntimesettings>0</activityruntimesettings><activityragamberthreshold>0</activityragamberthreshold><activityragredthreshold>0</activityragredthreshold><activityragblackthreshold>0</activityragblackthreshold><activityragpurplethreshold>0</activityragpurplethreshold><form /><xmldata /><dataaccess /><getresourceinfo /><jobvariableinfo /><baminfo /><bpescalations /><preconditionslist /><preconditiontext></preconditiontext><startmethod></startmethod><classnamespace></classnamespace><resetlimit>-1</resetlimit><activitytimedoutaction>0</activitytimedoutaction><suspendreasontext></suspendreasontext><suspendreasonvarid></suspendreasonvarid></activitydata></node><node><nodetype>2</nodetype><nodedata><processid>A546CF02F73015A783797F397BFAA54B</processid><version>6.000000</version><nodeid>2</nodeid><isstartnode>0</isstartnode><nodetype>2</nodetype><designtimetype>0</designtimetype><activationprobability>100</activationprobability><embeddedname></embeddedname><state /><statescope>0</statescope><activitymilestone /><activitymilestonescope>0</activitymilestonescope><activitypendmilestone></activitypendmilestone><activitypendmilestonescope>0</activitypendmilestonescope><activitydonemilestone></activitydonemilestone><activitydonemilestonescope>0</activitydonemilestonescope><nodependevent /><nodependeventscope>0</nodependeventscope><nodedoneevent /><nodedoneeventscope>0</nodedoneeventscope><titleposno>5</titleposno><embeddedproccount>0</embeddedproccount><iscustomnode>0</iscustomnode><designtimesettings>&lt;designtimesettings&gt;&lt;xposition&gt;360&lt;/xposition&gt;&lt;yposition&gt;396.25&lt;/yposition&gt;&lt;width&gt;60&lt;/width&gt;&lt;height&gt;60&lt;/height&gt;&lt;inheritcolorfromsystem&gt;True&lt;/inheritcolorfromsystem&gt;&lt;colour&gt;#FFD5DC43&lt;/colour&gt;&lt;textposition&gt;Top&lt;/textposition&gt;&lt;conditionpathdescription /&gt;&lt;lane&gt;&lt;name /&gt;&lt;index&gt;0&lt;/index&gt;&lt;poolid /&gt;&lt;height&gt;0&lt;/height&gt;&lt;/lane&gt;&lt;annotations /&gt;&lt;attachments /&gt;&lt;/designtimesettings&gt;</designtimesettings><attachments></attachments><annotations></annotations><dependants /><destinationnodes><destinationnode><nodeid>3</nodeid><nodetype>1</nodetype></destinationnode><destinationnode><nodeid>5</nodeid><nodetype>6</nodetype></destinationnode></destinationnodes><originnodes><originnode><nodeid>7</nodeid><nodetype>2</nodetype></originnode></originnodes><branchingrules /><runtimesettings>0</runtimesettings></nodedata><decisiondata><decisionname>Doc?</decisionname><description></description><decisiontext>&lt;Rule xmlns:xsd="http://www.w3.org/2001/XMLSchema" xmlns:xsi="http://www.w3.org/2001/XMLSchema-instance"&gt;&lt;RuleInputs&gt;&lt;RuleInput&gt;&lt;Id&gt;FOUND&lt;/Id&gt;&lt;Scope&gt;None&lt;/Scope&gt;&lt;VariableType&gt;Bool&lt;/VariableType&gt;&lt;/RuleInput&gt;&lt;/RuleInputs&gt;&lt;Script&gt;¬FOUND¬&lt;/Script&gt;&lt;RuleType&gt;Decision&lt;/RuleType&gt;&lt;/Rule&gt;</decisiontext><trueid>3</trueid><trackstorejvh>0</trackstorejvh><casesensetive>1</casesensetive><inputvariables><inputvariable><varid>FOUND</varid></inputvariable></inputvariables></decisiondata></node><node><nodetype>1</nodetype><nodedata><processid>A546CF02F73015A783797F397BFAA54B</processid><version>6.000000</version><nodeid>3</nodeid><isstartnode>0</isstartnode><nodetype>1</nodetype><designtimetype>33</designtimetype><activationprobability>100</activationprobability><embeddedname></embeddedname><state /><statescope>0</statescope><activitymilestone></activitymilestone><activitymilestonescope>0</activitymilestonescope><activitypendmilestone></activitypendmilestone><activitypendmilestonescope>0</activitypendmilestonescope><activitydonemilestone></activitydonemilestone><activitydonemilestonescope>0</activitydonemilestonescope><nodependevent /><nodependeventscope>0</nodependeventscope><nodedoneevent /><nodedoneeventscope>0</nodedoneeventscope><titleposno>5</titleposno><embeddedproccount>0</embeddedproccount><iscustomnode>0</iscustomnode><designtimesettings>&lt;designtimesettings&gt;&lt;xposition&gt;515&lt;/xposition&gt;&lt;yposition&gt;341.25&lt;/yposition&gt;&lt;width&gt;90&lt;/width&gt;&lt;height&gt;60&lt;/height&gt;&lt;inheritcolorfromsystem&gt;True&lt;/inheritcolorfromsystem&gt;&lt;colour&gt;#FFE3EDF3&lt;/colour&gt;&lt;textposition&gt;Top&lt;/textposition&gt;&lt;conditionpathdescription /&gt;&lt;lane&gt;&lt;name /&gt;&lt;index&gt;0&lt;/index&gt;&lt;poolid /&gt;&lt;height&gt;0&lt;/height&gt;&lt;/lane&gt;&lt;annotations /&gt;&lt;attachments /&gt;&lt;resourcenotes /&gt;&lt;/designtimesettings&gt;</designtimesettings><attachments></attachments><annotations></annotations><dependants /><destinationnodes><destinationnode><nodeid>4</nodeid><nodetype>2</nodetype></destinationnode></destinationnodes><originnodes><originnode><nodeid>2</nodeid><nodetype>1</nodetype></originnode><originnode><nodeid>6</nodeid><nodetype>1</nodetype></originnode></originnodes><branchingrules /><runtimesettings>0</runtimesettings></nodedata><activitydata><inputvariables><inputvariable><varid>SPP_SYSTEM_SESSION_ID</varid></inputvariable><inputvariable><varid>LOADCOUNTER</varid></inputvariable></inputvariables><outputvariables /><requiredresources /><usableresources /><dynamicresourcesdata><overwriteusableresources>0</overwriteusableresources><dynamicresourcesvariables /></dynamicresourcesdata><targettime>0</targettime><delaytime>0</delaytime><pendingdelayduration>0</pendingdelayduration><expectedcost>0.000000</expectedcost><securitylevel>10</securitylevel><skilllevel>10</skilllevel><useprevioususer>0</useprevioususer><tasktype>7</tasktype><priority>1</priority><automatic>1</automatic><trackstorejvh>0</trackstorejvh><usesameasprevious>0</usesameasprevious><taskid>0</taskid><usesameasprevioustype>0</usesameasprevioustype><fixedcost>0.000000</fixedcost><taskname>LoadCounter+1</taskname><resourceid /><createdby>C13E87D165A945399B1E6A40F637B5C1</createdby><purpose></purpose><description></description><script></script><processid /><creationdate>2025-05-12T20:33:18.16027</creationdate><transactionalinfo /><createnewjobinfo><cnjprocessid></cnjprocessid><initparams></initparams><outputs></outputs><varid></varid><jobtype>0</jobtype><reftype>0</reftype></createnewjobinfo><scriptprogid></scriptprogid><preloadscript>1</preloadscript><assocfile></assocfile><designinfo></designinfo><sleepinfo>0</sleepinfo><jobowneridinfo></jobowneridinfo><jobownervaridinfo></jobownervaridinfo><negativelagtime>0</negativelagtime><dynduedate>0</dynduedate><dynduedatevar /><dyntargetdurationvar /><sendemail>0</sendemail><emailto>0</emailto><subjecttext></subjecttext><subjectvar></subjectvar><contenttext></contenttext><contentvar></contentvar><urltext></urltext><urlvar></urlvar><appendassocfile>0</appendassocfile><dotnet><dotnetactivity><assemblyid>TotalAgility.Sdk.dll</assemblyid><assemblyloadtype>0</assemblyloadtype><assemblyname>TotalAgility.Sdk.dll</assemblyname><classname>TotalAgility.Sdk.ServerService</classname><methodname>ExecuteCalculationNode</methodname><duplicatemethodno>1</duplicatemethodno><noofparams>0</noofparams><paramsmappingxmltag>&lt;parameters&gt;&lt;param direction="in" source="SPP_SYSTEM_SESSION_ID" field="SPP_SYSTEM_SESSION_ID" datatype="System.String" value="SPP_SYSTEM_SESSION_ID" name="sessionId" selection="false" documentmappingtype="0" documentfiletype="-1" /&gt;&lt;param direction="in" source="" field="" datatype="Agility.Sdk.Model.Calculations.CalculationNode" value="" name="CalculationNode" selection="false" documentmappingtype="0" documentfiletype="-1"&gt;&lt;member name="ProcessActivityIdentity" source="" type="Agility.Sdk.Model.Activities.ProcessActivityIdentity" value="" field="" selection="false" index="0" documentmappingtype="0" documentfiletype="-1"&gt;&lt;member name="ProcessIdentity" source="" type="Agility.Sdk.Model.Processes.ProcessIdentity" value="" field="" selection="false" index="0" documentmappingtype="0" documentfiletype="-1"&gt;&lt;member name="Id" source="inline" type="System.String" value="A546CF02F73015A783797F397BFAA54B" field="" selection="false" index="0" documentmappingtype="0" documentfiletype="-1" /&gt;&lt;member name="Name" source="inline" type="System.String" value="RAI-DocumentLoadTesting" field="" selection="false" index="0" documentmappingtype="0" documentfiletype="-1" /&gt;&lt;member name="Version" source="inline" type="System.Double" value="6" field="" selection="false" index="0" documentmappingtype="0" documentfiletype="-1" /&gt;&lt;/member&gt;&lt;member name="NodeId" source="inline" type="System.Int16" value="3" field="" selection="false" index="0" documentmappingtype="0" documentfiletype="-1" /&gt;&lt;member name="ActivityName" source="inline" type="System.String" value="Activity 3" field="" selection="false" index="0" documentmappingtype="0" documentfiletype="-1" /&gt;&lt;/member&gt;&lt;member name="InputVariables" source="" type="Agility.Sdk.Model.Variables.InputVariable[]" value="" field="" selection="false" index="0" documentmappingtype="0" documentfiletype="-1"&gt;&lt;member name="" source="" type="Agility.Sdk.Model.Variables.InputVariable" value="" field="" selection="false" index="0" documentmappingtype="0" documentfiletype="-1"&gt;&lt;member name="Id" source="inline" type="System.String" value="SPP_SYSTEM_SESSION_ID" field="" selection="false" index="0" documentmappingtype="0" documentfiletype="-1" /&gt;&lt;member name="Value" source="SPP_SYSTEM_SESSION_ID" type="System.Object" value="SPP_SYSTEM_SESSION_ID" field="SPP_SYSTEM_SESSION_ID" selection="false" index="0" documentmappingtype="0" documentfiletype="-1" /&gt;&lt;/member&gt;&lt;member name="" source="" type="Agility.Sdk.Model.Variables.InputVariable" value="" field="" selection="false" index="0" documentmappingtype="0" documentfiletype="-1"&gt;&lt;member name="Id" source="inline" type="System.String" value="LOADCOUNTER" field="" selection="false" index="0" documentmappingtype="0" documentfiletype="-1" /&gt;&lt;member name="Value" source="LOADCOUNTER" type="System.Object" value="LOADCOUNTER" field="LOADCOUNTER" selection="false" index="0" documentmappingtype="0" documentfiletype="-1" /&gt;&lt;/member&gt;&lt;/member&gt;&lt;member name="CalculationScriptCollection" source="" type="Agility.Sdk.Model.Calculations.CalculationScript[]" value="" field="" selection="false" index="0" documentmappingtype="0" documentfiletype="-1"&gt;&lt;member name="" source="" type="Agility.Sdk.Model.Calculations.CalculationScript" value="" field="" selection="false" index="0" documentmappingtype="0" documentfiletype="-1"&gt;&lt;member name="Script" source="inline" type="System.String" value="&amp;lt;?xml version=&amp;quot;1.0&amp;quot; encoding=&amp;quot;utf-16&amp;quot;?&amp;gt;&amp;lt;Rule xmlns:xsd=&amp;quot;http://www.w3.org/2001/XMLSchema&amp;quot; xmlns:xsi=&amp;quot;http://www.w3.org/2001/XMLSchema-instance&amp;quot;&amp;gt;&amp;lt;RuleInputs&amp;gt;&amp;lt;RuleInput&amp;gt;&amp;lt;Id&amp;gt;LOADCOUNTER&amp;lt;/Id&amp;gt;&amp;lt;Scope&amp;gt;None&amp;lt;/Scope&amp;gt;&amp;lt;VariableType&amp;gt;Long&amp;lt;/VariableType&amp;gt;&amp;lt;/RuleInput&amp;gt;&amp;lt;/RuleInputs&amp;gt;&amp;lt;Script&amp;gt;¬LOADCOUNTER¬+1&amp;lt;/Script&amp;gt;&amp;lt;RuleType&amp;gt;Expression&amp;lt;/RuleType&amp;gt;&amp;lt;/Rule&amp;gt;" field="" selection="false" index="0" documentmappingtype="0" documentfiletype="-1" /&gt;&lt;member name="Description" source="inline" type="System.String" value="" field="" selection="false" index="0" documentmappingtype="0" documentfiletype="-1" /&gt;&lt;member name="TargetVariable" source="" type="Agility.Sdk.Model.Variables.OutputVariable" value="" field="" selection="false" index="0" documentmappingtype="0" documentfiletype="-1"&gt;&lt;member name="Id" source="inline" type="System.String" value="LOADCOUNTER" field="" selection="false" index="0" documentmappingtype="0" documentfiletype="-1" /&gt;&lt;member name="Value" source="LOADCOUNTER" type="System.Object" value="LOADCOUNTER" field="LOADCOUNTER" selection="false" index="0" documentmappingtype="0" documentfiletype="-1" /&gt;&lt;/member&gt;&lt;member name="UseBusinessCalendar" source="inline" type="System.Boolean" value="False" field="" selection="false" index="0" documentmappingtype="0" documentfiletype="-1" /&gt;&lt;/member&gt;&lt;/member&gt;&lt;/param&gt;&lt;param direction="ret" source="" field="" datatype="Agility.Sdk.Model.Variables.OutputVariable[]" value="" name="Return Parameter" selection="false" documentmappingtype="0" documentfiletype="-1"&gt;&lt;member name="" source="" type="Agility.Sdk.Model.Variables.OutputVariable" value="" field="" selection="false" index="0" documentmappingtype="0" documentfiletype="-1"&gt;&lt;member name="Id" source="inline" type="System.String" value="LOADCOUNTER" field="" selection="false" index="0" documentmappingtype="0" documentfiletype="-1" /&gt;&lt;member name="Value" source="LOADCOUNTER" type="System.Object" value="LOADCOUNTER" field="LOADCOUNTER" selection="false" index="0" documentmappingtype="0" documentfiletype="-1" /&gt;&lt;/member&gt;&lt;/param&gt;&lt;/parameters&gt;</paramsmappingxmltag></dotnetactivity></dotnet><webservice /><activityinfo><useadvworkflowrules>0</useadvworkflowrules><seqactivityassignment>0</seqactivityassignment><concuractivityaccess>0</concuractivityaccess><noofusableresourcesreq>0</noofusableresourcesreq><exitcondition></exitcondition><expandgroups>0</expandgroups><noofusableresourcesreqvarid /></activityinfo><categoryid>A08C5B14E0A64A3DB33CE9AB312D2D18</categoryid><poolid>0</poolid><activityruntimesettings>0</activityruntimesettings><activityragamberthreshold>0</activityragamberthreshold><activityragredthreshold>0</activityragredthreshold><activityragblackthreshold>0</activityragblackthreshold><activityragpurplethreshold>0</activityragpurplethreshold><form /><xmldata /><dataaccess /><getresourceinfo /><jobvariableinfo /><baminfo /><bpescalations /><preconditionslist /><preconditiontext></preconditiontext><startmethod></startmethod><classnamespace></classnamespace><resetlimit>-1</resetlimit><activitytimedoutaction>0</activitytimedoutaction><suspendreasontext></suspendreasontext><suspendreasonvarid></suspendreasonvarid></activitydata></node><node><nodetype>2</nodetype><nodedata><processid>A546CF02F73015A783797F397BFAA54B</processid><version>6.000000</version><nodeid>4</nodeid><isstartnode>0</isstartnode><nodetype>2</nodetype><designtimetype>0</designtimetype><activationprobability>100</activationprobability><embeddedname></embeddedname><state /><statescope>0</statescope><activitymilestone /><activitymilestonescope>0</activitymilestonescope><activitypendmilestone></activitypendmilestone><activitypendmilestonescope>0</activitypendmilestonescope><activitydonemilestone></activitydonemilestone><activitydonemilestonescope>0</activitydonemilestonescope><nodependevent /><nodependeventscope>0</nodependeventscope><nodedoneevent /><nodedoneeventscope>0</nodedoneeventscope><titleposno>5</titleposno><embeddedproccount>0</embeddedproccount><iscustomnode>0</iscustomnode><designtimesettings>&lt;designtimesettings&gt;&lt;xposition&gt;670&lt;/xposition&gt;&lt;yposition&gt;300.75&lt;/yposition&gt;&lt;width&gt;60&lt;/width&gt;&lt;height&gt;60&lt;/height&gt;&lt;inheritcolorfromsystem&gt;True&lt;/inheritcolorfromsystem&gt;&lt;colour&gt;#FFD5DC43&lt;/colour&gt;&lt;textposition&gt;Top&lt;/textposition&gt;&lt;conditionpathdescription /&gt;&lt;lane&gt;&lt;name /&gt;&lt;index&gt;0&lt;/index&gt;&lt;poolid /&gt;&lt;height&gt;0&lt;/height&gt;&lt;/lane&gt;&lt;annotations /&gt;&lt;attachments /&gt;&lt;/designtimesettings&gt;</designtimesettings><attachments></attachments><annotations></annotations><dependants /><destinationnodes><destinationnode><nodeid>1</nodeid><nodetype>1</nodetype></destinationnode><destinationnode><nodeid>6</nodeid><nodetype>1</nodetype></destinationnode></destinationnodes><originnodes><originnode><nodeid>3</nodeid><nodetype>2</nodetype></originnode></originnodes><branchingrules /><runtimesettings>0</runtimesettings></nodedata><decisiondata><decisionname>Check Counter</decisionname><description></description><decisiontext>&lt;Rule xmlns:xsd="http://www.w3.org/2001/XMLSchema" xmlns:xsi="http://www.w3.org/2001/XMLSchema-instance"&gt;&lt;RuleInputs&gt;&lt;RuleInput&gt;&lt;Id&gt;LOADCOUNTER&lt;/Id&gt;&lt;Scope&gt;None&lt;/Scope&gt;&lt;VariableType&gt;Long&lt;/VariableType&gt;&lt;/RuleInput&gt;&lt;/RuleInputs&gt;&lt;Script&gt;¬LOADCOUNTER¬ &amp;gt;1000&lt;/Script&gt;&lt;RuleType&gt;Decision&lt;/RuleType&gt;&lt;/Rule&gt;</decisiontext><trueid>1</trueid><trackstorejvh>0</trackstorejvh><casesensetive>1</casesensetive><inputvariables><inputvariable><varid>LOADCOUNTER</varid></inputvariable></inputvariables></decisiondata></node><node><nodetype>6</nodetype><nodedata><processid>A546CF02F73015A783797F397BFAA54B</processid><version>6.000000</version><nodeid>5</nodeid><isstartnode>0</isstartnode><nodetype>6</nodetype><designtimetype>0</designtimetype><activationprobability>100</activationprobability><embeddedname></embeddedname><state /><statescope>0</statescope><activitymilestone /><activitymilestonescope>0</activitymilestonescope><activitypendmilestone></activitypendmilestone><activitypendmilestonescope>0</activitypendmilestonescope><activitydonemilestone></activitydonemilestone><activitydonemilestonescope>0</activitydonemilestonescope><nodependevent /><nodependeventscope>0</nodependeventscope><nodedoneevent /><nodedoneeventscope>0</nodedoneeventscope><titleposno>5</titleposno><embeddedproccount>0</embeddedproccount><iscustomnode>0</iscustomnode><designtimesettings>&lt;designtimesettings&gt;&lt;xposition&gt;515&lt;/xposition&gt;&lt;yposition&gt;466.25&lt;/yposition&gt;&lt;width&gt;30&lt;/width&gt;&lt;height&gt;30&lt;/height&gt;&lt;inheritcolorfromsystem&gt;True&lt;/inheritcolorfromsystem&gt;&lt;colour&gt;#FF9B0000&lt;/colour&gt;&lt;eventtype&gt;Default&lt;/eventtype&gt;&lt;name&gt;End&lt;/name&gt;&lt;textposition&gt;Top&lt;/textposition&gt;&lt;conditionpathdescription /&gt;&lt;lane&gt;&lt;name /&gt;&lt;index&gt;0&lt;/index&gt;&lt;poolid /&gt;&lt;height&gt;0&lt;/height&gt;&lt;/lane&gt;&lt;annotations /&gt;&lt;attachments /&gt;&lt;/designtimesettings&gt;</designtimesettings><attachments></attachments><annotations></annotations><dependants /><destinationnodes /><originnodes><originnode><nodeid>2</nodeid><nodetype>6</nodetype></originnode></originnodes><branchingrules /><runtimesettings>0</runtimesettings></nodedata></node><node><nodetype>1</nodetype><nodedata><processid>A546CF02F73015A783797F397BFAA54B</processid><version>6.000000</version><nodeid>6</nodeid><isstartnode>0</isstartnode><nodetype>1</nodetype><designtimetype>15</designtimetype><activationprobability>100</activationprobability><embeddedname></embeddedname><state /><statescope>0</statescope><activitymilestone></activitymilestone><activitymilestonescope>0</activitymilestonescope><activitypendmilestone></activitypendmilestone><activitypendmilestonescope>0</activitypendmilestonescope><activitydonemilestone></activitydonemilestone><activitydonemilestonescope>0</activitydonemilestonescope><nodependevent /><nodependeventscope>0</nodependeventscope><nodedoneevent /><nodedoneeventscope>0</nodedoneeventscope><titleposno>5</titleposno><embeddedproccount>0</embeddedproccount><iscustomnode>0</iscustomnode><designtimesettings>&lt;designtimesettings&gt;&lt;xposition&gt;825&lt;/xposition&gt;&lt;yposition&gt;356&lt;/yposition&gt;&lt;width&gt;90&lt;/width&gt;&lt;height&gt;60&lt;/height&gt;&lt;inheritcolorfromsystem&gt;True&lt;/inheritcolorfromsystem&gt;&lt;colour&gt;#FFE3EDF3&lt;/colour&gt;&lt;textposition&gt;Top&lt;/textposition&gt;&lt;conditionpathdescription /&gt;&lt;lane&gt;&lt;name /&gt;&lt;index&gt;0&lt;/index&gt;&lt;poolid /&gt;&lt;height&gt;0&lt;/height&gt;&lt;/lane&gt;&lt;annotations /&gt;&lt;attachments /&gt;&lt;resourcenotes /&gt;&lt;/designtimesettings&gt;</designtimesettings><attachments></attachments><annotations></annotations><dependants /><destinationnodes><destinationnode><nodeid>3</nodeid><nodetype>1</nodetype></destinationnode></destinationnodes><originnodes><originnode><nodeid>4</nodeid><nodetype>1</nodetype></originnode></originnodes><branchingrules /><runtimesettings>0</runtimesettings></nodedata><activitydata><inputvariables /><outputvariables /><requiredresources /><usableresources /><dynamicresourcesdata><overwriteusableresources>0</overwriteusableresources><dynamicresourcesvariables /></dynamicresourcesdata><targettime>0</targettime><delaytime>0</delaytime><pendingdelayduration>0</pendingdelayduration><expectedcost>0.000000</expectedcost><securitylevel>10</securitylevel><skilllevel>10</skilllevel><useprevioususer>0</useprevioususer><tasktype>5</tasktype><priority>1</priority><automatic>1</automatic><trackstorejvh>0</trackstorejvh><usesameasprevious>0</usesameasprevious><taskid>0</taskid><usesameasprevioustype>0</usesameasprevioustype><fixedcost>0.000000</fixedcost><taskname>CNJ DLL</taskname><resourceid /><createdby>C13E87D165A945399B1E6A40F637B5C1</createdby><purpose></purpose><description></description><script></script><processid /><creationdate>2025-05-12T20:33:18.16134</creationdate><transactionalinfo /><createnewjobinfo><cnjprocessid>5240C4CAD91D4AED94BA1F6CB59C152E</cnjprocessid><initparams><initparam><initvarid>DOCUMENT</initvarid><initvartype>32760</initvartype><initvarvalue></initvarvalue><initdefaultvarid>DOCUMENT</initdefaultvarid></initparam><initparam><initvarid>REQUESTJOBID</initvarid><initvartype>8</initvartype><initvarvalue></initvarvalue><initdefaultvarid>AWF_JOBID</initdefaultvarid></initparam></initparams><outputs /><varid></varid><jobtype>0</jobtype><reftype>0</reftype></createnewjobinfo><scriptprogid></scriptprogid><preloadscript>1</preloadscript><assocfile></assocfile><designinfo></designinfo><sleepinfo>0</sleepinfo><jobowneridinfo></jobowneridinfo><jobownervaridinfo></jobownervaridinfo><negativelagtime>0</negativelagtime><dynduedate>0</dynduedate><dynduedatevar /><dyntargetdurationvar /><sendemail>0</sendemail><emailto>0</emailto><subjecttext></subjecttext><subjectvar></subjectvar><contenttext></contenttext><contentvar></contentvar><urltext></urltext><urlvar></urlvar><appendassocfile>0</appendassocfile><dotnet /><webservice /><activityinfo><useadvworkflowrules>0</useadvworkflowrules><seqactivityassignment>0</seqactivityassignment><concuractivityaccess>0</concuractivityaccess><noofusableresourcesreq>0</noofusableresourcesreq><exitcondition></exitcondition><expandgroups>0</expandgroups><noofusableresourcesreqvarid /></activityinfo><categoryid>A08C5B14E0A64A3DB33CE9AB312D2D18</categoryid><poolid>0</poolid><activityruntimesettings>0</activityruntimesettings><activityragamberthreshold>0</activityragamberthreshold><activityragredthreshold>0</activityragredthreshold><activityragblackthreshold>0</activityragblackthreshold><activityragpurplethreshold>0</activityragpurplethreshold><form /><xmldata /><dataaccess /><getresourceinfo /><jobvariableinfo /><baminfo /><bpescalations /><preconditionslist /><preconditiontext></preconditiontext><startmethod></startmethod><classnamespace></classnamespace><settingsxml>&lt;?xml version="1.0" encoding="utf-16"?&gt;
&lt;CNJActivitySettings xmlns:xsd="http://www.w3.org/2001/XMLSchema" xmlns:xsi="http://www.w3.org/2001/XMLSchema-instance"&gt;
  &lt;ShowSpecificOutputVariables&gt;true&lt;/ShowSpecificOutputVariables&gt;
&lt;/CNJActivitySettings&gt;</settingsxml><resetlimit>-1</resetlimit><activitytimedoutaction>0</activitytimedoutaction><suspendreasontext></suspendreasontext><suspendreasonvarid></suspendreasonvarid></activitydata></node><node><nodetype>1</nodetype><nodedata><processid>A546CF02F73015A783797F397BFAA54B</processid><version>6.000000</version><nodeid>7</nodeid><isstartnode>0</isstartnode><nodetype>1</nodetype><designtimetype>33</designtimetype><activationprobability>100</activationprobability><embeddedname></embeddedname><state /><statescope>0</statescope><activitymilestone></activitymilestone><activitymilestonescope>0</activitymilestonescope><activitypendmilestone></activitypendmilestone><activitypendmilestonescope>0</activitypendmilestonescope><activitydonemilestone></activitydonemilestone><activitydonemilestonescope>0</activitydonemilestonescope><nodependevent /><nodependeventscope>0</nodependeventscope><nodedoneevent /><nodedoneeventscope>0</nodedoneeventscope><titleposno>5</titleposno><embeddedproccount>0</embeddedproccount><iscustomnode>0</iscustomnode><designtimesettings>&lt;designtimesettings&gt;&lt;xposition&gt;336&lt;/xposition&gt;&lt;yposition&gt;614.25&lt;/yposition&gt;&lt;width&gt;90&lt;/width&gt;&lt;height&gt;60&lt;/height&gt;&lt;inheritcolorfromsystem&gt;True&lt;/inheritcolorfromsystem&gt;&lt;colour&gt;#FFE3EDF3&lt;/colour&gt;&lt;textposition&gt;Top&lt;/textposition&gt;&lt;conditionpathdescription /&gt;&lt;lane&gt;&lt;name /&gt;&lt;index&gt;0&lt;/index&gt;&lt;poolid /&gt;&lt;height&gt;0&lt;/height&gt;&lt;/lane&gt;&lt;annotations /&gt;&lt;attachments /&gt;&lt;resourcenotes /&gt;&lt;/designtimesettings&gt;</designtimesettings><attachments></attachments><annotations></annotations><dependants /><destinationnodes><destinationnode><nodeid>2</nodeid><nodetype>2</nodetype></destinationnode></destinationnodes><originnodes><originnode><nodeid>1</nodeid><nodetype>1</nodetype></originnode></originnodes><branchingrules /><runtimesettings>0</runtimesettings></nodedata><activitydata><inputvariables><inputvariable><varid>SPP_SYSTEM_SESSION_ID</varid></inputvariable><inputvariable><varid>LOADCOUNTER</varid></inputvariable></inputvariables><outputvariables /><requiredresources /><usableresources /><dynamicresourcesdata><overwriteusableresources>0</overwriteusableresources><dynamicresourcesvariables /></dynamicresourcesdata><targettime>0</targettime><delaytime>0</delaytime><pendingdelayduration>0</pendingdelayduration><expectedcost>0.000000</expectedcost><securitylevel>10</securitylevel><skilllevel>10</skilllevel><useprevioususer>0</useprevioususer><tasktype>7</tasktype><priority>1</priority><automatic>1</automatic><trackstorejvh>0</trackstorejvh><usesameasprevious>0</usesameasprevious><taskid>0</taskid><usesameasprevioustype>0</usesameasprevioustype><fixedcost>0.000000</fixedcost><taskname>Reset load counter</taskname><resourceid /><createdby>C13E87D165A945399B1E6A40F637B5C1</createdby><purpose></purpose><description></description><script></script><processid /><creationdate>2025-05-12T20:33:18.16189</creationdate><transactionalinfo /><createnewjobinfo><cnjprocessid></cnjprocessid><initparams></initparams><outputs></outputs><varid></varid><jobtype>0</jobtype><reftype>0</reftype></createnewjobinfo><scriptprogid></scriptprogid><preloadscript>1</preloadscript><assocfile></assocfile><designinfo></designinfo><sleepinfo>0</sleepinfo><jobowneridinfo></jobowneridinfo><jobownervaridinfo></jobownervaridinfo><negativelagtime>0</negativelagtime><dynduedate>0</dynduedate><dynduedatevar /><dyntargetdurationvar /><sendemail>0</sendemail><emailto>0</emailto><subjecttext></subjecttext><subjectvar></subjectvar><contenttext></contenttext><contentvar></contentvar><urltext></urltext><urlvar></urlvar><appendassocfile>0</appendassocfile><dotnet><dotnetactivity><assemblyid>TotalAgility.Sdk.dll</assemblyid><assemblyloadtype>0</assemblyloadtype><assemblyname>TotalAgility.Sdk.dll</assemblyname><classname>TotalAgility.Sdk.ServerService</classname><methodname>ExecuteCalculationNode</methodname><duplicatemethodno>1</duplicatemethodno><noofparams>0</noofparams><paramsmappingxmltag>&lt;parameters&gt;&lt;param direction="in" source="SPP_SYSTEM_SESSION_ID" field="SPP_SYSTEM_SESSION_ID" datatype="System.String" value="SPP_SYSTEM_SESSION_ID" name="sessionId" selection="false" documentmappingtype="0" documentfiletype="-1" /&gt;&lt;param direction="in" source="" field="" datatype="Agility.Sdk.Model.Calculations.CalculationNode" value="" name="CalculationNode" selection="false" documentmappingtype="0" documentfiletype="-1"&gt;&lt;member name="ProcessActivityIdentity" source="" type="Agility.Sdk.Model.Activities.ProcessActivityIdentity" value="" field="" selection="false" index="0" documentmappingtype="0" documentfiletype="-1"&gt;&lt;member name="ProcessIdentity" source="" type="Agility.Sdk.Model.Processes.ProcessIdentity" value="" field="" selection="false" index="0" documentmappingtype="0" documentfiletype="-1"&gt;&lt;member name="Id" source="inline" type="System.String" value="A546CF02F73015A783797F397BFAA54B" field="" selection="false" index="0" documentmappingtype="0" documentfiletype="-1" /&gt;&lt;member name="Name" source="inline" type="System.String" value="RAI-DocumentLoadTesting" field="" selection="false" index="0" documentmappingtype="0" documentfiletype="-1" /&gt;&lt;member name="Version" source="inline" type="System.Double" value="6" field="" selection="false" index="0" documentmappingtype="0" documentfiletype="-1" /&gt;&lt;/member&gt;&lt;member name="NodeId" source="inline" type="System.Int16" value="7" field="" selection="false" index="0" documentmappingtype="0" documentfiletype="-1" /&gt;&lt;member name="ActivityName" source="inline" type="System.String" value="Reset load counter" field="" selection="false" index="0" documentmappingtype="0" documentfiletype="-1" /&gt;&lt;/member&gt;&lt;member name="InputVariables" source="" type="Agility.Sdk.Model.Variables.InputVariable[]" value="" field="" selection="false" index="0" documentmappingtype="0" documentfiletype="-1"&gt;&lt;member name="" source="" type="Agility.Sdk.Model.Variables.InputVariable" value="" field="" selection="false" index="0" documentmappingtype="0" documentfiletype="-1"&gt;&lt;member name="Id" source="inline" type="System.String" value="SPP_SYSTEM_SESSION_ID" field="" selection="false" index="0" documentmappingtype="0" documentfiletype="-1" /&gt;&lt;member name="Value" source="SPP_SYSTEM_SESSION_ID" type="System.Object" value="SPP_SYSTEM_SESSION_ID" field="SPP_SYSTEM_SESSION_ID" selection="false" index="0" documentmappingtype="0" documentfiletype="-1" /&gt;&lt;/member&gt;&lt;member name="" source="" type="Agility.Sdk.Model.Variables.InputVariable" value="" field="" selection="false" index="0" documentmappingtype="0" documentfiletype="-1"&gt;&lt;member name="Id" source="inline" type="System.String" value="LOADCOUNTER" field="" selection="false" index="0" documentmappingtype="0" documentfiletype="-1" /&gt;&lt;member name="Value" source="LOADCOUNTER" type="System.Object" value="LOADCOUNTER" field="LOADCOUNTER" selection="false" index="0" documentmappingtype="0" documentfiletype="-1" /&gt;&lt;/member&gt;&lt;/member&gt;&lt;member name="CalculationScriptCollection" source="" type="Agility.Sdk.Model.Calculations.CalculationScript[]" value="" field="" selection="false" index="0" documentmappingtype="0" documentfiletype="-1"&gt;&lt;member name="" source="" type="Agility.Sdk.Model.Calculations.CalculationScript" value="" field="" selection="false" index="0" documentmappingtype="0" documentfiletype="-1"&gt;&lt;member name="Script" source="inline" type="System.String" value="&amp;lt;?xml version=&amp;quot;1.0&amp;quot; encoding=&amp;quot;utf-16&amp;quot;?&amp;gt;&amp;lt;Rule xmlns:xsd=&amp;quot;http://www.w3.org/2001/XMLSchema&amp;quot; xmlns:xsi=&amp;quot;http://www.w3.org/2001/XMLSchema-instance&amp;quot;&amp;gt;&amp;lt;RuleInputs /&amp;gt;&amp;lt;Script&amp;gt;0&amp;lt;/Script&amp;gt;&amp;lt;RuleType&amp;gt;Expression&amp;lt;/RuleType&amp;gt;&amp;lt;/Rule&amp;gt;" field="" selection="false" index="0" documentmappingtype="0" documentfiletype="-1" /&gt;&lt;member name="Description" source="inline" type="System.String" value="" field="" selection="false" index="0" documentmappingtype="0" documentfiletype="-1" /&gt;&lt;member name="TargetVariable" source="" type="Agility.Sdk.Model.Variables.OutputVariable" value="" field="" selection="false" index="0" documentmappingtype="0" documentfiletype="-1"&gt;&lt;member name="Id" source="inline" type="System.String" value="LOADCOUNTER" field="" selection="false" index="0" documentmappingtype="0" documentfiletype="-1" /&gt;&lt;member name="Value" source="LOADCOUNTER" type="System.Object" value="LOADCOUNTER" field="LOADCOUNTER" selection="false" index="0" documentmappingtype="0" documentfiletype="-1" /&gt;&lt;/member&gt;&lt;member name="UseBusinessCalendar" source="inline" type="System.Boolean" value="False" field="" selection="false" index="0" documentmappingtype="0" documentfiletype="-1" /&gt;&lt;/member&gt;&lt;/member&gt;&lt;/param&gt;&lt;param direction="ret" source="" field="" datatype="Agility.Sdk.Model.Variables.OutputVariable[]" value="" name="Return Parameter" selection="false" documentmappingtype="0" documentfiletype="-1"&gt;&lt;member name="" source="" type="Agility.Sdk.Model.Variables.OutputVariable" value="" field="" selection="false" index="0" documentmappingtype="0" documentfiletype="-1"&gt;&lt;member name="Id" source="inline" type="System.String" value="LOADCOUNTER" field="" selection="false" index="0" documentmappingtype="0" documentfiletype="-1" /&gt;&lt;member name="Value" source="LOADCOUNTER" type="System.Object" value="LOADCOUNTER" field="LOADCOUNTER" selection="false" index="0" documentmappingtype="0" documentfiletype="-1" /&gt;&lt;/member&gt;&lt;/param&gt;&lt;/parameters&gt;</paramsmappingxmltag></dotnetactivity></dotnet><webservice /><activityinfo><useadvworkflowrules>0</useadvworkflowrules><seqactivityassignment>0</seqactivityassignment><concuractivityaccess>0</concuractivityaccess><noofusableresourcesreq>0</noofusableresourcesreq><exitcondition></exitcondition><expandgroups>0</expandgroups><noofusableresourcesreqvarid /></activityinfo><categoryid>A08C5B14E0A64A3DB33CE9AB312D2D18</categoryid><poolid>0</poolid><activityruntimesettings>0</activityruntimesettings><activityragamberthreshold>0</activityragamberthreshold><activityragredthreshold>0</activityragredthreshold><activityragblackthreshold>0</activityragblackthreshold><activityragpurplethreshold>0</activityragpurplethreshold><form /><xmldata /><dataaccess /><getresourceinfo /><jobvariableinfo /><baminfo /><bpescalations /><preconditionslist /><preconditiontext></preconditiontext><startmethod></startmethod><classnamespace></classnamespace><resetlimit>-1</resetlimit><activitytimedoutaction>0</activitytimedoutaction><suspendreasontext></suspendreasontext><suspendreasonvarid></suspendreasonvarid></activitydata></node></nodelist><documentprocessrulecollection /></processmap></processmaps>