<?xml version="1.0" encoding="utf-16"?>
<ArrayOfDocumentConversionProfile xmlns:xsd="http://www.w3.org/2001/XMLSchema" xmlns:xsi="http://www.w3.org/2001/XMLSchema-instance">
  <DocumentConversionProfile>
    <Identity>
      <Id>217E9F3715138292FFEADA8F627D63D3</Id>
      <Name>TIFF Conversion</Name>
    </Identity>
    <Description />
    <SmoothFlags>0</SmoothFlags>
    <RenderFlags>0</RenderFlags>
    <EnableZipExtraction>false</EnableZipExtraction>
    <EnablePortfolioPdf>false</EnablePortfolioPdf>
    <ExtractMSOfficeDocuments>false</ExtractMSOfficeDocuments>
    <CompressionQuality>100</CompressionQuality>
    <ConversionTimeout>600</ConversionTimeout>
    <ConvertTo>2</ConvertTo>
    <ScaleTo>NoScaling</ScaleTo>
    <ImageResolution>300</ImageResolution>
    <ImageCoding>3</ImageCoding>
    <UseAdobeLifecycle>false</UseAdobeLifecycle>
    <ConcatenatePdfs>false</ConcatenatePdfs>
    <NormalizeToPdfa>false</NormalizeToPdfa>
    <PageSize>Disabled</PageSize>
    <PageOrientation>Default</PageOrientation>
    <XmlRenderingXSLT />
    <AllowedFileExtensions />
    <AllowedFileSize>0</AllowedFileSize>
    <AllowedOperatorType>GreaterThan</AllowedOperatorType>
    <SkippedFileExtensions />
    <SkippedFileSize>0</SkippedFileSize>
    <SkippedOperatorType>GreaterThan</SkippedOperatorType>
    <OutputPdfAFormat>Pdf</OutputPdfAFormat>
    <EmbedSourceFile>false</EmbedSourceFile>
    <KFXConverterSettings />
    <ExtractEmlAndMsg>false</ExtractEmlAndMsg>
    <OutputPdfForCapture>false</OutputPdfForCapture>
    <PreserveOriginalSource>false</PreserveOriginalSource>
    <SkipConversionFiles />
    <AllowConversionFiles />
    <EmailBodyExtractionType>ExcludeMessageHeader</EmailBodyExtractionType>
  </DocumentConversionProfile>
</ArrayOfDocumentConversionProfile>